INSERT INTO `info_block` (`id`, `title`, `snippet`, `keywords`, `header`, `description`, `content`, `date_update`) VALUES
(1, 'Шампуни для собак', 'Самые лучшие шампуни для собак доступны для вас сегодня!', '', 'Шампуни для собак', '', '<h2>Шампуни для собак от экспертов</h2>\r\n<p>А вы знаете самый простой способ проверить, как хорошо вы заботитесь о своем питомце? Если у него имеется собственный шампунь для собак, значит, вы можете быть спокойны.</p>\r\n<p>Почему важно купить шампунь для собак? Шампуни для людей собакам не подходят. Но даже специальные средства плохого качества могут вызвать зуд, дерматит, аллергию и выпадение шерсти. </p>\r\n<p>ВНИМАНИЕ! В практике ветеринарных врачей есть случаи, когда от плохих шампуней страдали почки животных, возникали отравления и болезни глаз. А питомцам требовался не только лечебный шампунь для собак, но и серьезное лечение.</p>\r\n<h3>Профессиональное средство экономит ваши нервы, время и деньги!</h3>\r\n<p>Хороший шампунь для собак - предмет необходимости для каждого животного и гарантия его безопасности.  Иногда качество такого средства намного лучше, чем у рядовых «человеческих» шампуней. Именно этим особенно гордится американский бренд Isle Of Dogs. Купить шампунь для собак этой марки вы можете в нашем магазине!</p>\r\n<h3>Шампуни Isle Of Dogs: с заботой о самом важном</h3>\r\n<p>Компания разработала несколько серий шампуней на каждый день. Серия «кутюр» – гордость бренда. Масло вечерней примулы, входящее в его рецептуру, согласно клиническим исследованиям, активизирует структурные изменения кожи и отлично борется с сухостью. У нас вы можете выбрать лечебный шампунь для собак, подходящий шампунь для ухода из профессиональных салонных средств или обеспечить недорогой уход шампунями из эконом-линейки.</p>\r\n\r\n<h4>Isle Of Dogs – уверенный выбор заводчиков во всем мире. И вот почему:</h4>\r\n<ul>\r\n<li>Продукция соответствует всем международным требованиям премиум-класса.</li>\r\n<li>Средства создаются по специальной активной формуле из натуральных компонентов и не содержат парабенов и красителей.</li>\r\n<li>Каждый шампунь для собак соответствует рН кожи животного, на 100% выполняет свои задачи и не раздражает слизистую оболочку глаз (похожий по свойствам – шампунь «Доктор» для собак).</li>\r\n<li>Большая линейка восполняет все потребности разборчивых владельцев собак.</li>\r\n<li>Не секрет что, победители крупных выставок зачастую пользуются средствами именно этой марки.</li>\r\n<li>Начисто вымытый и опрятный питомец станет поводом для вашей гордости!</li>\r\n</ul>\r\n<p>Согласно проведенным опросам, грумеры готовы рекомендовать данную продукцию для любой породы собак.</p>\r\n<h3>Мы гарантируем: бренд на 100% оправдывает ожидания потребителей</h3>\r\n<p>Убедитесь в этом сами! Прочитайте <a href="http://www.isleofdogs.ru/review">отзывы</a> о шампунях.</p>\r\n<h4>Все еще сомневаетесь?</h4>\r\n<p>Попробуйте бесплатно! Мы даем возможность протестировать шампуни всем желающим!\r\nВ нашем магазине вы можете абсолютно бесплатно взять шампунь для собак серии «кутюр» в пробниках-комплектах «шампунь для собак +кондиционер».\r\n</p>\r\n<h3>Найдите для питомца подходящий шампунь</h3>\r\n<p>Как купить шампунь для собак?</p>\r\n<p>Покупая шампунь для собак Isle Of Dogs, выбирайте по типу шерсти и желаемому действию. Мы поможем вам сделать правильный выбор!</p>\r\n<h4>Лечебные шампуни</h4>\r\n<p>Сухость и шелушение: Шампуни с лечебным действием из серии «кутюр» <a href="http://www.isleofdogs.ru/product1">№10</a> и <a href="http://www.isleofdogs.ru/product2">№12</a>  помогут вашему любимцу забыть о сухой и шелушащейся коже. Каждый из них – шампунь-доктор для собак, которые страдают от нехватки влаги в кожных покровах.<br>\r\nОт блох и клещей: <a href="http://www.isleofdogs.ru/product567">Шампунь от блох и клещей.</a> Настоящий спасатель – лечебный шампунь для собак от неприятных «гостей». \r\n</p>\r\n<h4>Оттеночные шампуни</h4>\r\n<div style="text-align:center;"><img src="http://www.isleofdogs.ru/pic/16_17_18.jpg" alt="шампунь для собак"></div>\r\n<p>Вы прикладываете много сил, чтобы ухаживать за яркой шерсткой питомца? Isle Of Dogs все сделает за вас!  Оттеночный шампунь для собак с оптическим эффектом освежит и подчеркнет природную красоту шерсти вашей собаки. Вам осталось только выбрать шампунь для собак из линейки «кутюр»:<br>\r\n<a href="http://www.isleofdogs.ru/product3">Шампунь № 16</a> Для Белой Шерсти<br>\r\n<a href="http://www.isleofdogs.ru/product4">Шампунь № 17</a> Для Медной Шерсти и коричневой шерсти всех оттенков<br>\r\n<a href="http://www.isleofdogs.ru/product5">Шампунь № 18</a> Для Черной Шерсти и всех темных расцветок\r\n</p>\r\n<h3>Очищающие шампуни</h3>\r\n<p>Такой чистой шерсть вашего питомца не была еще никогда!</p>\r\n<p> \r\nДля всех пород: шампунь «<a href="http://www.isleofdogs.ru/product33">CLEAN COATING</a>». Нежно действует, глубоко очищает, устраняет запах, помогает купать собаку реже.<br>\r\n</p><p>Для глубокой очистки: <a href="http://www.isleofdogs.ru/product559">Шампунь Глубокой Очистки</a>. Подойдет любой собаке.</p>\r\n<p>Для профессионального глубоко очищения: шампунь «<a href="http://www.isleofdogs.ru/product26">Stay Clean</a>» (салонная косметика). Супер-эффективное средство из линейки салонной косметики, мягкая и глубокая очистка.</p>\r\n<p>Для профессионального и нежного ухода: <a href="http://www.isleofdogs.ru/product33">Sit Still</a> (салонная косметика). Делает шерстку мягкой и гладкой, увлажняет ее и укрепляет. (В отличие от него, к примеру, шампунь «Доктор» для собак имеет только гигиенический эффект).</p>\r\n<p>Без смывания: Освежающий <a href="http://www.isleofdogs.ru/product568">Шампунь Без Смывания</a>. Теперь вы можете отлично вымыть собаку без воды и мыла.</p>\r\n<h3>Ухаживающие + очищающие шампуни</h3>\r\n<p>Такой чистой шерсть вашего питомца не была еще никогда!</p>\r\n<p>Для блеска: <a href="http://www.isleofdogs.ru/product8">Шампунь Для Блеска</a>. Лучший шампунь, пригодный для spa-процедур. Нет – безжизненной и тусклой шерсти!</p>\r\n<p>Для объема и текстуры: <a href="http://www.isleofdogs.ru/product6">Шампунь №20</a> Королевское желе (серия «кутюр»), шампунь «<a href="http://www.isleofdogs.ru/product34">LUSH COATING</a>» и шампунь «<a href="http://www.isleofdogs.ru/product25">Stand Up</a>» (салонная косметика). Если вам необходимо купить шампунь для собак, которым важно сохранить текстуру и объем, эти средства подойдут идеально.</p>\r\n<p>Для укрепления, блеска и увлажнения: шампунь «<a href="http://www.isleofdogs.ru/product35">SILKY COATING</a>» и шампунь «<a href="http://www.isleofdogs.ru/product562">Силки Аутмил</a>». Ваши помощники по уходу за собаками, которым важно питать и увлажнять шерсть.</p>\r\n<p>Для объема и пышности: шампунь «<a href="http://www.isleofdogs.ru/product560">Кератин Вольюмайзинг</a>». Деликатное средство на основе кератина подойдет для каждой собаки, которой важно сохранить объем шерсти.</p>\r\n<p>Для ухода за жесткой шерстью: <a href="http://www.isleofdogs.ru/product7">Шампунь № 33</a>. Средство великолепно увлажнит волосяной покров, не смягчая текстуру. Удачный выбор, если вам нужно купить шампунь для собак с грубой шерстью.</p>\r\n<p>Для щенков и собак с чувствительной кожей: шампунь «<a href="http://www.isleofdogs.ru/product564">Без Слез</a>» для щенков. Настоящее спасение, когда надо искупать «с головой» щенка или вымыть собаку с чувствительной кожей.</p>\r\n<p>Вы также можете подобрать шампунь для собак <nobr>по <a href="http://www.isleofdogs.ru/breed">породам</a>.</nobr></p>\r\n<h3>Результаты применения</h3>\r\n<p>Даже однократное использование шампуней Isle Of Dogs поможет вашему питомцу выглядеть опрятнее. Через 14 дней кожа собаки станет здоровой, а шерсть – шелковистой, ухоженной и сияющей.</p>\r\n<p>Большинство шампуней – концентраты и используются экономно. Кроме того, чем лучше шампунь для собак, тем реже вы будете его купать.  Бренд Isle Of Dogs – это качество премиум класса. Именно поэтому:</p>\r\n<h3>Вы покупаете шампуни по выгодной цене</h3>\r\n<p>Согласно исследованиям рынка, шампуни для собак <nobr>Isle Of Dogs – оптимальное решение</nobr> по соотношению цены и качества.</p>\r\n<h4>Подумайте о вашем питомце сегодня,\r\nчтобы завтра он был здоровым и красивым!</h4>\r\n</div>', '2016-08-11 14:00:27'),
(2, 'Кондиционеры для собак', 'Самые лучшие шампуни для собак доступны для вас сегодня!', '', 'Кондиционеры для собак', '', '', '2016-08-11 14:05:29'),
(3, 'Косметика для йоркширских терьеров, шампунь для йорков, уход за шерстью йорка', 'Мы предлагаем разнообразные шампуни для йоркширских терьеров. Помимо шампуней, косметика для йоркширских терьеров включает в себя кондиционеры, различные спреи для расчесывания и средства для укладки.', 'шампунь для йоркширских терьеров, шампунь для йорков, уход за шерстью йорка, уход за шерстью йоркширского терьера, каким шампунем мыть йорка, купить шампунь для йорка, шампунь для щенка йорка, космети', 'Йорк', '', '<h1>Косметика для йоркширских терьеров</h1>\r\n<h2>Шампунь для йорков</h2>\r\n<p>Купание йорка - это обязательная часть ухода за шерстью, поэтому от выбора правильного шампуня зависит красота питомца. Мы предлагаем разнообразные шампуни для йоркширских терьеров. Каждый владелец сможет подобрать идеальный вариант для своей собаки. Если Вы купили щенка йоркширского терьера, то обязательно купите для него шампунь для щенка йорка №10 с маслом вечерней примулы. Вы сможете разводить шампунь с водой, что позволит экономно его расходовать. Этот шампунь также идеально подойдет для купания взрослого йоркширского терьера.</p>\r\n<h3>Каким шампунем мыть йорка</h3>\r\n<p>На данной странице представлены разнообразные шампуни для йоркширских терьеров. Самый оптимальный вариант для Вашего любимца - это шампунь «№10 масло вечерней примулы». Он содержит 1% масла вечерней примулы, мягко ухаживает за шерстью, может разводиться с водой и приятно пахнет. Если у йорка сухая шерсть, то мы можем предложить на этот случай шампунь №12. Этот шампунь содержит в три раза больше масла вечерней примулы, отлично увлажняет шерсть, при этом не замасливая ее. Для самых требовательных клиентов мы предлагаем шампунь для блеска, который содержит успокаивающие эфирные масла, итальянский бергамот, экстракт пшеницы и масло Жожоба. Шампунь для блеска был разработан на основе профессиональной косметики для людей. Для заводчиков и питомников мы предлагаем салонные шампуни для йоркширских терьеров, которые должны обязательно быть разбавлены минимум 1/20 с водой, при этом они очень хорошо очищают шерсть. Для тех, кто не готов тратить большие деньги на шампунь для йорка, но при этом хочет получить хороший продукт мы рекомендуем шампунь Silky Coating, который был специально разработан для собак с ниспадающей шерстью, таких как йоркширские терьеры. Теперь Вы точно сможете ответить на вопрос:«Каким шампунем мыть йорка?».</p>\r\n<h4>Профессиональная косметика для йорков</h4>\r\n<p>Помимо шампуней, косметика для йоркширских терьеров включает в себя кондиционеры, различные спреи для расчесывания и средства для укладки. Если Вы хотите дополнительно питать шерсть между купаниями, то воспользуйтесь спреем №62 с маслом вечерней примулы. Благодаря маслу вечерней примулы данный спрей будет питать волос Вашей собаки. Если, после ношения комбинезона, у Вашего йорка электризуется шерсть, то у нас есть отличный восстанавливающий спрей кондиционер, который призван бороться со статическим электричеством. Трудно распутать колтуны? На этот случай у нас имеется специальный анти-колтун спрей №63, который поможет вам распутать даже сложные колтуны. Для того, чтобы правильно подобрать косметику для йорка свяжитесь с нами.</p>\r\n<h4>Уход за шерстью йоркширского терьера</h4>\r\n<p>Важно понимать, что приобретая собаку, Вы будете обязаны ухаживать за ней. Подумайте о йорке, как о ребенке, - вы купаете ребенка, расчесываете ему волосы и одеваете в чистую одежду. Окончательный результат этого процесса - это ухоженный ребенок. Так же стоит поступать и с йоркширским терьером - мойте и причесывайте его, и для вас будет наслаждением находиться с ним в одной компании. Владельцы йорков должны помнить о том, что имеют дело с длинношерстной породой собак, расчесывать которую необходимо по крайней мере 3 раза в неделю. Не забывайте, что Вы выбрали йорка благодаря его красивой ниспадающей шерсти и внешнему виду. Для одних владельцев уход за шерстью йорка - это ежедневная работа, для других удовольствие, главное необходимо помнить о том, что если не заниматься собакой длительное время, то шерсть покроется колтунами и грязью.</p>', '2016-08-15 14:02:50'),
(4, '', '', '', 'Серия «Salon Elements»', 'Профессиональная серия для салонов и крупных питомников была разработана известным мастером ухода за собаками, который создал ее специально для профессионалов по уходу за собаками и стилистов, чьи стандарты равны стандартам владельцев чемпионов, конкурирующих собак и судей. В состав данных средств входят улучшающие ингредиенты, скомпонованные в отлично функционирующие формулы, и смешанные на элементарном уровне. Продукция серии  создана для работы с любым типом шерсти, поддерживает ее красоту и здоровье.', '', '2016-08-12 10:22:26'),
(5, '', '', '', 'Серия «Vanity»', 'Представляем серию «Vanity»  от Isle of Dogs, коллекцию профессиональной продукции для укладки, вдохновленной поиском физического совершенства. Созданная по высоким требованиям укладки шерсти и ухода за выставочными собаками, Серия «Vanity» как поддерживает здоровье шерсти, так и делает ее более послушной, предоставляя вам полный контроль над внешним видом и общим состоянием. Смешивание и сочетание этой продукции поможет вам создавать невероятно разнообразные стили, ограниченные только лишь вашей фантазией и мастерством.', '', '2016-08-12 11:43:20'),
(6, '', '', '', 'Серия «Coature»', 'Используя некоторые из лучших ингредиентов, наша серия «Кутюр» былы специально разработана для шерсти собак. Мы уверены, что красота и здоровье вашей собаки, безусловно, взаимосвязаны. Именно поэтому мы создали трехшаговую (шампунь, кондиционер, спрей для расчесывания) еженедельную систему по уходу, которая укрепляет здоровье кожи и делает шерсть послушной. Мойте, ополаскивайте и расчесывайте собаку раз в неделю, и она будет просто сиять здоровьем и красотой! Пригодно для домашнего и профессионального использования. Предлагайте все три средства специалисту всякий раз, когда приходите в салон, чтобы помыть собаку.', '', '2016-08-12 11:39:50'),
(7, '', '', '', 'Серия «Naturaluxury Everyday»', 'Данная коллекция шампуней и кондиционеров была специально создана на основе формулы без сульфатов и парабенов. Высококачественные ингредиенты и современные отдушки придадут сенсационные ощущения шерсти вашей собаки.', '', '2016-08-12 12:05:22'),
(8, '', '', '', 'Серия «Everyday»', 'Серия «Everyday» - это готовая к использованию, профессиональная коллекция салонных средств высокого качества. Ингридиенты, входящие в состав, сделают шерсть чистой, здоровой и блестящей. "Родители" собаки будут в восторге от достижения результатов посещения салона красоты для собак в своей собственной ванной.', '', '2016-08-12 11:55:00'),
(9, '', '', '', 'Выпадение шерсти', '', '', '2016-08-11 17:46:59'),
(10, '', '', '', 'Порода для йорка', '', '', '2016-08-15 13:33:54'),
(11, '', '', '', 'Зудящая, шелушащаяся кожа', '', '', '2016-08-15 18:57:49'),
(12, '', '', '', 'Нежелательный запах', '', '', '2016-08-15 19:03:00'),
(13, '', '', '', 'Аллергии', '', '', '2016-08-16 11:57:56')
  ON DUPLICATE KEY UPDATE
  `title` = VALUES(title),
  `snippet` = VALUES(snippet),
  `keywords` = VALUES(keywords),
  `header` = VALUES(header),
  `description` = VALUES(description),
  `content` = VALUES(content);

INSERT INTO `solution` (`id`, `info_block`, `title`, `slug`, `img_path`) VALUES
(1, 9, 'Выпадение шерсти', 'shedding', ''),
(2, 11, 'Зудящая и шелушащаяся кожа', 'itchy-flaky-skin', ''),
(3, 12, 'Нежелательный запах', 'undesirable-odor', ''),
(4, 13, 'Аллергии', 'allergies', ''),
(5, NULL, 'Тонкая, безжизненная шерсть', 'thin-lifeless-hair', ''),
(6, NULL, 'Тусклая шерсть', 'dull-coat', ''),
(7, NULL, 'Наэлектризованная, непослушная шерсть', 'static-flyaways', '')
  ON DUPLICATE KEY UPDATE
  `info_block` = VALUES(info_block),
  `title` = VALUES(title),
  `slug` = VALUES(slug),
  `img_path` = VALUES(img_path);


INSERT INTO `breed` (`id`, `slug`, `eng_title`, `rus_title`, `file_name`, `info_block`) VALUES
(1, 'affenpinscher', 'Affenpinscher', 'Аффен-пинчер', 'affenpinscher.jpg', NULL),
(2, 'afghan-hound', 'Afghan Hound', 'Афганская Борзая ', 'afghan-hound.jpg', NULL),
(3, 'airedale-terrier', 'Airedale Terrier', 'Эрдель Терьер', 'airedale-terrier.jpg', NULL),
(4, 'akita', 'Akita', 'Акита', 'akita.jpg', NULL),
(5, 'alaskan-malamute', 'Alaskan Malamute', 'Аляскинский Маламут', 'alaskan-malamute.jpg', NULL),
(6, 'american-eskimo', 'American Eskimo', 'Американский Эскимо (Эски)', 'american-eskimo.jpg', NULL),
(7, 'american-foxhound', 'American Foxhound', 'Американский Фоксхаунд', 'american-foxhound.jpg', NULL),
(8, 'american-staffordshire-terrier', 'American Staffordshire Terrier', 'Американский стаффордширский терьер', 'american-staffordshire-terrier.jpg', NULL),
(9, 'american-water-spaniel', 'American Water Spaniel', 'Американский водяной спаниель', 'american-water-spaniel.jpg', NULL),
(10, 'anatolian-shepherd', 'Anatolian Shepherd', 'Анатолийская овчарка', 'anatolian-shepherd.jpg', NULL),
(11, 'australian-cattle-dog', 'Australian Cattle Dog', 'Aвстралийская пастушья собака', 'australian-cattle-dog.jpg', NULL),
(12, 'australian-shepherd', 'Australian Shepherd', 'Австралийская овчарка', 'australian-shepherd.jpg', NULL),
(13, 'australian-terrier', 'Australian Terrier', 'Австралийский терьер', 'australian-terrier.jpg', NULL),
(14, 'basenji', 'Basenji', 'Бассенджи', 'basenji.jpg', NULL),
(15, 'basset-hound', 'Basset Hound', 'Бассет Хаунд', 'basset-hound.jpg', NULL),
(16, 'beagle', 'Beagle', 'Бигль', 'beagle.jpg', NULL),
(17, 'bearded-collie', 'Bearded Collie', 'Бородатый колли', 'bearded-collie.jpg', NULL),
(18, 'bedlington-terrier', 'Bedlington Terrier', 'Бедлингтон-терьер', 'bedlington-terrier.jpg', NULL),
(19, 'belgian-laekenois', 'Belgian Laekenois', 'Лакенуа (Бельгийская овчарка)', NULL, NULL),
(20, 'belgian-malinois', 'Belgian Malinois', 'Бельгийский Малинуа', 'belgian-malinois.jpg', NULL),
(21, 'belgian-sheepdog', 'Belgian Sheepdog', 'Бельгийская овчарка', 'belgian-sheepdog.jpg', NULL),
(22, 'belgian-tervuren', 'Belgian Tervuren', 'Тервюрен (бельгийская овчарка)', 'belgian-tervuren.jpg', NULL),
(23, 'bernese-mountain-dog', 'Bernese Mountain Dog', 'Бернский Зенненхунд', 'bernese-mountain-dog.jpg', NULL),
(24, 'bichon-frise', 'Bichon Frise', 'Бишон-фризе', 'bichon-frise.jpg', NULL),
(25, 'black-and-tan-coonhound', 'Black and Tan Coonhound', 'Черно-подпалый кунхаунд', 'black-and-tan-coonhound.jpg', NULL),
(26, 'black-russian-terrier', 'Black Russian Terrier', 'Русский черный терьер', 'black-russian-terrier.jpg', NULL),
(27, 'bloodhound', 'Bloodhound', 'Бладхаунд', 'bloodhound.jpg', NULL),
(28, 'border-collie', 'Border Collie', 'Бордер Колли', 'border-collie.jpg', NULL),
(29, 'border-terrier', 'Border Terrier', 'Бордер Терьер ', 'border-terrier.jpg', NULL),
(30, 'borzoi', 'Borzoi', 'Русская Псовая Борзая', 'borzoi.jpg', NULL),
(31, 'boston-terrier', 'Boston Terrier', 'Бостон Терьер', 'boston-terrier.jpg', NULL),
(32, 'bouvier-des-flandres', 'Bouvier des Flandres', 'Фландрский бувье', 'bouvier-des-flandres.jpg', NULL),
(33, 'boxer', 'Boxer', 'Боксер', 'boxer.jpg', NULL),
(34, 'briard', 'Briard', 'Бриар', 'briard.jpg', NULL),
(35, 'brittany', 'Brittany', 'Бретонский эпаньоль', 'brittany.jpg', NULL),
(36, 'brussels-griffon-smooth-coat', 'Brussels Griffon Smooth Coat', 'Брюссельский гриффон гладкошерстный', NULL, NULL),
(37, 'brussels-griffon-wire-coat', 'Brussels Griffon Wire Coat', 'Брюссельский гриффон(брабантский)ж/ш', 'brussels-griffon-wire-coat.jpg', NULL),
(38, 'bulldog', 'Bulldog', 'Бульдог', 'bulldog.jpg', NULL),
(39, 'bullmastiff', 'Bullmastiff', 'Бульмастиф', 'bullmastiff.jpg', NULL),
(40, 'bull-terrier-coloured', 'Bull Terrier Coloured', 'Бультерьер цветной', NULL, NULL),
(41, 'bull-terrier-white', 'Bull Terrier White', 'Бультерьер белый', 'bull-terrier-white.jpg', NULL),
(42, 'cairn-terrier', 'Cairn Terrier', 'Кёрн-терьер', 'cairn-terrier.jpg', NULL),
(43, 'canaan-dog', 'Canaan Dog', 'Ханаанская собака', 'canaan-dog.jpg', NULL),
(44, 'cardigan-welsh-corgie', 'Cardigan Welsh Corgie', 'Вельш Корги Кардиган', 'cardigan-welsh-corgie.jpg', NULL),
(45, 'cavalier-king-charles-spaniel', 'Cavalier King Charles Spaniel', 'Кавалер кинг чарльз спаниель', 'cavalier-king-charles-spaniel.jpg', NULL),
(46, 'chesapeake-bay-retriever', 'Chesapeake Bay Retriever', 'Чесапик-Бей-Ретривер', 'chesapeake-bay-retriever.jpg', NULL),
(47, 'chihuahua---long-coat', 'Chihuahua - Long Coat', 'Чихуахуа длинношерстный', NULL, NULL),
(48, 'chihuahua---short-haired', 'Chihuahua - Short Haired', 'Чихуахуа короткоошерстный', NULL, NULL),
(49, 'chinese-crested-hairless', 'Chinese Crested-Hairless', 'Китайская хохлатая собака', NULL, NULL),
(50, 'chinese-crested-powderpuff', 'Chinese Crested-Powderpuff', 'Китайская хохлатая собака (Пуховка)', NULL, NULL),
(51, 'chinese-shar-pei', 'Chinese Shar-Pei', 'Шар-пей', 'chinese-shar-pei.jpg', NULL),
(52, 'chow-chow', 'Chow Chow', 'Чау-Чау', 'chow-chow.jpg', NULL),
(53, 'clumber-spaniel', 'Clumber Spaniel', 'Кламбер-Спаниель', 'clumber-spaniel.jpg', NULL),
(54, 'cocker-spaniel', 'Cocker Spaniel', 'Кокер Спаниель', 'cocker-spaniel.jpg', NULL),
(55, 'collie-rough', 'Collie Rough', 'Колли Длиношерстный', 'collie-rough.jpg', NULL),
(56, 'collie-smooth', 'Collie Smooth', 'Колли Гладкошерстный', 'collie-smooth.jpg', NULL),
(58, 'coton-du-tulear', 'Coton du Tulear', 'Котон Де Тулеар', NULL, NULL),
(59, 'curly-coated-retriever', 'Curly Coated Retriever', 'Курчавошерстный Ретривер', 'curly-coated-retriever.jpg', NULL),
(60, 'dachshund---long-coat', 'Dachshund - Long Coat', 'Такса Длинношерстная', NULL, NULL),
(61, 'dachshund---smooth-coat', 'Dachshund - Smooth Coat', 'Такса Гладкошерстная', NULL, NULL),
(62, 'dachshund---wire-coat', 'Dachshund - Wire Coat', 'Такса Жетскошерстная', NULL, NULL),
(63, 'dalmatian', 'Dalmatian', 'Далматин', 'dalmatian.jpg', NULL),
(64, 'dandie-dinmont-terrier', 'Dandie Dinmont Terrier', 'Денди-Даймонт-Терьер', 'dandie-dinmont-terrier.jpg', NULL),
(65, 'doberman-pinscher', 'Doberman Pinscher', 'Доберман-пинчер', 'doberman-pinscher.jpg', NULL),
(66, 'english-cocker-spaniel', 'English Cocker Spaniel', 'Английский Кокер Спаниель', 'english-cocker-spaniel.jpg', NULL),
(67, 'english-fox-hound', 'English Fox Hound', 'Английский Фоксхаунд', 'english-fox-hound.jpg', NULL),
(68, 'english-setter', 'English Setter', 'Английский сеттер', 'english-setter.jpg', NULL),
(69, 'english-springer-spaniel', 'English Springer Spaniel', 'Английский Спрингер-Спаниель', 'english-springer-spaniel.jpg', NULL),
(70, 'english-toy-spaniel', 'English Toy Spaniel', 'Английский той-спаниель', 'english-toy-spaniel.jpg', NULL),
(71, 'field-spaniel', 'Field Spaniel', 'Филд-спаниель', 'field-spaniel.jpg', NULL),
(72, 'finnish-spitz', 'Finnish Spitz', 'Финский шпиц', 'finnish-spitz.jpg', NULL),
(73, 'flat-coated-retriever', 'Flat-Coated Retriever', 'Прямошерстный ретривер', 'flat-coated-retriever.jpg', NULL),
(74, 'german-pinscher', 'German Pinscher', 'Немецкий пинчер', 'german-pinscher.jpg', NULL),
(75, 'german-shepherd', 'German Shepherd', 'Немецкая овчарка', 'german-shepherd.jpg', NULL),
(76, 'german-shorthaired-pointer', 'German Shorthaired Pointer', 'Курцхаар', 'german-shorthaired-pointer.jpg', NULL),
(77, 'german-wirehaired-pointer', 'German Wirehaired Pointer', 'Дратхаар/Немецкая жескошерстная легавая', 'german-wirehaired-pointer.jpg', NULL),
(78, 'giant-schnauzer', 'Giant Schnauzer', 'Ризеншнауцер', 'giant-schnauzer.jpg', NULL),
(79, 'glen-of-imaal-terrier', 'Glen of Imaal Terrier', 'Глен оф имаал терьер', NULL, NULL),
(80, 'golden-retriever', 'Golden Retriever', 'Золотистый ретривер', 'golden-retriever.jpg', NULL),
(81, 'gordon-setter', 'Gordon Setter', 'Сеттер-гордон', 'gordon-setter.jpg', NULL),
(82, 'great-dane', 'Great Dane', 'Немецкий дог', 'great-dane.jpg', NULL),
(83, 'great-pyrenees', 'Great Pyrenees', 'Большая пиренейская собака', 'great-pyrenees.jpg', NULL),
(84, 'greater-swiss-mountain-dog', 'Greater Swiss Mountain Dog', 'Большая швецарская овчарка', 'greater-swiss-mountain-dog.jpg', NULL),
(85, 'greyhound', 'Greyhound', 'Грейхаунд', 'greyhound.jpg', NULL),
(86, 'harrier', 'Harrier', 'Харьер', 'harrier.jpg', NULL),
(87, 'havanese', 'Havanese', 'Хаванезе', 'havanese.jpg', NULL),
(88, 'ibizan-hound', 'Ibizan Hound', 'Ибисская собака/Поденко Ибеценко', 'ibizan-hound.jpg', NULL),
(89, 'irish-setter', 'Irish Setter', 'Ирландский сеттер', 'irish-setter.jpg', NULL),
(90, 'irish-terrier', 'Irish Terrier', 'Ирландский терьер', 'irish-terrier.jpg', NULL),
(91, 'irish-water-spaniel', 'Irish Water Spaniel', 'Ирландский водяной спаниель', 'irish-water-spaniel.jpg', NULL),
(92, 'irish-wolfhound', 'Irish Wolfhound', 'Ирландский волкодав', 'irish-wolfhound.jpg', NULL),
(93, 'italian-greyhound', 'Italian Greyhound', 'Малая итальянская борзая/Левретка', 'italian-greyhound.jpg', NULL),
(94, 'japanese-chin', 'Japanese Chin', 'Японский хин', 'japanese-chin.jpg', NULL),
(95, 'keeshond', 'Keeshond', 'Кеесхонд/Вольф-шпиц', 'keeshond.jpg', NULL),
(96, 'kerry-blue-terrier', 'Kerry Blue Terrier', 'Керри Блю Терьер', 'kerry-blue-terrier.jpg', NULL),
(97, 'komondor', 'Komondor', 'Коммондор', 'komondor.jpg', NULL),
(98, 'kuvasz', 'Kuvasz', 'Кувас', 'kuvasz.jpg', NULL),
(99, 'labrador-retriever', 'Labrador Retriever', 'Лабрадор Ретривер', 'labrador-retriever.jpg', NULL),
(100, 'lakeland-terrier', 'Lakeland Terrier', 'Лайкленд терьер', 'lakeland-terrier.jpg', NULL),
(101, 'lhasa-apso', 'Lhasa Apso', 'Лхаса Апсо', 'lhasa-apso.jpg', NULL),
(102, 'maltese', 'Maltese', 'Мальтезе', 'maltese.jpg', NULL),
(103, 'manchester-terrier', 'Manchester Terrier', 'Манчестерский терьер', 'manchester-terrier.jpg', NULL),
(104, 'mastiff', 'Mastiff', 'Мастиф', 'mastiff.jpg', NULL),
(105, 'miniature-bull-terrier', 'Miniature Bull Terrier', 'Миниаюрный бультерьер', 'miniature-bull-terrier.jpg', NULL),
(106, 'miniature-pinscher', 'Miniature Pinscher', 'Цвергпинчер', 'miniature-pinscher.jpg', NULL),
(107, 'miniature-schnauzer', 'Miniature Schnauzer', 'Цвергшнауцер', 'miniature-schnauzer.jpg', NULL),
(108, 'neapolitan-mastiff', 'Neаpolitan Mastiff', 'Мастино Наполетано', NULL, NULL),
(109, 'newfoundland', 'Newfoundland', 'Ньюфаудленд', 'newfoundland.jpg', NULL),
(110, 'norfolk-terrier', 'Norfolk Terrier', 'Норфолк терьер', 'norfolk-terrier.jpg', NULL),
(111, 'norwegian-elkhound', 'Norwegian Elkhound', 'Норвежский элкхаунд', 'norwegian-elkhound.jpg', NULL),
(112, 'norwich-terrier', 'Norwich Terrier', 'Норвич терьер', 'norwich-terrier.jpg', NULL),
(113, 'nova-scotia-duck-tolling-retriever', 'Nova Scotia Duck Tolling Retriever', 'Новошотландский ретривер', 'nova-scotia-duck-tolling-retriever.jpg', NULL),
(114, 'old-english-sheepdog', 'Old English Sheepdog', 'Староанглийская овчарка\\ Бобтейл', 'old-english-sheepdog.jpg', NULL),
(115, 'otterhound', 'Otterhound', 'Оттерхаунд', 'otterhound.jpg', NULL),
(116, 'papillion', 'Papillion', 'Папийон (папильон)', 'papillion.jpg', NULL),
(117, 'parson-russell-terrier', 'Parson Russell Terrier', 'Парсон Рассел терьер', 'parson-russell-terrier.jpg', NULL),
(118, 'pekingese', 'Pekingese', 'Пекинес', 'pekingese.jpg', NULL),
(119, 'pembroke-welsh-corgie', 'Pembroke Welsh Corgie', 'Вельш Корги Пемброк', 'pembroke-welsh-corgie.jpg', NULL),
(120, 'petit-basset-griffon-vendeen', 'Petit Basset Griffon Vendeen', 'Малый бретонский(вандейский) бассет-гриффон', 'petit-basset-griffon-vendeen.jpg', NULL),
(121, 'pharoah-hound', 'Pharoah Hound', 'Фараонова собака', 'pharoah-hound.jpg', NULL),
(122, 'pit-bull-terrier', 'Pit Bull Terrier', 'Пит Бультерьер', 'pit-bull-terrier.jpg', NULL),
(123, 'plott-hound', 'Plott Hound', 'Плотт хаунд/Гончая плотта', 'plott-hound.jpg', NULL),
(124, 'pointer', 'Pointer', 'Поинтер', 'pointer.jpg', NULL),
(125, 'polish-lowland-sheepdog', 'Polish Lowland Sheepdog', 'Польская низинная собака', 'polish-lowland-sheepdog.jpg', NULL),
(126, 'pomeranian', 'Pomeranian', 'Померанский шпиц', 'pomeranian.jpg', NULL),
(127, 'poodle', 'Poodle', 'Пудель', 'poodle.jpg', NULL),
(128, 'portuguese-water-dog', 'Portuguese Water Dog', 'Португальская водяная собака', 'portuguese-water-dog.jpg', NULL),
(129, 'pug', 'Pug', 'Мопс', 'pug.jpg', NULL),
(130, 'puli', 'Puli', 'Пули', 'puli.jpg', NULL),
(131, 'rhodesian-ridgeback', 'Rhodesian Ridgeback', 'Родезийский риджбек', 'rhodesian-ridgeback.jpg', NULL),
(132, 'rottweiler', 'Rottweiler', 'Ротвейлер', 'rottweiler.jpg', NULL),
(133, 'saint-bernard', 'Saint Bernard', 'Сентбернар', 'saint-bernard.jpg', NULL),
(134, 'saluki', 'Saluki', 'Салюки', 'saluki.jpg', NULL),
(135, 'samoyed', 'Samoyed', 'Самоедская лайка/Самоед', 'samoyed.jpg', NULL),
(136, 'schipperke', 'Schipperke', 'Шипперке', 'schipperke.jpg', NULL),
(137, 'scottish-deerhound', 'Scottish Deerhound', 'Шотландский дирхаунд(Оленья борзая)', 'scottish-deerhound.jpg', NULL),
(138, 'scottish-terrier', 'Scottish Terrier', 'Скотч-терьер/Шотландский терьер', 'scottish-terrier.jpg', NULL),
(139, 'sealyham-terrier', 'Sealyham Terrier', 'Селихем терьер', 'sealyham-terrier.jpg', NULL),
(140, 'shetland-sheepdog', 'Shetland Sheepdog', 'Шелти', 'shetland-sheepdog.jpg', NULL),
(141, 'shiba-inu', 'Shiba Inu', 'Шиба Ину', 'shiba-inu.jpg', NULL),
(142, 'shih-tzu', 'Shih Tzu', 'Ши Тцу', 'shih-tzu.jpg', NULL),
(143, 'siberian-husky', 'Siberian Husky', 'Сибирский Хаски', 'siberian-husky.jpg', NULL),
(144, 'silky-terrier', 'Silky Terrier', 'Силки терьер', 'silky-terrier.jpg', NULL),
(145, 'skye-terrier', 'Skye Terrier', 'Скай Терьер', 'skye-terrier.jpg', NULL),
(146, 'smooth-fox-terrier', 'Smooth Fox Terrier', 'Гладкошерстный Фокс Терьер', 'smooth-fox-terrier.jpg', NULL),
(147, 'soft-coated-wheaten-terrier', 'Soft Coated Wheaten Terrier', 'Ирландский Мягкошерстный Пшеничный Терьер', 'soft-coated-wheaten-terrier.jpg', NULL),
(148, 'spinone-italiano', 'Spinone Italiano', 'Итальянский спиноне', 'spinone-italiano.jpg', NULL),
(149, 'staffordshire-bull-terrier', 'Staffordshire Bull Terrier', 'Стаффордширский бультерьер', 'staffordshire-bull-terrier.jpg', NULL),
(150, 'standard-schnauzer', 'Standard Schnauzer', 'Средний шнауцер', 'standard-schnauzer.jpg', NULL),
(151, 'sussex-spaniel', 'Sussex Spaniel', 'Суссекс спаниель', 'sussex-spaniel.jpg', NULL),
(152, 'tibetan-mastiff', 'Tibetan Mastiff', 'Тибетский мастиф', 'tibetan-mastiff.jpg', NULL),
(153, 'tibetan-spaniel', 'Tibetan Spaniel', 'Тибетский спаниель', 'tibetan-spaniel.jpg', NULL),
(154, 'tibetan-terrier', 'Tibetan Terrier', 'Тибетский терьер', 'tibetan-terrier.jpg', NULL),
(155, 'toy-fox-terrier', 'Toy Fox Terrier', 'Американский той фокс-терьер', 'toy-fox-terrier.jpg', NULL),
(156, 'vizsla', 'Vizsla', 'Венгерская выжла', 'vizsla.jpg', NULL),
(157, 'weimaraner', 'Weimaraner', 'Веймаранер', 'weimaraner.jpg', NULL),
(158, 'welsh-springer-spaniel', 'Welsh Springer Spaniel', 'Вельш-спрингер-спаниель', 'welsh-springer-spaniel.jpg', NULL),
(159, 'welsh-terrier', 'Welsh Terrier', 'Вельш терьер', 'welsh-terrier.jpg', NULL),
(160, 'west-highland-white-terrier', 'West Highland White Terrier', 'Вест хайленд уайт терьер', 'west-highland-white-terrier.jpg', NULL),
(161, 'whippet', 'Whippet', 'Уипет', 'whippet.jpg', NULL),
(162, 'wire-fox-terrier', 'Wire Fox Terrier', 'Жесткошерстный Фокс Терьер', 'wire-fox-terrier.jpg', NULL),
(163, 'wirehaired-pointing-griffon', 'Wirehaired Pointing Griffon', 'Жесткошерстный гриффон(грифон Кортальса)', 'wirehaired-pointing-griffon.jpg', NULL),
(164, 'yorkshire-terrier', 'Yorkshire Terrier', 'Йоркширский терьер', 'yorkshire-terrier.jpg', 3),
(165, 'cane-corso', 'Cane Corso', 'Кане Корсо', NULL, NULL),
(166, 'biewer', 'Biewer', 'Бивер', NULL, NULL),
(167, 'rusian-toy-dog---short-haired', 'Rusian Toy Dog - Short Haired', 'Той Терьер Гладкошерстный', NULL, NULL),
(168, 'rusian-toy-dog---long-coat', 'Rusian Toy Dog - Long Coat', 'Той Терьер Длинношерстный', NULL, NULL),
(169, 'chihuahuas', 'Chihuahua', 'Чихуахуа', NULL, NULL)
 ON DUPLICATE KEY UPDATE
  `slug` = VALUES(slug),
  `eng_title` = VALUES(eng_title),
  `rus_title` = VALUES(rus_title),
  `file_name` = VALUES(file_name),
  `info_block` = VALUES(info_block);

INSERT INTO `category` (`id`, `title`, `slug`, `info_block`, `img_path`) VALUES
(1, 'Шампуни', 'shampoo', 1, NULL),
(2, 'Кондиционеры', 'conditioners', 2, NULL),
(3, 'Спреи для грумминга', 'spray', NULL, NULL),
(4, 'Добавки для шерсти', 'supplements', NULL, NULL),
(5, 'Средства для укладки', 'styling', NULL, NULL),
(6, 'Дезодоранты', 'replascent', NULL, NULL)
 ON DUPLICATE KEY UPDATE
  `title` = VALUES(title),
  `slug` = VALUES(slug),
  `info_block` = VALUES(info_block),
  `img_path` = VALUES(img_path);

INSERT INTO `contact_form` (`id`, `email`, `name`, `phone`, `header`, `message`, `date_add`) VALUES
(10, 'dzigora80@mail.ru', 'Наталья', '+7 917 44 42 901', 'Сотрудничество', 'Добрый день! \r\n\r\nХочу узнать условия сотрудничества, цены?\r\n\r\n', '2016-11-03 07:40:52'),
(11, 'vorozhtsova.alena@mail.ru', 'Алена', '+79251196463', 'isle of dogs', 'Добрый день!\r\nСкажите, пожалуйста, есть ли у вас специальные условия/требования/цены при работе с питомниками?\r\nС уважением, Алена.', '2017-02-09 10:44:55'),
(12, 'ipatova2000@inbox.ru', 'Анна', '--', '-', 'Здравствуйте! могу ли я получить пробник шампуня? сколько это будет стоить?', '2017-02-23 00:36:24'),
(13, 'zoo-opt@mail.ru', 'Яна', '89222128297', 'Сотрудничество', 'Здравствуйте, интересуют оптовые поставки косметики в г.Екатеринбург. Условия работы. Спасибо.', '2017-03-06 23:06:24'),
(14, 'andrey191080@rambler.ru', 'Наталья', '+79113121555', 'сотрудничество', 'Добрый день! У меня питомник шпицев, мейн -кунов и зоомагазин. Хотела бы уточнить условия сотрудничества. Спасибо', '2017-03-15 10:34:39'),
(15, 'andrei.stepanischev@yandex.ru', 'Андрей Степанищев', '89037105695', 'Купить препараты', 'Как купить ?', '2017-03-15 12:52:58'),
(16, '1_9_8_0@mail.ru', 'Ольга', '89244030839', 'сотрудничество', 'Добрый день! являюсь заводчиком Бишонов (Фризе и Хаванез). Открываю фитнес и груминг салон, а так же интернет магазин. Жду Ваши условия для сотрудничества ', '2017-03-23 14:43:35'),
(17, 'muraveikin@mail.ru', 'Яна', '89222128297', 'Сотрудничество', 'Здравствуйте. Интересуют оптовые поставки косметики в город Екатеринбург. Пришлите, пожалуйста, условия. Спасибо!', '2017-04-18 23:02:34'),
(18, 'whiteshark1977@mail.ru', 'Юлия ', '+375297740037', 'косметика', 'Добрый день,  я владелец питомника американских акит. Очень хотелось бы ознакомится с прайс на продукцию. Заранее благодарна,  Юлия ', '2017-05-10 15:09:30'),
(19, 'lenakalashnikova@inbox.ru', 'Елена', '89167773063', 'Оптовые закупки', 'Здравствуйте, пришлите, пожалуйста, оптовые условия закупки и прайс-лист. У нас интернет-магазин товаров для собак. Москва', '2017-06-03 18:35:44'),
(20, 'pik120676@yandex.ru', 'Оксана', '89042954848', 'сотрудничество', 'Добрый день,у меня салон в г.Липецк ,хотелось бы получить оптовый прайс на сотрудничество', '2017-06-08 12:45:08'),
(21, 'lenakalashnikova@inbox.ru', 'Елена', '89167773063', 'Опт Москва', 'Здравствуйте! Я ИП г. Москва. Пришлите, пожалуйста, прайс и условия закупки. Спасибо!', '2017-06-09 21:51:40'),
(22, 'credo_experto@mail.ru', 'Ольга', '', 'Минск', 'Здравствуйте! Мы из Минска, у нас питомник йоркширских терьеров и мальтезе. Не могли бы вы выслать прайс для питомников. И возможна ли доставка косметики в Минск? С Уважением, Ольга', '2017-06-23 15:19:44'),
(23, 'klimovasvet@ucloid.com', 'Светлана', '89086550811', 'Средства по уходу за йориками', 'Как правильно выбрать средства для щенка, как заказать и способы доставки по России , цена', '2017-06-27 10:42:34'),
(24, 'dogshop@dcc-nn.ru', 'Беляев Вениамин', '+7(952)762-26-62', 'сотрудничество ', 'Здравствуйте. \r\n Я из Нижнего Новгорода. Интересуют условия сотрудничества с Вашей компанией, цены, минимальная партия заказа, ценовая и торговая политики. Цель сотрудничества - создание интернет-магазина профессиональной косметики для собак в Нижнем, который, на мой взгляд, не мыслим без ассортимента Вашей компании. \r\nЗаранее благодарю за ответ. ', '2017-07-02 17:15:17'),
(25, 'snezhangel@mail.ru', 'Анастасия', '+79093893112', 'представительство в Волгограде', 'Здравствуйте!\r\nМеня интересует вопрос сотрудничества. \r\nНасколько мне известно, на сегодняшний день в Волгограде нет представительства Isle Of Dog. Хотелось бы узнать как стать представителем, что для этого необходимо (нужно ли иметь какую-либо регистрацию ИП и пр).\r\nБуду благодарна за ответ.\r\nС уважением, Анастасия', '2017-07-05 14:15:58'),
(26, 'meker@list.ru', 'Наталия', '79161569956', 'косметика для котона', 'Добрый день , подскажите ежедневную и выставочную косметику для породы котон.', '2017-07-07 15:51:03'),
(27, 'dogshop@dcc-nn.ru', 'Вениамин, Юлия', '89527622662, 89101011854', 'Вопрос о сотрудничестве', 'Добрый день) мы из Нижнего Новгорода, открываем интернет магазин по продаже косметики для собак и кошек. Есть положительный опыт применения Вашей косметики. Хотелось бы узнать условия сотрудничества. Заранее большое спасибо)', '2017-07-10 10:02:13'),
(28, 'dogshop@dcc-nn.ru', 'Юлия', '89101011854', 'Сотрудничество', 'Добрый день) нам очень интересна Ваша продукция. На предыдущее сообщение Вы ответили, что пришлёте условия сотрудничества, но мы их, к сожалению, так и не получили. Очень ждём. Заранее спасибо.', '2017-07-17 07:46:24'),
(29, 'elme@mail.ru', 'Елена', '89630920528', 'Оптовые закупки и обучение', 'здравствуйте! Интересют условия оптовых закупок А также возможность проведения обучения и возможность организации презентации продукции .', '2017-08-12 20:55:23'),
(30, 'lana_demidova.13@mail.ru', 'Светлана', '', '', 'Здравствуйте! Можно ли у вас приобрести пробные или маленькие объемы косметики?', '2017-08-12 22:41:42'),
(31, 'irina6805@inbox.lv', 'irin', '', 'kosmetika', 'делаете ли вы поставки товара в Латвию.', '2017-08-20 16:56:19'),
(32, 'sabatarova@mail.ru', 'Екатерина', '89272294683', 'косметика', 'Здравствуйте! Подскажите какие цены для заводчиков(приставка)? и как происходит доставка по России?', '2017-09-26 14:03:23'),
(33, 'imperialgold@rambler.ru', 'Елена Павлова', '+7-904-639-23-40', 'Скидка для заводчиков', 'А как отправить свидетельство о регистрации питомника?', '2017-10-01 09:35:03')
 ON DUPLICATE KEY UPDATE
  `email` = VALUES(email),
  `name` = VALUES(name),
  `phone` = VALUES(phone),
  `header` = VALUES(header),
  `message` = VALUES(message);

INSERT INTO `content` (`id`, `href`, `title`, `snippet`, `header`, `description`, `content`, `active`, `date_update`, `keywords`) VALUES
(6, 'myths', 'Мифы, связанные с грумингом собак', '', 'Разрушаем мифы', '', '<div class=""><p>Много было сказано и написано о «правильном» груминге собак. К сожалению, многие источники либо не осведомлены по этому вопросу или делают неверные предположения. Ниже приведены некоторые распространенные мифы, которые мы хотели, чтобы развеять</p></div>\r\n\r\n<div id="myth" class="panel-group">\r\n	<div class="panel panel-default">\r\n		<div class="panel-heading">\r\n			<h4 class="panel-title"><a href="#myth-1" class="collapsed" data-parent="#myth" data-toggle="collapse">«Купание собаки вредно для его кожи»</a></h4>\r\n		</div>\r\n		<div id="myth-1" class="panel-collapse collapse">\r\n			<div class="panel-body">\r\n				<p>Это является одним из самых больших мифов. В Isle of Dogs мы понимаем, что нет ничего более далекого от истины, чем это утверждение. Есть объяснение тому, как этот миф стал понятием в «собачьих» кругах. Первые продукты по уходу за шерстью были жёстче мыла, которое не подходило для рН-среды шерсти собаки: в результате возникали раздражения, зуд кожи и проблемная шерсть. Кроме того, купание собаки могло быть осложнено отсутствием соответствующего оборудования или собака была не приучена к купанию. Оба сценария могли повлиять на качество купания. Если мыло или даже очень хорошего качества шампунь не вымыть должным образом из шерсти, он может вызвать раздражение кожи, которое заставит собаку чесаться и создаст шелушения.</p>\r\n				<p>Использование продуктов, специально предназначенные для собак, таких как продукция Isle of Dogs, при условии соблюдения правил использования, предотвратит дискомфорт и даже улучшит здоровье и внешний вид кожи и шерсти Вашей собаки. В частности, разработанные продукты по уходу за шерстью помогут восстановить, правильно зафиксировать ре структурировать, изменить, восстановить, перестроить или изменить поврежденную шерсть.</p>\r\n			</div>\r\n		</div>\r\n	</div>\r\n	<div class="panel panel-default">\r\n		<div class="panel-heading">\r\n			<h4 class="panel-title"><a href="#myth-2" class="collapsed" data-parent="#myth" data-toggle="collapse">Если шерсть вашей собаки безжизненна, то вы не сможете оживить шерстяной покров</a></h4>\r\n		</div>\r\n		<div id="myth-2" class="panel-collapse collapse">\r\n			<div class="panel-body">\r\n				<p>Но Вы можете стимулировать рост здоровой шерсти из здоровой кожи – так же, как люди. Не надо ожидать эффекта от применения наших спреев за одну ночь, однако использование этих продуктов в течение долгого времени будет стимулировать рост здоровой шерсти. Использование шампуней, кондиционеров и средств для укладки волос будет работать, чтобы улучшить внешний вид старого, поврежденного слоя, в то время как кожа будет готова произвести более здоровую новую шерсть после обработки.</p>\r\n			</div>\r\n		</div>\r\n	</div>\r\n	<div class="panel panel-default">\r\n		<div class="panel-heading">\r\n			<h4 class="panel-title"><a href="#myth-3" class="collapsed" data-parent="#myth" data-toggle="collapse">«Продукты по уходу за шерстью не должны содержать спирт»</a></h4>\r\n		</div>\r\n		<div id="myth-3" class="panel-collapse collapse">\r\n			<div class="panel-body">\r\n				<p>Это еще один миф, который прочно утвердился на груминг арене. Конечно, впитывание шерстью собаки спирта не рекомендуется. Однако, спирт является единственным компонентом, который без которого не могут обойтись некоторые масла и удерживающие компоненты. Обычно эта спирто содержащая форма быстро испаряется, а полезные ингредиенты остаются в шерсти.</p>\r\n			</div>\r\n		</div>\r\n	</div>\r\n	<div class="panel panel-default">\r\n		<div class="panel-heading">\r\n			<h4 class="panel-title"><a href="#myth-4" class="collapsed" data-parent="#myth" data-toggle="collapse">«Шерсть вашей собаки может адаптироваться к шампуню, поэтому вам нужно чередовать их»</a></h4>\r\n		</div>\r\n		<div id="myth-4" class="panel-collapse collapse">\r\n			<div class="panel-body">\r\n				<p>Это миф построен вокруг зерна истины. Шерсть не приспосабливается к шампуням, но некоторые шампуни, с кондиционировавшими компонентами, накапливаются в шерсти в течение долгого времени. Если вы попытаетесь вымыть накопившиеся компоненты одного шампуня другим — вы добьётесь результата. Поэтому мы рекомендуем иногда мыть собаку очищающими шампунями. Шампуни <a href="/item/20-royal-jelly-shampoo">№ 20</a>, <a href="/item/33-coarse-coat-shampoo">№ 33</a>, <a href="/item/clean-coating-shampoo">Clean Coating</a>, <a href="/item/deep-cleaning-shampoo">Deep Cleaning</a>, могут быть эффективно использованы в качестве очищающих шампуней.</p>\r\n			</div>\r\n		</div>\r\n	</div>\r\n	<div class="panel panel-default">\r\n		<div class="panel-heading">\r\n			<h4 class="panel-title"><a href="#myth-5" class="collapsed" data-parent="#myth" data-toggle="collapse">«Продукты с SPF комплексом защитит шерсть от вредного воздействия солнечных лучей»</a></h4>\r\n		</div>\r\n		<div id="myth-5" class="panel-collapse collapse">\r\n			<div class="panel-body">\r\n				<p>Нет достаточно достоверных или непротиворечивых способов сохранить необходимые защитные компоненты прикреплённые к стержня волоса. Ополаскивание, стайлинг и мытьё шерсти удаляет или снижает действие солнцезащитных компонентов, поэтому защита с такими продуктами будет недолговечной.</p>\r\n			</div>\r\n		</div>\r\n	</div>\r\n	<div class="panel panel-default">\r\n		<div class="panel-heading">\r\n			<h4 class="panel-title"><a href="#myth-6" class="collapsed" data-parent="#myth" data-toggle="collapse">«Собаки с жирной кожей не должны использовать кондиционер»</a></h4>\r\n		</div>\r\n		<div id="myth-6" class="panel-collapse collapse">\r\n			<div class="panel-body">\r\n				<p>Это не всегда верно. Кожа собаки может быть жирная, а шерсть быть сухой и требовать увлажнения.</p>\r\n			</div>\r\n		</div>\r\n	</div>\r\n	<div class="panel panel-default">\r\n		<div class="panel-heading">\r\n			<h4 class="panel-title"><a href="#myth-7" class="collapsed" data-parent="#myth" data-toggle="collapse">«Чем больше пены, тем чище шерсть»</a></h4>\r\n		</div>\r\n		<div id="myth-7" class="panel-collapse collapse">\r\n			<div class="panel-body">\r\n				<p>Ложь. На самом деле пена не связана с очищающими компонентами шампуня. Пенообразующие компоненты добавляются в шампунь для эмоциональной привлекательности, а не с научной точки зрения. Количество пенообразующих ингредиентов напрямую зависит от количества грязи, мусора и жиров в шерсти. Такие компоненты, как масла де активируют процесс пенообразования.</p>\r\n			</div>\r\n		</div>\r\n	</div>\r\n	<div class="panel panel-default">\r\n		<div class="panel-heading">\r\n			<h4 class="panel-title"><a href="#myth-8" class="collapsed" data-parent="#myth" data-toggle="collapse">«Шампуни без слез более мягкие, чем другие виды шампуня»</a></h4>\r\n		</div>\r\n		<div id="myth-8" class="panel-collapse collapse">\r\n			<div class="panel-body">\r\n				<p>Частично верно. Очищающие агенты в детских шампунях обладают меньшей способностью очистки. Но если они не вымоют грязь из шерсти Вашей собаки, остатки могут вызвать зуд и сухость.</p>\r\n			</div>\r\n		</div>\r\n	</div>\r\n</div>\r\n', 1, '2013-01-22 15:32:10', ''),
(13, 'tips', 'Рецепты пользователей из США', '', 'Рецепты', '', '<div>\r\n<p>Если у Вас есть оригинальный рецепт использования косметики для собак Isle Of Dogs и Вы хотите поделиться им с другими пользователями, присылайте его нам. Под рецептом будет написано Ваше имя, при желании название питомника и сайт питомника.</p>\r\n<h1>Рецепты пользователей из США</h1><p>Если у Вас есть оригинальный рецепт использования косметики для собак Isle Of Dogs и Вы хотите поделиться им с другими пользователями, присылайте его нам. Под рецептом будет написано Ваше имя, при желании название питомника и сайт питомника.</p><h2>Быстрая очистка! </h2>\r\n<p>Для быстрой очистки шерсти смешайте 2 капли <a href="product1">шампуня № 10</a> с 1,9 литра воды в миске. Используя губку очистите загрязнения  и области половых органов. Вытрете полотенцем и используйте средства для укладки как обычно. Шерсть Вашей собаки будет выглядеть чистой и здоровой. <br> - Дебби</p>\r\n<p>Развести <a href="product8">Шампунь Для Блеска</a> в пропорции воды к шампуню(75 к 1) и смешать с <a href="product3">шампунем № 16</a> в пропорции (75 к 1). Данный рецепт используется по приципу сухого шампуня для очистки загрязнений. Также идеально подходит, в качестве ежедневного шампунь для собак, имеющих слёзные дорожки. Для очистки слезных дорожек слегка намочите область, и протрите шершавым полотенцем. Используйте 2 - 3 раза в день и Вы увидите хорошие результаты в течение 2 недель. <br>-Кэтлин</p>\r\n<p>Обратите особое внимание на лапы, используя кондиционер, потому что он помогает предотвратить появление пятен между груммингом. Я использую <a href="product9">Кондиционер № 50</a>.  Я дополнительно наношу кондиционер на лапы, и если на белых лапах имеются въедшиеся пятна, после смывания пятна исчезают! <br>- Брук</p>\r\n<p>вам нужно очистить шерсть пуделя или бишона от стайлингов, которые Вы наносили на выставке? Попробуйте растворить две столовые ложки <a href="product16"> Isle Repair</a> в бутылке 250 мл. Пробрызгайте шерсть, после чего как следует прочешите. Данное сочетание удаляет из шерсти даже очень сильные стайлинговые средства и после использования шерсть выглядит живой и упругой. Оно также увеличивает время между купаниями.  <br>- Энн</p>\r\n<h2>Супер сухая шерсть? </h2>\r\n<p>Для интенсивного лечения поврежденных волос  смойте Ваш основной шампунь с теплой водой (рекомендуется <a href="product2">шампунь №12</a> или <a href="product8">Шампунь Для Блеска</a>) после используйте <a href="product11">Питательную Маску</a>. Пропитав маской шерсть собаки, оберните ее в очень теплое влажное полотенце. Держите собаку завернутой до тех пор, пока полотенце не остынет, но не станет слишком холодным, по крайней мере 10 минут. Ополосните собаку слегка теплой водой. <br>-Кэтлин</p>\r\n<p>Если шерсть вашей собаки выглядит суше, чем обычно, попробуйте смешать чайную ложку <a href="product16">Isle Repair</a> и столовую лошку <a href="product19"> Isle Strengthen </a> в бутылке с пульверизатором 250 мл, а затем наполните бутылку водой. Слегка пробрызгайте шерсть собаки и высушите, как обычно. </p>\r\n<h2>Как получить выигрышную шерсть? </h2>\r\n<p>В начале каждой недели мои пекинесы моются с использованием <a href="product6">шампуня № 20</a>. Далее я использую <a href="product11">Питательную Маску</a>. Я оставляю ее на шерсти в течении 10 минут. После того как я смываю маску, я развожу <a href="product9">Кондиционер № 50</a> в большой пропорции с водой и после использования оставляю его на шерсти. Каждую неделю я мою своих пекинесов таким образом. Для выставочного ухода я использую <a href="product8">Шампунь Для Блеска</a> и <a href="product10">Кондиционер № 51</a>, а также в качестве спрея для расчесывания я использую <a href="product19"> Isle Strengthen </a>, который позволяет быстро прочесать собаку. Затем я использую <a href="product21">Isle Thicken</a> для придания дополнительного объема. Я обязательно разбавляю его, мне очень нравится результат на пекинесах. Иногда я использую Thicken в чистом виде на хвосте, но это зависит от собаки. Я также использую <a href="product20"> Isle Style</a> спрей. <br>- Ким</p>\r\n<p>Мой бриар пережил очень знойное лето и его шерсть была в ужасном состоянии. Мы использовали <a href="product6">шампунь № 20</a> на поврежденных / тонких волосах. Я оставляла его на шерсти на 5 минут. Затем использовала  <a href="product27">кондиционер 2Build</a> в разведенном состоянии 1:1 и также оставляла на шерсти в течении 5 минут. Смывала прохладной водой (не холодной!). Перед сушкой я использовала <a href="product19"> Isle Strengthen </a>. За несколько применений шерсть стала длиннее и крепче. <br>- Кристина</p>\r\n<h2>Богатые цвета</h2>\r\n<p>Мой совет в том, что я использую <a href="product5">шампунь № 18 для черной шерсти</a>, на подпалых пятнах моего спаниеля и он  действительно затемняет их и делает цвет более богатым. Сначала я мою его полностью <a href="product4">шампунем № 17 для медной шерсти</a>, в качестве кондиционера использую <a href="product11">Питательную Маску</a>, а затем я наношу черный шампунь и оставляю его на шерсти на 10 минут. <br>- Грейс</p>\r\n<h2>Грумерские Советы для счастливой собаки</h2>\r\n<p><a href="product8">Шампунь Для Блеска</a> идеально подходит для собак с короткой шерстью, как второй шампунь способен добавить блеск без масла. Я также использую как второй шампунь для четвероногих клиентов моего салона чтобы попитать кожу. <br>- Кэтлин</p>\r\n<h2>Специальные "рецепты" для достижения лучших результатов</h2>\r\n<p>Я держу несколько черных, пуделей и я перепробовал много шампуней, которые не оставляют шерсть пахнущей долго, мой груммер посоветовал мне использовать <a href="product5">шампунь № 18 для черной шерсти</a>, <a href="product10">Кондиционер № 51</a> и <a href="product13">спрей № 63</a> и это удивительно, какая после них блестящая, гладкая шерсть. Если шерсть спутывается, то распутать ее очень легко. Она пахнет большой недели! Шерсть собаки выглядит здоровой и блестящей и, хотя это дорогой вариант (дороже, чем я пользуюсь обычно шампунем) он очень экономичный для получения отличных результатов. Оно того стоит. <br>- Анонимный</p>\r\n<p>Если вы хотите стимулировать рост шерсти, попробуйте использовать <a href="product11">Питательную Маску</a> как ежедневный легкий кондиционирующий спрей. Разбавьте ее в соотношении  10:1 (вода:маска) и добавте одно нажатие помпы <a href="product16">Isle Repair</a> на бутылку 250 мл. Опрыскивайте шерсть ежедневно как можно чаще. После купания с любым продуктом серии кутюр (все шампуни и кондиционеры с номерами) разведите маску в соотношении 10:1 и пропитайте ей шерсть собаки. Не смывайте, вытрете собаку полотенцем. Делайте это раз в месяц и волосы будут волшебным образом появляться! <br>- Кристина</p></div>', 1, '2013-01-22 00:00:00', ''),
(14, 'history', 'История Isle Of Dogs', '', 'История', '', '<div id="main"><h1 class="toph1">История Isle Of Dogs</h1><p>Это история о пророческом Вест Хайленд терьере по имени Люси, \r\nвыдающейся формуле, придуманной в Англии человеком с несчастным именем \r\nГраймс (Grime, в переводе с английского – грязь, сажа), которая была \r\nпочти навсегда потеряна, о пациенте фармацевтической компании и о \r\nжестоком приговоре страстной любительницы собак по имени Бекки Рао.</p> \r\n<p>Isle Of Dogs была создана в страстной любви к собакам командой \r\nсобаководов и владельцев питомников с целью предоставить надлежащий уход \r\nсвоим питомцам.</p> \r\n<div style="width: 100%; text-align: center;"><img src="http://www.isleofdogs.ru/pic/Becky-Jan04_w_horse.jpg" alt="Бекки Рао"></div>\r\n<p>Бекки Рао всю жизнь любила собак и лошадей. Еще \r\nребенком она увлеклась программой по уходу за собаками, а свою первую \r\nлошадь купила на деньги, заработанные присмотром за детьми. Однако во \r\nвремя учебы в колледже и в первые годы брака Бекки и ее муж, \r\nкомпьютерный предприниматель Кайлас Рао, жили без собак. И так \r\nпродолжалось до середины 80-х, пока Бекки не решила осуществить свою \r\nмечту и найти первоклассную выставочную собаку. После тщательных поисков \r\nона натолкнулась на Британца (Бретонский спаниель), узнав, что друг и \r\nколлега по работе собирается завести второго спаниеля. Так, ее первый \r\nБританец Баффи положил начало ее страсти к этой породе. Добившись \r\nнекоторых успехов в послушании, повиновении и охотничьих испытаниях, \r\nБекки всерьез задумалась о работе над установившейся традицией — \r\nпобеждать. </p> \r\n\r\n<h2>История Люси</h2> \r\n<div style="width: 100%; text-align: center;"><img src="http://www.isleofdogs.ru/pic/lucy2.jpg" alt="дерматит у собаки люси"></div>\r\n<p>Люси – это семилетний Вест Хайленд терьер, а ее \r\nвладелец – Мистер Амблинг из Ридинга, Великобритания. Она была передана \r\nна осмотр в ветеринарную клинику после 18 месяцев неудачного лечения. \r\nСобака потеряла 90% шерсти из-за расстройства кожи неизвестного \r\nхарактера. Несчастная собачка кусала и царапала себя из-за маленьких \r\nязвочек по всему телу и между пальцев на лапах. Им посоветовали \r\nиспользовать Шампунь <a href="http://www.isleofdogs.ru/product2">№12 Масло \r\nВечерней Примулы</a> Мистера Граймса. Режим мытья три \r\nраза в неделю был дополнен трехразовым ежедневным использованием спрея<a href="http://www.isleofdogs.ru/product12">№ 62 с Маслом\r\nВечерней Примулы</a> и добавки для кожи <a href="http://www.isleofdogs.ru/product23">№ 92 Основные \r\nЖирные Кислоты</a>. Всего через пять недель был достигнут потрясающий \r\nрезультат. Люси перестала себя грызть и чесать. Шерсть стала нормально \r\nрасти, и, чтобы предотвратить возврат к предыдущему состоянию и \r\nподдержать быстрый рост волос, ей прописали курс добавки <a href="http://www.isleofdogs.ru/product22">№ 91 \r\nКоролевское Желе</a>. и шампунь <a href="http://www.isleofdogs.ru/product6">№ 20 Королевское \r\nЖеле</a></p> \r\n<div style="width: 100%; text-align: center;"><img src="http://www.isleofdogs.ru/pic/lucy.jpg" alt="дерматит у собаки люси"></div>\r\n<h2>История успеха</h2>\r\n<div style="width: 100%; text-align: center;"><img src="http://www.isleofdogs.ru/pic/becky.jpg" alt="Бекки Рао"></div>\r\n<p>Бекки слышала об Андреа Джордан Лейн и ее чемпионах-победителях \r\nДжорданских Британцах, но познакомилась с ней только в 1998 году, когда \r\nкупила своего первого Джорданского щенка. Они сразу же стали друзьями. \r\nКогда чета Рао построила свой питомник в Ричфилде, штат Висконсин, они \r\nпопросили Андреа стать управляющей в их питомнике Британцев „Рао Фарм", \r\nвзяв на вооружение оригинальную программу Андреа по уходу и производству \r\nсобак-чемпионов на базе питомника. </p> <p>Так как они занимались \r\nразведением выставочных собак, Бекки и Андреа решили предоставить своим \r\nсобакам надлежащий уход. Оказалось, не так-то просто найти продукцию, \r\nкоторая бы очищала уникальную шерсть породистой собаки, не нанося ей \r\nвреда, и улучшала ее состояние. В течение долгих месяцев они исследовали \r\nпродукцию по уходу за собаками по всему миру, пока, в конце концов, не \r\nнашли ответ в Великобритании. Там они обнаружили продукцию, \r\nразработанную британским химиком по имени Дэвид Граймс, который придумал \r\nформулу, уникальную по многим показателям, начиная от качества и чистоты \r\nиспользуемого сырья, заканчивая процедурой, по которой он разрабатывал \r\nэту формулу. </p> <p>Мистер Граймс изобрел шампунь „Масло Вечерней \r\nПримулы" (прототип шампуней №10, 12, 16, 17, 18) примерно два \r\nдесятилетия назад по заказу фармацевтической компании в Великобритании. \r\nИсследователи подозревали, что Масло Вечерней Примулы можно использовать \r\nпри лечении собак с хроническим дерматитом. Тем не менее, у них не \r\nполучалось разработать шампунь, чтобы он сохранял масло во взвешенном и \r\nэмульгированном состоянии. Последним средством, к которому прибегнула \r\nфармацевтическая компания, стало обращение к Мистеру Граймсу, у которого \r\nуже был опыт работы с эмульгаторами. Мистер Граймс успешно разработал \r\nпродукт и передал образец фармацевтической компании. Он ждал восемь \r\nмесяцев, надеясь получить ответ об эффективности продукции. В конце \r\nконцов, он сам им позвонил и выяснил, что им понравился продукт, и они \r\nинтересуются, не хочет ли он производить его в больших количествах. </p> \r\n<p>К сожалению, это кажется невероятным, но Мистер Граймс умудрился \r\nпотерять формулу, так как она была записана где-то в блокноте. Мистер \r\nГраймс пошел своим собственным путем и попытался восстановить формулу. \r\nПосле трех лет упорной работы, он снова разработал шампунь. </p> \r\n<p>Шампунь стал настоящим достижением в области лечения собак. Чистое, \r\nпрессованное в холодном состоянии Масло Вечерней Примулы способно не \r\nтолько лечить хронические заболевания кожи, но и позволяет шерсти собак \r\nстать роскошной и шелковистой. В отличие от других шампуней, шампуни, \r\nоснованные на МВП, могут использоваться так часто, как пожелает владелец \r\nсобаки, так как они не удаляют необходимые шерсти собак жиры. Мистер \r\nГраймс осознал, что в его руках отличный продукт, и начал производить \r\nего для популяции собак Англии. </p> <p>Бекки и Андреа натолкнулись на \r\nпродукцию Мистера Граймса, когда знакомый заводчик Британцев сказал им, \r\nчто они просто „обязаны попробовать эту продукцию, это несравнимо ни с \r\nчем другим, что они пробовали ранее". Так как никакие шампуни, которые \r\nони использовали, не производили особого впечатления, они заказали лишь \r\nнесколько пробников. После мытья всего лишь одного Британца таким \r\nшампунем, они были готовы сделать больший заказ, оплачивая за доставку \r\nпочти столько же, сколько за сам шампунь. </p> <p>Позже они привезли их \r\nпервый заказ на Национальный Чемпионат Британцев, где представили его \r\nдругим и порекомендовали всем использовать этот шампунь при мытье собак. \r\nПо окончанию выставки, каждого значительного победителя, за исключением \r\nодного, искупали этим шампунем. Включая собственного пса Бекки и Андреа \r\nСиЭйч Джордан Ваши Безумные Мечты, или Брэд, который позже стал \r\nПобедителем в Национальной Специализированной Выставке в 2004 и 2005 \r\nгг., а также АКС Эукануба Классик в номинации Лучший из Породы в 2005 и \r\n2006гг. </p> \r\n<div style="width: 100%; text-align: center;"><img src="http://www.isleofdogs.ru/pic/becky.gif" alt="Бекки"></div>\r\n<p>Вскоре Бекки и Андреа стали звонить люди с вопросами о \r\nтом, как приобрести продукцию, о которой говорят все разводчики \r\nБританцев. Позже Бекки, Андреа и предприимчивый муж Бекки Кайлас \r\nувидели, что есть возможность предоставлять продукцию не только своему \r\nпитомнику, но и предложить ее всем собакам. </p> <p>Большинство людей \r\nотносится к собакам так, как к членам своей семьи. Мы заботимся о них, \r\nбалуем их, обращаемся с ними почти как с собственными детьми. Мы их \r\nстарательно кормим, возим по ветеринарным клиникам, путешествуем с ними, \r\nвыгуливаем их и берем с собой в парк. Тем не менее, многие люди не \r\nуделяют достаточно внимания уходу за своими собаками. Многим людям \r\nкажется, что шелушение кожи, зуд и почесывание – это нормальные явления \r\nдля собак, что так и должно быть. Миссия ISLE OF DOGS – изменить эту \r\nситуацию, вдохновить владельцев собак ухаживать за ними должным образом, \r\nвоспитывать лучшие традиции ухода за собаками, а также предоставить \r\nвысококачественную серию продукции по уходу за собаками, которая поможет \r\nвладельцам собак осуществлять надлежащий уход за своими любимцами. </p> \r\n<p>Команда решила приобрести права на продукцию Мистера Граймса и \r\nзапустила систему по уходу за собаками, которая бы учитывала \r\nиндивидуальные особенности шерсти каждой собаки. Система по уходу за \r\nсобаками, полная система по уходу за шерстью и кожей, основанная на двух \r\nсырьевых компонентах – Масле Вечерней Примулы и Королевском Желе, \r\nпозволит обеспечить собаку всесторонним уходом за шерстью и кожей. </p> \r\n<h3>Так была основана компания Isle Of Dogs. Компания, преданная делу \r\nулучшению здоровья, красоты и общего состояния собак.</h3> </div>', 1, '2012-06-23 15:32:10', NULL),
(16, 'advice', 'Советы по уходу за собакой', 'Как правило, в среднем рекомендуется купать собаку два раза в месяц; тем не менее, рекомендуемая частота будет зависеть от породы, типа шерсти, размера, возраста и образа жизни.', 'Советы', '', '<div>\r\n<h3>Как часто купать собаку?</h3>\r\n<p>Как правило, в среднем рекомендуется купать собаку два раза в месяц; тем не менее, рекомендуемая частота будет зависеть от породы, типа шерсти, размера, возраста и образа жизни.\r\n</p><ul>\r\n<li>Короткошерстных собак, таких как Бульдоги или Боксеры, можно купать два раза в месяц; в то время как полностью покрытых шерстью собак, таких как Йоркширский Терьер, необходимо купать раз в неделю.</li>\r\n<li>У старых собак может появляться более сильный запах (но мы-то все равно их любим), поэтому им необходимо более частое купание.</li>\r\n<li>Собаки, которые проводят большинство времени на улице, тоже могут нуждаться в купании раз в неделю.</li>\r\n<li>Декоративных маленьких собачек с короткой шерстью, таких как Чихуахуа, которые большинство времени проводят в помещении, можно купать реже, примерно раз в месяц</li>\r\n<li>Самое важное — чтобы собака выглядела и пахла чисто. Так они себя чувствуют гораздо лучше: в комфорте и любимыми. Если собака чешется и царапается, это признак того, что ее необходимо искупать.</li>\r\n</ul>\r\n<h3>Советы об инструментах по уходу за собаками</h3>\r\n<p>Всегда используйте расческу или щетку, соответствующую типу шерсти вашей собаки. Существует несколько компаний, которые производят превосходные инструменты по уходу за собаками, созданные специально для типа шерсти вашей собаки.\r\n</p><ul>\r\n<li>Расчесывайте аккуратно, чтобы не повредить кожу и не сломать волоски. Если вы слышите расческу, вы давите слишком сильно.</li>\r\n<li>Вычешите все колтуны перед тем, как купать собаку, используя Isle Of Dogs <a href="http://www.isleofdogs.ru/product13" title="№ 63">№ 63</a>, потому что мытье запутанной шерсти может только ухудшить проблему. Лучше не расчесывать очень сухую шерсть.</li>\r\n<li>Лучше всего расчесывать собаку после мытья, используя фен или сушильный аппарат. Если шерсть нужно расчесать после того, как она высохла, лучше при этом использовать небольшое количество любого из <a href="http://www.isleofdogs.ru/category3">спреев</a> по уходу за собаками.</li>\r\n</ul>\r\n<p></p>\r\n<h3>Очень частое мытье</h3>\r\n<p>Мы уверены в том, что не существует слишком частого купания, по крайней мере, если вы используете правильную продукцию. Вы можете мыть собаку хоть каждый день, без каких бы то ни было негативных последствий. Если вы используете шампуни для людей или мыло, уровень рН которых не подходит коже и шерсти собак, или шампуни, содержащие большое количество химических веществ, вы рискуете пересушить кожу и шерсть собаки. Продукция Isle Of Dogs создана специально для собак и абсолютно безопасна для частого использования; кроме того, чем чаще вы ее используете, тем лучше будет шерсть вашей собаки.</p>\r\n<h3>О процессе купания</h3>\r\n<p>Правильный уход за собакой позволит превратить его не в рутину, а в веселое мероприятие. Купание вашей собаки – это возможность единения с ней. Это глубоко личный момент между вами и вашей собакой. Это возможность показать, как сильно вы заботитесь о ней или о нем; почувствовать ее кожу и убедиться, что с ней все в порядке. В идеале, вы должны начать купания, когда ваша собака еще щенок. Будьте аккуратны, но намыливайте и натирайте грязные места так, как это необходимо, так, как вы бы делали это сами себе. Не торопите животное во время мероприятия. Отведите столько времени, сколько необходимо для тщательного намыливания, и позвольте шампуню задержаться на несколько минут, чтобы натуральные масла проникли в шерсть. Во время купания необходимо тщательно смыть все остатки шампуня, чтобы предотвратить раздражение кожи. Также необходимо позаботиться о том, чтобы предотвратить попадание воды в уши или нос, а также попадание продукта в глаза собаки.</p>\r\n</div>', 1, '2016-08-10 19:00:24', 'советы по грумингу'),
(17, 'faq', 'Часто задаваемые вопросы', '', 'Часто задаваемые вопросы', '', '<div id="faq" class="panel-group">\r\n    <div class="panel panel-default">\r\n        <div class="panel-heading">\r\n            <h4 class="panel-title">\r\n                <a data-toggle="collapse" data-parent="#faq" href="#faq-1">1. Как работают усилители цвета, и почему их нет в продуктах других производителей?</a>\r\n            </h4>\r\n        </div>\r\n        <div id="faq-1" class="panel-collapse collapse">\r\n            <div class="panel-body">\r\n               <p>Наши усилители цвета работают по принципу «Омбре» (окрашивание волос цветными мелками). Масло вечерней примулы является вспомогательным средством, оно помогает удержать усилители цвета в шерсти. Как и все водорастворимые красители, красящие компоненты наших шампуней самостоятельно не будут окрашивать шерсть, только лишь в комбинации с маслом вечерней примулы можно добиться стойкого эффекта. И опять-таки, такое окрашивание не нанесёт непоправимый вред шерсти Вашего любимца. Краска будет вымываться с течением времени. Мы могли бы использовать усилители цвета и в других линейках нашей продукции, но как говорилось выше, они работают только в сочетании с маслом Вечерней примулы и соответственно смоются во время ополаскивания собаки.</p>\r\n            </div>\r\n        </div>\r\n    </div>\r\n    <div class="panel panel-default">\r\n        <div class="panel-heading">\r\n            <h4 class="panel-title">\r\n                <a data-toggle="collapse" data-parent="#faq" href="#faq-2">2. Какие из ваших продуктов будут работать, как очищающий шампунь?</a>\r\n            </h4>\r\n        </div>\r\n        <div id="faq-2" class="panel-collapse collapse">\r\n            <div class="panel-body">\r\n              <p>Очищающие шампуни необходимы, чтобы удалить пыль, грязь, жир, накопленные шерстью остатки косметических средств (после применения стайлинговых средств, некоторых шампуней и кондиционеров) и другие вредные вещества, которые накапливаются в  течение времени. Шампуни <a href="/item/20-royal-jelly-shampoo">№ 20</a>, <a href="/item/33-coarse-coat-shampoo">№ 33</a>, <a href="/item/clean-coating-shampoo">Clean Coating</a>, <a href="/item/deep-cleaning-shampoo">Deep Cleaning</a>, могут быть эффективно использованы в качестве очищающих шампуней.</p>\r\n            </div>\r\n        </div>\r\n    </div>\r\n    <div class="panel panel-default">\r\n        <div class="panel-heading">\r\n            <h4 class="panel-title">\r\n                <a data-toggle="collapse" data-parent="#faq" href="#faq-3">3. Что такое маточное молочко и чем оно полезно для моей собаки?</a>\r\n            </h4>\r\n        </div>\r\n        <div id="faq-3" class="panel-collapse collapse">\r\n            <div class="panel-body">\r\n              <p>Маточное молочко является пищей для Пчеломатки. Это одна из самых чистых форм белка, доступных в природе. Исследования показали, что питание волосяного фолликула стимулирует его к регенерации волос. Важно помнить, что генетика и окружающая среда играют большую роль в росте волос, чем все остальное. Мы не будем обещать выращивать шерсть там, где она не может быть выращена. Но мы можем, стимулировать рост, что будет происходить в любом случае. Кроме того, наш шампунь <a href="/item/20-royal-jelly-shampoo">№ 20</a> помогает добавить объем для существующих волос, создав видимость более полной, здоровой шерсти.</p>\r\n            </div>\r\n        </div>\r\n    </div>\r\n    <div class="panel panel-default">\r\n        <div class="panel-heading">\r\n            <h4 class="panel-title">\r\n                <a data-toggle="collapse" data-parent="#faq" href="#faq-4">4. Что такое масло вечерней примулы и чем оно полезно для моей собаки?</a>\r\n            </h4>\r\n        </div>\r\n        <div id="faq-4" class="panel-collapse collapse">\r\n            <div class="panel-body">\r\n            <p>Масло Вечерней Примулы (ЕРО) – создано на основе вытяжки масла из семян растения Энотеры.\r\n			Жирные кислоты являются смазкой, которая зачастую менее жирная или сальная чем растительные, минеральные масла или ланолин, и, следовательно, дают волосам ощущение мягкости, не делая  их тяжёлыми или толстыми. Продукция Isle of Dogs доставит чистое масло вечерней примулы холодного отжима к коже и шерсти вашего питомца. Важно понять, что другие экстракты Масла Вечерней примулы не будут давать таких же результатов.</p>\r\n            </div>\r\n        </div>\r\n    </div>\r\n   <div class="panel panel-default">\r\n        <div class="panel-heading">\r\n            <h4 class="panel-title">\r\n                <a data-toggle="collapse" data-parent="#faq" href="#faq-5">5. Насколько концентрированные продукты Isle of Dogs и можно ли их разводить водой?</a>\r\n            </h4>\r\n        </div>\r\n        <div id="faq-5" class="panel-collapse collapse">\r\n            <div class="panel-body">\r\n            <p>Коэффициент  разбавления  наших косметических средств очень субъективен. Isle of Dogs рекомендует: используйте нашу продукцию неразбавленной, и ваша собака будет получать максимальную пользу от ингредиентов, которые мы считаем важными для здоровья кожи и шерсти. Тем не менее, некоторые породы собак имеют типы шерсти, в которые очень трудно проникнуть без использования некоторого количества воды. В таких случаях мы рекомендуем разбавить наши продукты 10-20 частями воды на 1 часть шампуня.</p>\r\n            <p>Можно провести аналогию и с кондиционерами – степень разведения зависит от того захотите ли вы его тщательно вымыть из шерсти, частично оставить или вообще использовать в полную силу.</p>\r\n			<p>Кондиционеры используются, чтобы обеспечить лёгкое расчёсывание, защитить шерсть от повреждений, вызванных средствами для укладки, придать блеск и смягчить шерсть. В зависимости от того, как вы используете продукт – вы получите желаемый результат. Наши облегчающие и утяжеляющие кондиционеры могут использоваться  неразбавленными, разбавленными или даже частично оставаться в шерсти. Вы можете использовать кондиционеры как для утяжеления или придания объёма шерсти, так и для защиты от повреждений. А вот, например, используя шампунь <a href="/item/20-royal-jelly-shampoo">№ 20</a>, вы промоете шерсть от остатков кондиционирующих компонентов, которые имеют свойство накапливаться в шерсти и вернёте объём в шерсть.</p>\r\n            </div>\r\n        </div>\r\n    </div>\r\n	 <div class="panel panel-default">\r\n	        <div class="panel-heading">\r\n	            <h4 class="panel-title">\r\n	                <a data-toggle="collapse" data-parent="#faq" href="#faq-6">6. Шампунь для жёсткой шерсти действительно не делает шерсть мягкой?</a>\r\n	            </h4>\r\n	        </div>\r\n	        <div id="faq-6" class="panel-collapse collapse">\r\n	            <div class="panel-body">\r\n	            <p>Какие компоненты шампуня делают шерсть мягкой? Ответ прост – это кондиционирующие ингредиенты. В нашем шампуне <a href="/item/33-coarse-coat-shampoo">№ 33</a> они не используются. Регулярное купание всех пород собак способствует сохранению здоровой шерсти вашего питомца. Предположение, что купание вашей собаки шампунем для жёсткой шерсти смягчит шерсть, не соответствует действительности. Наш продукт всего лишь очистит шерсть и кожу от грязи, продуктов стайлинга, которые могут накапливаться в течение долгого времени и вызывать тусклый и тяжёлый вид шерсти.</p>\r\n	            </div>\r\n	        </div>\r\n	    </div>\r\n		<div class="panel panel-default">\r\n		        <div class="panel-heading">\r\n		            <h4 class="panel-title">\r\n		                <a data-toggle="collapse" data-parent="#faq" href="#faq-7">7. Почему Вы рекомендуете использовать кондиционеры для жёсткой и склонной к утяжелению шерсти?</a>\r\n		            </h4>\r\n		        </div>\r\n		        <div id="faq-7" class="panel-collapse collapse">\r\n		            <div class="panel-body">\r\n		            <p>Как уже упоминалось выше, даже жесткая  и шерсть склонная к утяжелению изредка нуждается в обработке кондиционерами для защиты волосяного фолликула от повреждений, вызванных средствами для стайлинга или инструментами грумера. Наши кондиционеры останутся в шерсти только до следующего купания.</p>\r\n		            </div>\r\n		        </div>\r\n		</div>\r\n		<div class="panel panel-default">\r\n			        <div class="panel-heading">\r\n			            <h4 class="panel-title">\r\n			                <a data-toggle="collapse" data-parent="#faq" href="#faq-8">8. Может ли маточное молочко быть причиной пушистой шерсти?</a>\r\n			            </h4>\r\n			        </div>\r\n			        <div id="faq-8" class="panel-collapse collapse">\r\n			            <div class="panel-body">\r\n			            <p>Шампунь <a href="/item/20-royal-jelly-shampoo">№ 20</a> не содержит кондиционирующих компонентов, поэтому не завивает, не электризует и не распушивает шерсть. К этим проблемам может привести излишняя сухость шерсти, вызванная, к примеру, сухим воздухом. Маточное молочко, содержащееся в шампуне №20 Royal Jelly,  предназначено для восстановления и придания объёма шерсти.</p>\r\n						<p>Для собак со вспушенной шерстью или статикой мы рекомендуем <a href="/item/62-evening-primrose-oil-conditioning-mist">№ 62</a>, масло, которого поможет уложить шерсть или <a href="/item/63-detangle-conditioning-mist">№ 63</a>, в котором содержится силикон, и который идеально подходит для курчавой шерсти или в случае наличия колтунов.</p>\r\n			            </div>\r\n			        </div>\r\n		</div>\r\n		<div class="panel panel-default">\r\n			        <div class="panel-heading">\r\n			            <h4 class="panel-title">\r\n			                <a data-toggle="collapse" data-parent="#faq" href="#faq-9">9. Есть ли у Вас продукция от блох и клещей?</a>\r\n			            </h4>\r\n			        </div>\r\n			        <div id="faq-9" class="panel-collapse collapse">\r\n			            <div class="panel-body">\r\n			           <p>Да, мы можем вам предложить <a href="/item/flea-and-tick-shampoo">шампунь от блох и клещей</a>! Этот шампунь имеет безопасный и естественный репеллент, который эффективно удаляет и отталкивает блох и клещей. На мокрую шерсть нанесите шампунь, намыльте и тщательно смойте. Для достижения наилучшего результата нанесите Ваш любимый кондиционер от Isle of Dogs.</p>\r\n			            </div>\r\n			        </div>\r\n		</div>\r\n		<div class="panel panel-default">\r\n			        <div class="panel-heading">\r\n			            <h4 class="panel-title">\r\n			                <a data-toggle="collapse" data-parent="#faq" href="#faq-10">10. Какие из Ваших продуктов помогают решить проблему статического электричества шерсти?</a>\r\n			            </h4>\r\n			        </div>\r\n			        <div id="faq-10" class="panel-collapse collapse">\r\n			            <div class="panel-body">\r\n			           <p>Наэлектризованность шерсти чаще всего вызывается отсутствием влаги. Оба наших спрея помогут в борьбе со статикой двумя способами. <a href="/item/62-evening-primrose-oil-conditioning-mist">№ 62</a> доставит масло в шерсть, которое утяжелит её и поможет удержать необходимую влагу. В нашем спрее <a href="/item/63-detangle-conditioning-mist">№ 63</a> используется силикон, который помогает убрать статику без утяжеления шерсти.</p>\r\n			            </div>\r\n			        </div>\r\n		</div>\r\n\r\n</div>', 1, '2016-08-08 16:40:36', ''),
(18, 'bathing', 'Руководство по купанию', '', 'Руководство по купанию', '', '<div class="bs-callout bs-callout-info">\r\n	<h3 class="center">Основы купания</h3>\r\n	<p>Купание – будет положительным опытом в взаимоотношениях Вас и Вашей собаки. Это стоит больших трудов, но конечный результат должен быть наградой для обоих.</p>\r\n	<p>Ключами решения проблемного купания могут быть различные решения. Самое главное это наличие специальной ванны для мытья собак. Если вы не имеете желания приобретать её, вы можете обратиться в груминг салон, в котором грумер предложит Вашей собаке не только полноценное купание, но и профессиональную стрижку, сушку и Spa-процедуры. Если эти варианты не устраивают Вас используйте домашнюю ванну с ручным душем. Мы также рекомендуем использовать резиновый коврик на дне ванны, чтобы Ваша собака чувствовала себя более безопасно, и менее вероятно, что она будет скользить.Температура воды должна быть комфортной для вашей собственной кожи.</p>\r\n	<p>Хорошо намочите шерсть, начиная с задней части шеи и спускайтесь вниз по позвоночнику к хвосту. Ведение струи воды близко к шерсти позволит воде проникнуть в её глубину, но не забрызгать Вас. Необходимо пройти душем с водой сверху вниз по одной стороне тела, включая ноги, затем сверху вниз с другой стороны, до тех пор, пока животное не будет полностью намочено. Процедура для собак с густой шерстью займет больше времени.</p>\r\n	<p>Нужно следить за тем, что бы вода не попадала в глаза, нос, уши. Вы можете разместить ватные шарики в ушах собаки для предотвращения попадания воды в слуховой канал.</p>\r\n	<p>Для обеспечения распределения продукта равномерно, нанесите шампунь на свои ладони разотрите его, а после наносите на шерсть собаки массирующими движениями. Для особенно грязной собаки, одного нанесения шампуня может быть недостаточно. Нанося шампунь повторно, оставьте его на пару минут. Это позволит активным ингредиенты, таким как масло вечерней примулы и маточное молочко впитаться в шерсть и кожу. После того, как 2-5 минуты истекли, не забудьте тщательно промыть все следы шампуня с шерсти. Даже оставшееся небольшое количество шампуня на шерсти может стать причиной «номер один» раздражения кожи у собак.</p>\r\n	<p>Необходимо применять соответствующий кондиционер. Кондиционеры, как правило, используется для защиты шерсти от повреждений инструментами и продуктами для укладки, а также от факторов окружающей среды.</p>\r\n	<p>В зависимости от вашей породы, возможно, потребуется использовать специально предназначенные средства, чтобы помочь высушить шерсть полностью.</p>\r\n</div>\r\n<div class="bs-callout bs-callout-info">\r\n	<h3 class="center">Основы сушки</h3>\r\n	<p>Существует много различных методов сушки, поскольку есть разные породы собак. Все зависит от типа шерсти и ее состояния.</p>\r\n	<p>Самым простой и наиболее популярным является сушка полотенцами с последующей воздушной сушкой. Просто аккуратно выжимайте воду руками, сколько Ваша собака позволит. Как только это будет сделано, вы можете вытереть его аккуратно полотенцем.</p>\r\n	<p>Для собак с густой шерстью не рекомендуется, вытирать шерсть полотенцем. Это приведет к повреждению или ломкости шерсти.</p>\r\n	<p>Есть породы которые требуют сушки воздухом, это может испугать некоторых собак, и мы не рекомендуем использовать эти методы без помощи опытного грумера в первый раз.</p>\r\n	<p>Для некоторых пород необходимо применять Isle of Dogs №62 Evening Primrose Oil или №63 Detangle Conditioning Mist. Их следует использовать, когда шерсть просто влажная, а затем после этого необходимо прочесать шерсть щеткой – это и будет заключительная стадия сушки.</p>\r\n	<p>Когда Ваша собака вымыта и суха, она будет чувствовать себя на вершине блаженства. Нежные, натуральные ингредиенты в составе продуктов для собак сделают её шерсть гладкой и приведут в идеальное состояние. И самое важное, собака будет знать, что Вы ее любите!</p>\r\n</div>', 1, '2016-08-09 11:50:02', ''),
(19, 'do-dont', '10 правил по уходу за собакой, которые вы должны знать', '', '10 правил по уходу за собакой, которые вы должны знать', '', '<div class="bs-callout bs-callout-success">\r\n<ul class="list-unstyled list-advantages">\r\n	<li>Свободно купайте свою собаку часто. Продукция фирмы Isle of Dogs разработана для безопасного ежедневного применения.</li>\r\n	<li>Убедитесь, что удалили все колтуны перед купанием, так как они будут склеиваться во влажном состоянии.</li>	\r\n	<li>Ощупывайте собаку во время купания, обратите внимание нет ли ничего необычного на коже или шерсти.</li>	\r\n	<li>Всегда используйте кондиционер после купания, он добавит блеск и уменьшит выпадение шерсти.</li>\r\n</ul>\r\n</div>\r\n<div class="bs-callout bs-callout-warning">\r\n<ul class="list-unstyled list-advantages">\r\n	<li>Не допускайте попадания воды в ушной канал во время купания.</li>\r\n	<li>Не забудьте тщательно промыть шерсть и кожу Вашей собаки от шампуня. Это касается любой собаки и шампуня.</li>\r\n	<li>Не оставляйте собак без присмотра в ванне и на столе для стрижки.</li>\r\n	<li>Не бойтесь обращаться к профессионалам за советом перед грумингом вашей собаки.</li>\r\n	<li>Не забывайте регулярно обрезать когти на лапах вашей собаки, чистить зубы и проверять уши.</li>\r\n	<li>Не расчёсывайте сухую шерсть. Расчёсывайте либо влажную шерсть – можно использовать спреи для расчёсывания, либо смачивайте инструмент.</li>\r\n</ul>\r\n</div>', 1, '2016-08-15 12:49:10', ''),
(20, 'ingredients', 'Ингредиенты', '', 'Ингредиенты', '', '<div class="ingredients">\r\n	<div class="ingredients__block">\r\n	<h3 class="ingredients__header center">Масло Вечерней Примулы</h3>\r\n		<div class="ingredients__image_container pull-left">\r\n			<img src="/img/epo.jpg" alt="" class="img-responsive img-thumbnail">\r\n		</div>		\r\n			<p>Масло Вечерней Примулы (ЕРО) – создано на основе вытяжки масла из семян растения Вечерней Примулы. Растение произрастает в Северной Америке, откуда оно случайно попало в США на судне, которое везло груз табака. Растение было официально представлено в Европе в 1614 г. во времена правления Короля Джеймса I и вскоре стало известно, как «Королевское лекарство от всех болезней» из-за его медицинских свойств. Однако никто не занимался тщательным изучением Масла Вечерней Примулы (ЕРО) до 1919г., пока в Германии не была обнаружена входящая в его состав гамма-линоленовая кислота, и, соответственно было замечено ее влияние на обмен веществ в клетках и снижение уровня холестерина.</p>\r\n			<p>В настоящее время всеми признается польза масла для здоровья и ухода за кожей. Из растения Вечерней Примулы получают натуральное масло холодного отжима. Нужно два года, чтобы из одного цветка получить 5,000 крошечных красновато-коричневых семян, которые необходимы для получения 500 мг. масла. Масло Вечерней Примулы содержит гамма-линоленовую кислоту, которая является важным компонентом для метаболических процессов и превращения линоленовой кислоты в простагландин Е1, регулирующий обмен веществ в клетках.</p>\r\n			<p>Существует два основных способа экстракции масла из семян Вечерней Примулы: холодный отжим и экстракция растворителем. Последний предполагает промывку семян растворителем. Первый способ, применяемый «Isle Of Dogs» , осуществляется в специальных машинах с большим давлением на семена Вечерней Примулы и фактически масло выжимается естественным образом. И хотя этот способ более дорогой, он предпочтительней, поскольку холодный отжим позволяет избежать употребления химикатов. Это позволяет сохранить качество питательных веществ и не использовать химикаты. Большинство других доступных продуктов на рынке сегодня содержат экстракт Масла Вечерней Примулы, который ниже по качеству.</p>\r\n	</div>\r\n	<div class="ingredients__block">\r\n		<h3 class="ingredients__header center">Королевское Желе</h3>\r\n		<div class="ingredients__image_container pull-right">\r\n			<img src="/img/royal-jelly.jpg" alt="" class="img-responsive img-thumbnail">\r\n		</div>	\r\n		<p>Королевское Желе – Маточное молочко является питательным веществом, которым рабочие пчелы кормят королеву пчел. Назван так потому, что служит в качестве единственной еды для пчелы-матки. Он содержит все витамины группы В, а также витамины А, С, D, E и К, больше дюжины основных минералов, восемнадцать аминокислот и других составляющих, включая нуклеиновые кислоты (DNA и RNA). Это одна из самых чистых форм протеина, существующего в природе. Исследования показали, что, питая волосяной фолликул, этот протеин способствует регенерации волос.</p>\r\n	</div>\r\n	<div class="ingredients__block">\r\n		<h3 class="ingredients__header center">Гибискус Сабдариффа</h3>\r\n		<div class="ingredients__image_container pull-left">\r\n			<img src="/img/hibiscus.jpg" alt="" class="img-responsive img-thumbnail">\r\n		</div>	\r\n		<p>Считается, что экстракт Гибискуса Сабдариффа (лат. Hibiscus sabdariffa) пришел к нам из Западной Африки. Разнообразный гибискус произрастал главным образом на песчаных дюнах Западного Судана и в разговорной речи назывался каркаде. В Индии гибискус традиционно используется для усиления блеска волос.</p>\r\n		<p>Самые лучшие цветы гибискуса, используемые «ISLE OF DOGS», собираются зимой, что гарантирует наилучшее качество и самое высокое содержание органических кислот. Используются только бежевые лепестки цветка. Кислоты экстракта активируют восстановление клеток кожи, улучшая ее увлажнение. Главный визуальный эффект – это невероятный блеск. Это результат разглаживающего эффекта благодаря действию органических кислот на кератиновые цепочки. Шерсть собаки кажется более густой и блестящей. Гибискус Сабдариффа является одним из основных ингредиентов в нашем шампуне для блеска <a href="/item/32-intensely-nourishing-gloss-shampoo">№32</a>.</p>\r\n	</div>\r\n	<div class="ingredients__block"></div>\r\n</div>', 1, '2016-08-09 16:07:27', ''),
(21, 'bathe-basic', 'Основы купания', '', 'Основы купания', '', '<div class="bs-callout bs-callout-info">\r\n	<p>Купание – будет положительным опытом в взаимоотношениях Вас и Вашей собаки. Это стоит больших трудов, но конечный результат должен быть наградой для обоих.</p>\r\n	<p>Ключами решения проблемного купания могут быть различные решения. Самое главное это наличие специальной ванны для мытья собак. Если вы не имеете желания приобретать её, вы можете обратиться в груминг салон, в котором грумер предложит Вашей собаке не только полноценное купание, но и профессиональную стрижку, сушку и Spa-процедуры. Если эти варианты не устраивают Вас используйте домашнюю ванну с ручным душем. Мы также рекомендуем использовать резиновый коврик на дне ванны, чтобы Ваша собака чувствовала себя более безопасно, и менее вероятно, что она будет скользить.Температура воды должна быть комфортной для вашей собственной кожи.</p>\r\n	<p>Хорошо намочите шерсть, начиная с задней части шеи и спускайтесь вниз по позвоночнику к хвосту. Ведение струи воды близко к шерсти позволит воде проникнуть в её глубину, но не забрызгать Вас. Необходимо пройти душем с водой сверху вниз по одной стороне тела, включая ноги, затем сверху вниз с другой стороны, до тех пор, пока животное не будет полностью намочено. Процедура для собак с густой шерстью займет больше времени.</p>\r\n	<p>Нужно следить за тем, что бы вода не попадала в глаза, нос, уши. Вы можете разместить ватные шарики в ушах собаки для предотвращения попадания воды в слуховой канал.</p>\r\n	<p>Для обеспечения распределения продукта равномерно, нанесите шампунь на свои ладони разотрите его, а после наносите на шерсть собаки массирующими движениями. Для особенно грязной собаки, одного нанесения шампуня может быть недостаточно. Нанося шампунь повторно, оставьте его на пару минут. Это позволит активным ингредиенты, таким как масло вечерней примулы и маточное молочко впитаться в шерсть и кожу. После того, как 2-5 минуты истекли, не забудьте тщательно промыть все следы шампуня с шерсти. Даже оставшееся небольшое количество шампуня на шерсти может стать причиной «номер один» раздражения кожи у собак.</p>\r\n	<p>Необходимо применять соответствующий кондиционер. Кондиционеры, как правило, используется для защиты шерсти от повреждений инструментами и продуктами для укладки, а также от факторов окружающей среды.</p>\r\n	<p>В зависимости от вашей породы, возможно, потребуется использовать специально предназначенные средства, чтобы помочь высушить шерсть полностью.</p>\r\n</div>', 1, '2016-08-09 17:17:01', ''),
(22, 'dry-basic', 'Основы сушки', '', 'Основы сушки', '', '<div class="bs-callout bs-callout-info">\r\n	<p>Существует много различных методов сушки, поскольку есть разные породы собак. Все зависит от типа шерсти и ее состояния.</p>\r\n	<p>Самым простой и наиболее популярным является сушка полотенцами с последующей воздушной сушкой. Просто аккуратно выжимайте воду руками, сколько Ваша собака позволит. Как только это будет сделано, вы можете вытереть его аккуратно полотенцем.</p>\r\n	<p>Для собак с густой шерстью не рекомендуется, вытирать шерсть полотенцем. Это приведет к повреждению или ломкости шерсти.</p>\r\n	<p>Есть породы которые требуют сушки воздухом, это может испугать некоторых собак, и мы не рекомендуем использовать эти методы без помощи опытного грумера в первый раз.</p>\r\n	<p>Для некоторых пород необходимо применять Isle of Dogs №62 Evening Primrose Oil или №63 Detangle Conditioning Mist. Их следует использовать, когда шерсть просто влажная, а затем после этого необходимо прочесать шерсть щеткой – это и будет заключительная стадия сушки.</p>\r\n	<p>Когда Ваша собака вымыта и суха, она будет чувствовать себя на вершине блаженства. Нежные, натуральные ингредиенты в составе продуктов для собак сделают её шерсть гладкой и приведут в идеальное состояние. И самое важное, собака будет знать, что Вы ее любите!</p>\r\n</div>', 1, '2016-08-09 17:17:45', ''),
(23, 'coat-types', 'Типы шерсти', '', 'Типы шерсти', '', '<h2>Шерсть собаки – это жизненный показатель ее здоровья.</h2>\r\n<p>В отличие от людей, у которых волосы растут только на голове, шерсть наших любимцев покрывает не только голову, но и все тело. Кожа и шерсть являются своеобразным барьером организма от внешнего мира. Поглаживание, царапанье, нежные ласки, дружеское обнюхивание или грозное кусание, даже проникновение нежелательных паразитов – все это они чувствуют своей шерстью и кожей. Это то, что позволяет собаке чувствовать прикосновения. Это ее окно в окружающий мир. И если все в порядке с ее шерстью, то все в порядке и с ней самой.</p>\r\n<p>Ветеринары и собаководы-профессионалы могут подтвердить тот факт, что шерсть собаки является своеобразным барометром ее или его здоровья. Если шерсть выглядит чрезмерно лохматой или кожа слишком шелушится – это серьезный признак того, что с собакой что-то не так. Если проблемы с шерстью и кожей собаки пущены на самотек, качество ее жизни будет резко ухудшаться.</p>\r\n\r\n<h3>Типы шерсти собак</h3>\r\n<p>Независимо от того, какая порода у вашей собаки, йоркширский терьер, афганская борзая, бостонский терьер или чихуахуа она обладает основной собачьей структурой костей и мышц. Все собаки разделяются на породы. Но испокон веков человек совершенствовал особые характеристики домашних собак с помощью контролируемого селекционного разведения. Каждая порода уникальна и имеет свое особое назначение, внешний вид, темперамент и, конечно, шерсть. Кроме того, у двух собак одной породы могут различаться состояние кожи, среда обитания, образ жизни (живет на улице или в доме) и, конечно, они могут быть разного возраста и пола. В Isle of Dogs мы создали целую систему, которая настолько же индивидуальна, как и собака и ее шерсть. Вообще, мы можем разделить большинство собак на следующие категории:</p>\r\n\r\n\r\n<div class="coat_types">\r\n	<div class="coat_types__element">\r\n		<div class="coat_types__element_content col-md-8">\r\n			<h4 class="coat_types__element_header">Гладкошерстные</h4>\r\n			<h5 class="coat_types__element_breeds">например: пойнтеры, гончие, боксеры, бульдоги, чихуахуа, доберманы-пинчеры, бостонские терьеры</h5>\r\n			<p>Вообще, гладкая шерсть должна быть чистой и без запаха. Она близка к телу, отдельные волоски – короткие и жесткие. Кожа мягкая и часто чувствительна к шероховатым поверхностям, инструментам и/или оснащению. Долгое пребывание на улице во время холодной или плохой погоды без попонок или курточек непозволительно для маленьких пород с таким типом шерсти. Все породы с таким видом шерсти больше подвержены укусам насекомых, чем другие породы.</p>\r\n		</div>\r\n		<div class="coat_types__element_img col-md-4">\r\n			<img src="/img/coat-types/smooth­-coated.jpg" class="img-responsive img-thumbnail" alt="Гладкошерстные">\r\n		</div>\r\n	</div>\r\n	<div class="coat_types__element">\r\n		<div class="coat_types__element_img col-md-4">\r\n			<img src="/img/coat-types/short­-coated.jpg" class="img-responsive img-thumbnail" alt="Короткошерстные">\r\n		</div>\r\n		<div class="coat_types__element_content col-md-8">\r\n			<h4 class="coat_types__element_header">Короткошерстные</h4>\r\n			<h5 class="coat_types__element_breeds">например: лабрадоры-ретриверы, охотничьи собаки, ротвейлеры, мопсы</h5>\r\n			<p>Короткая шерсть – жесткая и близка к телу. Она совместима со многими погодными условиями. Природно откладываемые телом жиры могут привести к появлению запаха у некоторых пород, особенно у охотничьих собак. Сбрасывание шерсти может быть обильным в прохладном весеннем климате.</p>\r\n		</div>\r\n	</div>\r\n	<div class="coat_types__element">\r\n		<div class="coat_types__element_content col-md-8">\r\n			<h4 class="coat_types__element_header">Смешанный тип шерсти</h4>\r\n			<h5 class="coat_types__element_breeds">например: золотистые ретриверы, тибетские спаниели, шотландские овчарки</h5>\r\n			<p>Смешанный тип шерсти включает в себя как короткую, гладкую шерсть, так и длинную, шелковистую. Очень короткая шерсть находится на лице и на передней стороне лап; по всему телу – короткая плотная шерсть; длинная шерсть находится на хвосте, под животом и на задней стороне лап. Обычно у пород со смешанным типом шерсти бывает сезонная линька. Длинная шерсть на лапах и между подушечками лап склонна к спутыванию, загрязнению, на ней может скапливаться мусор, поэтому ее нужно подрезать.</p>\r\n		</div>\r\n		<div class="coat_types__element_img col-md-4">\r\n			<img src="/img/coat-types/combination­-coat.jpg" class="img-responsive img-thumbnail" alt="Смешанный тип шерсти">\r\n		</div>\r\n	</div>\r\n	<div class="coat_types__element">\r\n		<div class="coat_types__element_img col-md-4">\r\n			<img src="/img/coat-types/double­-coated.jpg" class="img-responsive img-thumbnail" alt="Породы с двойной шерстью">\r\n		</div>\r\n		<div class="coat_types__element_content col-md-8">\r\n			<h4 class="coat_types__element_header">Породы с двойной шерстью</h4>\r\n			<h5 class="coat_types__element_breeds">например: акиты, немецкие овчарки, норвежские шпицы, шелти, сибирские хаски</h5>\r\n			<p>Двойная шерсть прямая, короткая или средней длины. Обладает жестким внешним слоем шерсти и густым, плотным, мягким нижним слоем, который защищает собаку от суровых погодных условий. Природно выделяемые кожей жиры могут приводить к появлению запаха. Возможна обильная сезонная линька.</p>\r\n		</div>\r\n	</div>\r\n	<div class="coat_types__element">\r\n		<div class="coat_types__element_content col-md-8">\r\n			<h4 class="coat_types__element_header">Породы с густой шерстью</h4>\r\n			<h5 class="coat_types__element_breeds">например: ньюфаундленды, чау-чау, пекинесы</h5>\r\n			<p>Породы с густой шерстью обладают как длинной, густой и шелковистой, так и очень короткой, гладкой шерстью. Длинную шерсть необходимо регулярно расчесывать, чтобы предотвратить спутывание и появление колтунов, которые могут привести к воспалению и/или заражению кожи из-за отсутствия доступа воздуха. Длинная шерсть между пальцев и на подушечках склонна к накоплению грязи и мусора. Возможна сезонная линька.</p>\r\n		</div>\r\n		<div class="coat_types__element_img col-md-4">\r\n			<img src="/img/coat-types/heavy­-coated.jpg" class="img-responsive img-thumbnail" alt="Гладкошерстные">\r\n		</div>\r\n	</div>\r\n	<div class="coat_types__element">\r\n		<div class="coat_types__element_img col-md-4">\r\n			<img src="/img/coat-types/silky­-coated.jpg" class="img-responsive img-thumbnail" alt="Породы с шелковистой шерстью">\r\n		</div>\r\n		<div class="coat_types__element_content col-md-8">\r\n			<h4 class="coat_types__element_header">Породы с шелковистой шерстью</h4>\r\n			<h5 class="coat_types__element_breeds">например: все сеттеры, английские спрингер-спаниели, кокер-спаниели, кавалер кинг-чарльз спаниель</h5>\r\n			<p>Породы с шелковистой шерстью обладают как длинной, шелковистой, так и очень короткой гладкой шерстью. Очень короткая, плотная шерсть находится на морде и на передней стороне лап; короткая шерсть – по всему телу; шерсть подлиннее – на хвосте, под животом и задней стороне лап. Длинную шерсть необходимо регулярно расчесывать, чтобы предотвратить запутывание и появление колтунов. Обычно породы с шелковистой шерстью линяют раз в сезон. Длинная шерсть между пальцев и на подушечках склонна к накоплению грязи и мусора.</p>\r\n		</div>\r\n	</div>\r\n	<div class="coat_types__element">\r\n		<div class="coat_types__element_content col-md-8">\r\n			<h4 class="coat_types__element_header">Длинношерстные</h4>\r\n			<h5 class="coat_types__element_breeds">например: тибетские терьеры, лхаса апсо, афганские гончие, йоркширские Терьеры, мальтийские собаки</h5>\r\n			<p>Длинношерстные породы характеризуются длинной шерстью, покрывающей все тело, считается, что они не подвержены линьке. Небольшое подрезание волос необходимо, чтобы подготовить таких собак к выставке. Длинную шерсть необходимо регулярно расчесывать, чтобы предотвратить спутывание и появление колтунов, которые могут привести к воспалению и/или заражению кожи из-за отсутствия доступа воздуха. Длинная шерсть между пальцев и на подушечках склонна к накоплению грязи и мусора. Из-за чрезмерно длинной шерсти у таких пород могут возникать проблемы с глазами и ушами.</p>\r\n		</div>\r\n		<div class="coat_types__element_img col-md-4">\r\n			<img src="/img/coat-types/natural-long­-haired.jpg" class="img-responsive img-thumbnail" alt="Длинношерстные">\r\n		</div>\r\n	</div>\r\n	<div class="coat_types__element">\r\n		<div class="coat_types__element_img col-md-4">\r\n			<img src="/img/coat-types/curly-and-wavy-coated.jpg" class="img-responsive img-thumbnail" alt="Кудрявая и волнистая шерсть">\r\n		</div>\r\n		<div class="coat_types__element_content col-md-8">\r\n			<h4 class="coat_types__element_header">Кудрявая и волнистая шерсть</h4>\r\n			<h5 class="coat_types__element_breeds">например: ирландские спаниели-водолазы, старые английские овчарки, пудели, бишон фризе</h5>\r\n			<p>Кудрявая или волнистая шерсть – мягкая, кудрявая или волнистая, и не линяет. Ее необходимо регулярно расчесывать, чтобы предотвратить спутывание и появление колтунов, а также регулярно подстригать и мыть, чтобы поддерживать ее здоровье и ухоженность.</p>\r\n		</div>\r\n	</div>\r\n	<div class="coat_types__element">\r\n		<div class="coat_types__element_content col-md-8">\r\n			<h4 class="coat_types__element_header">Проволочная шерсть</h4>\r\n			<h5 class="coat_types__element_breeds">например: практически все терьеры, гигантские или обыкновенные шнауцеры, таксы жесткошерстные, ирландские волкодавы</h5>\r\n			<p>Породы с проволочной шерстью обладают мягким, густым нижним слоем, который покрывает практически все тело, а также проволочным защитным волосом, который покрывает все тело (морду, уши, тело, лапы и хвост). Длинную защитную шерсть необходимо расчесывать, мыть, а также регулярно перебирать руками или выдергивать, чтобы предотвратить спутывание и появление колтунов. В холодном климате короткий слой шерсти будет линять во время сезонной линьки. Длинная шерсть между пальцев и на подушечках склонна к накоплению грязи и мусора.</p>\r\n		</div>\r\n		<div class="coat_types__element_img col-md-4">\r\n			<img src="/img/coat-types/wire­-coated.jpg" class="img-responsive img-thumbnail" alt="Проволочная шерсть">\r\n		</div>\r\n	</div>\r\n	<div class="coat_types__element">\r\n		<div class="coat_types__element_img col-md-4">\r\n			<img src="/img/coat-types/corded.jpg" class="img-responsive img-thumbnail" alt="Веревочная шерсть">\r\n		</div>\r\n		<div class="coat_types__element_content col-md-8">\r\n			<h4 class="coat_types__element_header">Веревочная шерсть</h4>\r\n			<h5 class="coat_types__element_breeds">например: пули, комондоры</h5>\r\n			<p>Веревочная шерсть состоит из сильных верхних волосков, оплетающих мягкий, пушистый нижний слой. Обычно у таких пород веревочная шерсть появляется только, когда они становятся взрослыми – в таком возрасте, когда шерсть начинает расти до длины, необходимой для показа на выставках. Необходим очень серьезный уход, чтобы вырастить и поддержать в должном состоянии веревочную шерсть. Частое мытье не рекомендуется, поскольку шампунь трудно вымывается, а шерсть трудно полностью высушить. Обязательно необходимо следить, чтобы не появлялись блохи и проблемы с кожей.</p>\r\n		</div>\r\n	</div>\r\n</div>', 1, '2016-08-15 12:49:48', ''),
(24, 'brand', 'История бренда Isle of Dogs', '', 'История бренда', '', '<p>Мы вряд ли должны говорить вам о том, что ваша собака уникальна. Настолько же уникальна, как и любой член вашей семьи. И надлежащий уход, который она получает, должен быть настолько же индивидуальным.</p>\r\n<p>В «Isle of Dogs» мы преданы своему делу. Мы предоставляем передовую продукцию и знаем по опыту, какого качественного ухода заслуживает ваша собака.</p>\r\n<p>«Isle of Dogs» была основана двумя страстными собаководами, разводчиками собак-чемпионов. Она создала целую систему по уходу за собаками. Система распознает каждую уникальную особенность собаки и соответствует ей. Для создания такой системы наши основатели проводили исследования продукции по всему миру. И нашли ответ в Англии. Неудивительно для нации, славящейся своими любителями собак.</p>\r\n<p>Там они обнаружили ряд важных растворов для ухода за собаками. Они были разработаны британским химиком и напоминали два полезных природных вещества. Первое – это прессованное в холодном состоянии масло, называемое Масло Вечерней Примулы, а второе – Королевское Желе. Растворы были основаны на уникальной эмульсии, в состав которой входил необычайно большой процент натуральных масел в продуктах на водной основе. Эта формула позволила шерсти любых собак стать более гладкой, сияющей и здоровой. И это основная инновация в системе «Айл оф Догз».</p>\r\n<p>Система «Isle of Dogs» осознает взаимосвязь шерсти и кожи вашей собаки, назначая идеально подобранную продукцию и придерживаясь целостного подхода. Мы используем сочетание шампуней, кондиционеров, спреев и добавок для шерсти, чтобы максимально улучшить здоровье и красоту вашей собаки как снаружи, так и изнутри.\r\n</p>', 1, '2016-08-15 12:46:27', ''),
(25, 'puppy', '', '', 'Уход за щенками', '', '<div class="puppy_page_block">\r\n<img src="/img/material/puppy.jpg" alt="" class="img-responsive img-thumbnail pull-left">\r\n<p>Щенков можно и нужно регулярно купать с восьминедельного возраста. Приучившись  к купанию с раннего возраста, они будут спокойнее относиться к этому процессу, когда вырастут. Купание также является отличной возможностью сблизиться со щенком. В процессе роста щенка, его шерсть проходит многие стадии. Использование <a href="/item/tearless-puppy-shampoo">шампуня «без слез» для щенков</a> от Isle of Dogs поможет шерсти перенести изменения и сохранит кожу здоровой, а также поможет сократить выпадение шерсти.</p>\r\n<p>Маленькие щенки плохо терпят слишком холодную или слишком горячую воду. Необходимо использовать именно теплую воду во время купания, и что более важно – держать щенка в сухом и теплом месте до тех пор, пока его шерсть и кожа не высохнут полностью.</p>\r\n</div>', 1, '2016-08-12 13:49:59', ''),
(26, 'eds2016', '', '', 'European Dog Show 2016', '', '<h2 class="center">Желаем участникам из России удачно выступить на <nobr>Чемпионате Европы 2016!</nobr></h2>\r\n<div class="col-md-10 col-md-offset-1">\r\n<div class="embed-responsive embed-responsive-16by9">\r\n  <iframe class="embed-responsive-item" src="//www.youtube.com/embed/pxD6afI8Pg4"></iframe>\r\n</div>\r\n</div>', 1, '2016-08-26 12:12:43', ''),
(27, 'eurasia2017', 'Уважаемые участники и посетители международной выставки собак «Евразия 2017»', '', 'Уважаемые участники и посетители международной выставки собак «Евразия 2017»', '', '<img src="/temp/eurasia17.jpg" class="img-responsive mauto" alt="">\r\n<p>Друзья, в рамках выставки «Евразия-2017» приглашаем вас посетить наш стенд «Isle of Dogs» (зал 14).</p>\r\n<p>Выставка состоится 17-19 марта в МВЦ «Крокус Экспо», павильон №3. «Евразия-2017» - одно из главных кинологических мероприятий года, к нему готовятся особенно тщательно и усердно. Мы знаем, сколько сил, труда и любви нужно вложить в своих питомцев, чтобы они заслужили почетный титул чемпиона.</p>\r\n<p>Мы болеем за всех участников выставки и желаем всем честной борьбы. И конечно, на нашем стенде косметики «Isle of Dogs» будут действовать специальные предложения на покупку нашей продукции.</p>\r\n<p><strong>До встречи на «Евразии-2017»!</strong></p>', 1, '2017-03-16 23:36:09', '')
ON DUPLICATE KEY UPDATE
  `href` = VALUES(href),
  `title` = VALUES(title),
  `snippet` = VALUES(snippet),
  `header` = VALUES(header),
  `description` = VALUES(description),
  `content` = VALUES(content),
  `active` = VALUES(active);

  INSERT INTO `file_storage` (`id`, `small_file_name`, `file_name`, `s3_small_file_path`, `s3_file_path`, `dir_name`, `description`, `sort_order`, `is_delete`, `date`) VALUES
(71, 'small_83134f79894cbabdbbb3ff39c81e9cc41470390250.jpg', '83134f79894cbabdbbb3ff39c81e9cc41470390250.jpg', 'public/upload/product2/small_83134f79894cbabdbbb3ff39c81e9cc41470390250.jpg', 'public/upload/product2/83134f79894cbabdbbb3ff39c81e9cc41470390250.jpg', 'product2', NULL, 100, NULL, '2016-08-05 12:44:11'),
(72, 'small_4881a4636f7b35009d738e7040b516281470390251.jpg', '4881a4636f7b35009d738e7040b516281470390251.jpg', 'public/upload/product2/small_4881a4636f7b35009d738e7040b516281470390251.jpg', 'public/upload/product2/4881a4636f7b35009d738e7040b516281470390251.jpg', 'product2', NULL, 100, NULL, '2016-08-05 12:44:11'),
(73, 'small_8bccf9aa441bb7c70c589c39b9ac0f961470390251.jpg', '8bccf9aa441bb7c70c589c39b9ac0f961470390251.jpg', 'public/upload/product2/small_8bccf9aa441bb7c70c589c39b9ac0f961470390251.jpg', 'public/upload/product2/8bccf9aa441bb7c70c589c39b9ac0f961470390251.jpg', 'product2', NULL, 100, NULL, '2016-08-05 12:44:11'),
(74, 'small_106378016dce6b37f9cf7370280542b71470390251.jpg', '106378016dce6b37f9cf7370280542b71470390251.jpg', 'public/upload/product2/small_106378016dce6b37f9cf7370280542b71470390251.jpg', 'public/upload/product2/106378016dce6b37f9cf7370280542b71470390251.jpg', 'product2', NULL, 100, NULL, '2016-08-05 12:44:11'),
(75, 'small_8f24d4d5fc4bc8640cfca3623ca3d8251470390390.jpg', '8f24d4d5fc4bc8640cfca3623ca3d8251470390390.jpg', 'public/upload/product1/small_8f24d4d5fc4bc8640cfca3623ca3d8251470390390.jpg', 'public/upload/product1/8f24d4d5fc4bc8640cfca3623ca3d8251470390390.jpg', 'product1', NULL, 100, NULL, '2016-08-05 12:46:31'),
(76, 'small_6363c4a56cf364b5c38aea81ea9858fd1470390413.jpg', '6363c4a56cf364b5c38aea81ea9858fd1470390413.jpg', 'public/upload/product1/small_6363c4a56cf364b5c38aea81ea9858fd1470390413.jpg', 'public/upload/product1/6363c4a56cf364b5c38aea81ea9858fd1470390413.jpg', 'product1', NULL, 100, 1, '2016-08-05 12:46:53'),
(77, 'small_6b737b8a0b90258de942469eefcb2d961470390413.jpg', '6b737b8a0b90258de942469eefcb2d961470390413.jpg', 'public/upload/product1/small_6b737b8a0b90258de942469eefcb2d961470390413.jpg', 'public/upload/product1/6b737b8a0b90258de942469eefcb2d961470390413.jpg', 'product1', NULL, 100, 1, '2016-08-05 12:46:53'),
(78, 'small_9bbc9d5f27e2171bf74aa97cc84c59e61470390413.jpg', '9bbc9d5f27e2171bf74aa97cc84c59e61470390413.jpg', 'public/upload/product1/small_9bbc9d5f27e2171bf74aa97cc84c59e61470390413.jpg', 'public/upload/product1/9bbc9d5f27e2171bf74aa97cc84c59e61470390413.jpg', 'product1', NULL, 100, 1, '2016-08-05 12:46:54'),
(79, 'small_a76b4b161c1ecbaadf6b96af7874303f1470390537.jpg', 'a76b4b161c1ecbaadf6b96af7874303f1470390537.jpg', 'public/upload/product3/small_a76b4b161c1ecbaadf6b96af7874303f1470390537.jpg', 'public/upload/product3/a76b4b161c1ecbaadf6b96af7874303f1470390537.jpg', 'product3', NULL, 100, 1, '2016-08-05 12:49:01'),
(80, 'small_a78386172e45726e020b1ed93c57971c1470390541.jpg', 'a78386172e45726e020b1ed93c57971c1470390541.jpg', 'public/upload/product3/small_a78386172e45726e020b1ed93c57971c1470390541.jpg', 'public/upload/product3/a78386172e45726e020b1ed93c57971c1470390541.jpg', 'product3', NULL, 100, 1, '2016-08-05 12:49:01'),
(81, 'small_72420598cd4ced3abfabf1d58d9519201470390541.jpg', '72420598cd4ced3abfabf1d58d9519201470390541.jpg', 'public/upload/product3/small_72420598cd4ced3abfabf1d58d9519201470390541.jpg', 'public/upload/product3/72420598cd4ced3abfabf1d58d9519201470390541.jpg', 'product3', NULL, 100, 1, '2016-08-05 12:49:01'),
(82, 'small_e753214b5e68fec13fbbb57d1fe3cbf11470390541.jpg', 'e753214b5e68fec13fbbb57d1fe3cbf11470390541.jpg', 'public/upload/product3/small_e753214b5e68fec13fbbb57d1fe3cbf11470390541.jpg', 'public/upload/product3/e753214b5e68fec13fbbb57d1fe3cbf11470390541.jpg', 'product3', NULL, 100, 1, '2016-08-05 12:49:02'),
(83, 'small_2ffcee46b6f8e9d380b8177321458b8e1470390625.jpg', '2ffcee46b6f8e9d380b8177321458b8e1470390625.jpg', 'public/upload/product3/small_2ffcee46b6f8e9d380b8177321458b8e1470390625.jpg', 'public/upload/product3/2ffcee46b6f8e9d380b8177321458b8e1470390625.jpg', 'product3', NULL, 100, NULL, '2016-08-05 12:50:25'),
(84, 'small_4862f4a106bfd9dcde5816ea75c9ac031470390625.jpg', '4862f4a106bfd9dcde5816ea75c9ac031470390625.jpg', 'public/upload/product3/small_4862f4a106bfd9dcde5816ea75c9ac031470390625.jpg', 'public/upload/product3/4862f4a106bfd9dcde5816ea75c9ac031470390625.jpg', 'product3', NULL, 100, NULL, '2016-08-05 12:50:26'),
(85, 'small_5f61d3bc2806ce9d1e85c1ea63d8724d1470390626.jpg', '5f61d3bc2806ce9d1e85c1ea63d8724d1470390626.jpg', 'public/upload/product3/small_5f61d3bc2806ce9d1e85c1ea63d8724d1470390626.jpg', 'public/upload/product3/5f61d3bc2806ce9d1e85c1ea63d8724d1470390626.jpg', 'product3', '', 10, NULL, '2016-08-05 12:50:26'),
(86, 'small_e88e1c06966098c27ee43d1f964c644c1470390649.jpg', 'e88e1c06966098c27ee43d1f964c644c1470390649.jpg', 'public/upload/product3/small_e88e1c06966098c27ee43d1f964c644c1470390649.jpg', 'public/upload/product3/e88e1c06966098c27ee43d1f964c644c1470390649.jpg', 'product3', '', 80, NULL, '2016-08-05 12:50:50'),
(87, 'small_1e8f1f08d8708331830fe2e566209a4a1470390782.jpg', '1e8f1f08d8708331830fe2e566209a4a1470390782.jpg', 'public/upload/product4/small_1e8f1f08d8708331830fe2e566209a4a1470390782.jpg', 'public/upload/product4/1e8f1f08d8708331830fe2e566209a4a1470390782.jpg', 'product4', NULL, 100, NULL, '2016-08-05 12:53:02'),
(88, 'small_e54da231292bffbc163bab9e2f149c3f1470390782.jpg', 'e54da231292bffbc163bab9e2f149c3f1470390782.jpg', 'public/upload/product4/small_e54da231292bffbc163bab9e2f149c3f1470390782.jpg', 'public/upload/product4/e54da231292bffbc163bab9e2f149c3f1470390782.jpg', 'product4', '', 10, NULL, '2016-08-05 12:53:02'),
(89, 'small_a19305b9e2ac6beab25dcc8ad59f1fd11470390782.jpg', 'a19305b9e2ac6beab25dcc8ad59f1fd11470390782.jpg', 'public/upload/product4/small_a19305b9e2ac6beab25dcc8ad59f1fd11470390782.jpg', 'public/upload/product4/a19305b9e2ac6beab25dcc8ad59f1fd11470390782.jpg', 'product4', NULL, 100, NULL, '2016-08-05 12:53:03'),
(90, 'small_801f98689a7266fe95db81f1d18d31961470390818.jpg', '801f98689a7266fe95db81f1d18d31961470390818.jpg', 'public/upload/product5/small_801f98689a7266fe95db81f1d18d31961470390818.jpg', 'public/upload/product5/801f98689a7266fe95db81f1d18d31961470390818.jpg', 'product5', NULL, 100, NULL, '2016-08-05 12:53:38'),
(91, 'small_d3ff16878790178f1b15ea756282d1971470390819.jpg', 'd3ff16878790178f1b15ea756282d1971470390819.jpg', 'public/upload/product5/small_d3ff16878790178f1b15ea756282d1971470390819.jpg', 'public/upload/product5/d3ff16878790178f1b15ea756282d1971470390819.jpg', 'product5', '', 10, NULL, '2016-08-05 12:53:39'),
(92, 'small_bac04c2318085a84a877159a2e705a861470390819.jpg', 'bac04c2318085a84a877159a2e705a861470390819.jpg', 'public/upload/product5/small_bac04c2318085a84a877159a2e705a861470390819.jpg', 'public/upload/product5/bac04c2318085a84a877159a2e705a861470390819.jpg', 'product5', NULL, 100, NULL, '2016-08-05 12:53:39'),
(93, 'small_e729d90e50b16a06a011b9240ba0d4b21470390819.jpg', 'e729d90e50b16a06a011b9240ba0d4b21470390819.jpg', 'public/upload/product5/small_e729d90e50b16a06a011b9240ba0d4b21470390819.jpg', 'public/upload/product5/e729d90e50b16a06a011b9240ba0d4b21470390819.jpg', 'product5', NULL, 100, NULL, '2016-08-05 12:53:39'),
(94, 'small_a3e825d697106186e1c39ffd343a0faa1470391019.jpg', 'a3e825d697106186e1c39ffd343a0faa1470391019.jpg', 'public/upload/product5/small_a3e825d697106186e1c39ffd343a0faa1470391019.jpg', 'public/upload/product5/a3e825d697106186e1c39ffd343a0faa1470391019.jpg', 'product5', NULL, 100, 1, '2016-08-05 12:57:00'),
(95, 'small_8b477a19ffb279ba8f7fb0c55eda3a1c1470391020.jpg', '8b477a19ffb279ba8f7fb0c55eda3a1c1470391020.jpg', 'public/upload/product5/small_8b477a19ffb279ba8f7fb0c55eda3a1c1470391020.jpg', 'public/upload/product5/8b477a19ffb279ba8f7fb0c55eda3a1c1470391020.jpg', 'product5', NULL, 100, NULL, '2016-08-05 12:57:00'),
(96, 'small_9cd8297c7c16e2c88e0d07594013fac31470391103.jpg', '9cd8297c7c16e2c88e0d07594013fac31470391103.jpg', 'public/upload/product7/small_9cd8297c7c16e2c88e0d07594013fac31470391103.jpg', 'public/upload/product7/9cd8297c7c16e2c88e0d07594013fac31470391103.jpg', 'product7', NULL, 100, NULL, '2016-08-05 12:58:24'),
(97, 'small_f52c585eb46fcc5b84f9150140726f181470391104.jpg', 'f52c585eb46fcc5b84f9150140726f181470391104.jpg', 'public/upload/product7/small_f52c585eb46fcc5b84f9150140726f181470391104.jpg', 'public/upload/product7/f52c585eb46fcc5b84f9150140726f181470391104.jpg', 'product7', NULL, 100, NULL, '2016-08-05 12:58:24'),
(98, 'small_9711aed90ef709c73ca7238613dfa52a1470391104.jpg', '9711aed90ef709c73ca7238613dfa52a1470391104.jpg', 'public/upload/product7/small_9711aed90ef709c73ca7238613dfa52a1470391104.jpg', 'public/upload/product7/9711aed90ef709c73ca7238613dfa52a1470391104.jpg', 'product7', NULL, 100, NULL, '2016-08-05 12:58:24'),
(99, 'small_030e959d20325aad0c456799c314e2121470391104.jpg', '030e959d20325aad0c456799c314e2121470391104.jpg', 'public/upload/product7/small_030e959d20325aad0c456799c314e2121470391104.jpg', 'public/upload/product7/030e959d20325aad0c456799c314e2121470391104.jpg', 'product7', NULL, 100, NULL, '2016-08-05 12:58:25'),
(100, 'small_be88f7adf3364eb1740338332e2762d01470391143.jpg', 'be88f7adf3364eb1740338332e2762d01470391143.jpg', 'public/upload/product9/small_be88f7adf3364eb1740338332e2762d01470391143.jpg', 'public/upload/product9/be88f7adf3364eb1740338332e2762d01470391143.jpg', 'product9', NULL, 100, NULL, '2016-08-05 12:59:04'),
(101, 'small_d2c345133a1e3ff113768f78570520061470391144.jpg', 'd2c345133a1e3ff113768f78570520061470391144.jpg', 'public/upload/product9/small_d2c345133a1e3ff113768f78570520061470391144.jpg', 'public/upload/product9/d2c345133a1e3ff113768f78570520061470391144.jpg', 'product9', NULL, 100, 1, '2016-08-05 12:59:04'),
(102, 'small_dfc37385ca8dd601657f8fc971dba62a1470391144.jpg', 'dfc37385ca8dd601657f8fc971dba62a1470391144.jpg', 'public/upload/product9/small_dfc37385ca8dd601657f8fc971dba62a1470391144.jpg', 'public/upload/product9/dfc37385ca8dd601657f8fc971dba62a1470391144.jpg', 'product9', NULL, 100, NULL, '2016-08-05 12:59:04'),
(103, 'small_dcd26b4b22d0baaf52f1cd735cc4bd101470391144.jpg', 'dcd26b4b22d0baaf52f1cd735cc4bd101470391144.jpg', 'public/upload/product9/small_dcd26b4b22d0baaf52f1cd735cc4bd101470391144.jpg', 'public/upload/product9/dcd26b4b22d0baaf52f1cd735cc4bd101470391144.jpg', 'product9', NULL, 100, NULL, '2016-08-05 12:59:04'),
(104, 'small_1f45d172761c11f7c5b03f662dc79cff1470391186.jpg', '1f45d172761c11f7c5b03f662dc79cff1470391186.jpg', 'public/upload/product10/small_1f45d172761c11f7c5b03f662dc79cff1470391186.jpg', 'public/upload/product10/1f45d172761c11f7c5b03f662dc79cff1470391186.jpg', 'product10', NULL, 100, 1, '2016-08-05 12:59:46'),
(105, 'small_d24fdec3e2c85fc72aaedad6b39a57291470391186.jpg', 'd24fdec3e2c85fc72aaedad6b39a57291470391186.jpg', 'public/upload/product10/small_d24fdec3e2c85fc72aaedad6b39a57291470391186.jpg', 'public/upload/product10/d24fdec3e2c85fc72aaedad6b39a57291470391186.jpg', 'product10', NULL, 100, NULL, '2016-08-05 12:59:46'),
(106, 'small_0d5230490ba30de84821ba1a2a31b29d1470391186.jpg', '0d5230490ba30de84821ba1a2a31b29d1470391186.jpg', 'public/upload/product10/small_0d5230490ba30de84821ba1a2a31b29d1470391186.jpg', 'public/upload/product10/0d5230490ba30de84821ba1a2a31b29d1470391186.jpg', 'product10', '', 80, NULL, '2016-08-05 12:59:47'),
(107, 'small_a8cad155ff1434b72b74a9eca9b5cd151470391187.jpg', 'a8cad155ff1434b72b74a9eca9b5cd151470391187.jpg', 'public/upload/product10/small_a8cad155ff1434b72b74a9eca9b5cd151470391187.jpg', 'public/upload/product10/a8cad155ff1434b72b74a9eca9b5cd151470391187.jpg', 'product10', NULL, 100, NULL, '2016-08-05 12:59:47'),
(108, 'small_1b21e1fd2e270b0aa718b5df58dbe2771470394823.jpg', '1b21e1fd2e270b0aa718b5df58dbe2771470394823.jpg', 'public/upload/product564/small_1b21e1fd2e270b0aa718b5df58dbe2771470394823.jpg', 'public/upload/product564/1b21e1fd2e270b0aa718b5df58dbe2771470394823.jpg', 'product564', NULL, 100, 1, '2016-08-05 14:00:24'),
(109, 'small_6ccf1f79aed9f2079ceb08c7fb480e5c1470397414.jpg', '6ccf1f79aed9f2079ceb08c7fb480e5c1470397414.jpg', 'public/upload/product564/small_6ccf1f79aed9f2079ceb08c7fb480e5c1470397414.jpg', 'public/upload/product564/6ccf1f79aed9f2079ceb08c7fb480e5c1470397414.jpg', 'product564', NULL, 100, 1, '2016-08-05 14:43:34'),
(110, 'small_652e7b3640123f5d96a2842d968509d11470401801.jpg', '652e7b3640123f5d96a2842d968509d11470401801.jpg', 'public/upload/product14/small_652e7b3640123f5d96a2842d968509d11470401801.jpg', 'public/upload/product14/652e7b3640123f5d96a2842d968509d11470401801.jpg', 'product14', NULL, 100, NULL, '2016-08-05 15:56:41'),
(111, 'small_4100ab512dfb8873d46577edac98eb871470401814.jpg', '4100ab512dfb8873d46577edac98eb871470401814.jpg', 'public/upload/product15/small_4100ab512dfb8873d46577edac98eb871470401814.jpg', 'public/upload/product15/4100ab512dfb8873d46577edac98eb871470401814.jpg', 'product15', NULL, 100, NULL, '2016-08-05 15:56:54'),
(112, 'small_60a6d91ad5d68aa2b8e7a058120e553a1470401823.jpg', '60a6d91ad5d68aa2b8e7a058120e553a1470401823.jpg', 'public/upload/product16/small_60a6d91ad5d68aa2b8e7a058120e553a1470401823.jpg', 'public/upload/product16/60a6d91ad5d68aa2b8e7a058120e553a1470401823.jpg', 'product16', NULL, 100, NULL, '2016-08-05 15:57:03'),
(113, 'small_f8c5ac9a5a5ce772eb352dc32c90a3c41470401832.jpg', 'f8c5ac9a5a5ce772eb352dc32c90a3c41470401832.jpg', 'public/upload/product17/small_f8c5ac9a5a5ce772eb352dc32c90a3c41470401832.jpg', 'public/upload/product17/f8c5ac9a5a5ce772eb352dc32c90a3c41470401832.jpg', 'product17', NULL, 100, NULL, '2016-08-05 15:57:13'),
(114, 'small_3619b400fbc606b3be216d6c92ae22bc1470401840.jpg', '3619b400fbc606b3be216d6c92ae22bc1470401840.jpg', 'public/upload/product18/small_3619b400fbc606b3be216d6c92ae22bc1470401840.jpg', 'public/upload/product18/3619b400fbc606b3be216d6c92ae22bc1470401840.jpg', 'product18', NULL, 100, NULL, '2016-08-05 15:57:21'),
(115, 'small_db3c253fc74d86befe632e5a546e6b471470401852.jpg', 'db3c253fc74d86befe632e5a546e6b471470401852.jpg', 'public/upload/product19/small_db3c253fc74d86befe632e5a546e6b471470401852.jpg', 'public/upload/product19/db3c253fc74d86befe632e5a546e6b471470401852.jpg', 'product19', NULL, 100, NULL, '2016-08-05 15:57:32'),
(116, 'small_74fa8ec498e91f3ff7e59b9506a8943d1470401977.jpg', '74fa8ec498e91f3ff7e59b9506a8943d1470401977.jpg', 'public/upload/product20/small_74fa8ec498e91f3ff7e59b9506a8943d1470401977.jpg', 'public/upload/product20/74fa8ec498e91f3ff7e59b9506a8943d1470401977.jpg', 'product20', NULL, 100, 1, '2016-08-05 15:59:38'),
(117, 'small_8bdca162d6ddea02b32cc7107bd2485b1470401992.jpg', '8bdca162d6ddea02b32cc7107bd2485b1470401992.jpg', 'public/upload/product21/small_8bdca162d6ddea02b32cc7107bd2485b1470401992.jpg', 'public/upload/product21/8bdca162d6ddea02b32cc7107bd2485b1470401992.jpg', 'product21', NULL, 100, 1, '2016-08-05 15:59:52'),
(118, 'small_78ed0ed096b4cbcec38aaa9963d12eb41470402056.jpg', '78ed0ed096b4cbcec38aaa9963d12eb41470402056.jpg', 'public/upload/product32/small_78ed0ed096b4cbcec38aaa9963d12eb41470402056.jpg', 'public/upload/product32/78ed0ed096b4cbcec38aaa9963d12eb41470402056.jpg', 'product32', NULL, 100, NULL, '2016-08-05 16:00:57'),
(119, 'small_d6e49e85efb30a0dd99cd118a2bcb9e91470402200.jpg', 'd6e49e85efb30a0dd99cd118a2bcb9e91470402200.jpg', 'public/upload/product20/small_d6e49e85efb30a0dd99cd118a2bcb9e91470402200.jpg', 'public/upload/product20/d6e49e85efb30a0dd99cd118a2bcb9e91470402200.jpg', 'product20', NULL, 100, 1, '2016-08-05 16:03:20'),
(120, 'small_f6dd2741fdee218606bb3e14ba78539a1470402286.jpg', 'f6dd2741fdee218606bb3e14ba78539a1470402286.jpg', 'public/upload/product40/small_f6dd2741fdee218606bb3e14ba78539a1470402286.jpg', 'public/upload/product40/f6dd2741fdee218606bb3e14ba78539a1470402286.jpg', 'product40', NULL, 100, NULL, '2016-08-05 16:04:47'),
(121, 'small_76ae439c6373100b7da205e49e989bc01470402304.jpg', '76ae439c6373100b7da205e49e989bc01470402304.jpg', 'public/upload/product559/small_76ae439c6373100b7da205e49e989bc01470402304.jpg', 'public/upload/product559/76ae439c6373100b7da205e49e989bc01470402304.jpg', 'product559', '', 200, NULL, '2016-08-05 16:05:05'),
(122, 'small_a26483e493247d4cf9e492a60d7de31f1470402318.jpg', 'a26483e493247d4cf9e492a60d7de31f1470402318.jpg', 'public/upload/product560/small_a26483e493247d4cf9e492a60d7de31f1470402318.jpg', 'public/upload/product560/a26483e493247d4cf9e492a60d7de31f1470402318.jpg', 'product560', NULL, 100, NULL, '2016-08-05 16:05:19'),
(123, 'small_19c1797d77efa7088fd19aaf9dde114e1470402331.jpg', '19c1797d77efa7088fd19aaf9dde114e1470402331.jpg', 'public/upload/product561/small_19c1797d77efa7088fd19aaf9dde114e1470402331.jpg', 'public/upload/product561/19c1797d77efa7088fd19aaf9dde114e1470402331.jpg', 'product561', NULL, 100, NULL, '2016-08-05 16:05:32'),
(124, 'small_3702fc93c4d2d47beab3cded7d089c3d1470402347.jpg', '3702fc93c4d2d47beab3cded7d089c3d1470402347.jpg', 'public/upload/product562/small_3702fc93c4d2d47beab3cded7d089c3d1470402347.jpg', 'public/upload/product562/3702fc93c4d2d47beab3cded7d089c3d1470402347.jpg', 'product562', '', 200, NULL, '2016-08-05 16:05:48'),
(125, 'small_72e6ede8c4effb6e00f61388c1c238bc1470402357.jpg', '72e6ede8c4effb6e00f61388c1c238bc1470402357.jpg', 'public/upload/product563/small_72e6ede8c4effb6e00f61388c1c238bc1470402357.jpg', 'public/upload/product563/72e6ede8c4effb6e00f61388c1c238bc1470402357.jpg', 'product563', NULL, 100, NULL, '2016-08-05 16:05:58'),
(126, 'small_0d7882138312636886b42ecb44f31e961470402374.jpg', '0d7882138312636886b42ecb44f31e961470402374.jpg', 'public/upload/product564/small_0d7882138312636886b42ecb44f31e961470402374.jpg', 'public/upload/product564/0d7882138312636886b42ecb44f31e961470402374.jpg', 'product564', '', 200, NULL, '2016-08-05 16:06:14'),
(127, 'small_03f311259de76e1f6f474d6b9fc8312d1470402390.jpg', '03f311259de76e1f6f474d6b9fc8312d1470402390.jpg', 'public/upload/product565/small_03f311259de76e1f6f474d6b9fc8312d1470402390.jpg', 'public/upload/product565/03f311259de76e1f6f474d6b9fc8312d1470402390.jpg', 'product565', NULL, 100, NULL, '2016-08-05 16:06:31'),
(128, 'small_b22b6adfb19899789555fb8b8ef419651470402530.jpg', 'b22b6adfb19899789555fb8b8ef419651470402530.jpg', 'public/upload/product565/small_b22b6adfb19899789555fb8b8ef419651470402530.jpg', 'public/upload/product565/b22b6adfb19899789555fb8b8ef419651470402530.jpg', 'product565', NULL, 100, NULL, '2016-08-05 16:08:51'),
(129, 'small_fc758ac4ab62d4d293b667b4b334798e1470402663.jpg', 'fc758ac4ab62d4d293b667b4b334798e1470402663.jpg', 'public/upload/product574/small_fc758ac4ab62d4d293b667b4b334798e1470402663.jpg', 'public/upload/product574/fc758ac4ab62d4d293b667b4b334798e1470402663.jpg', 'product574', NULL, 100, NULL, '2016-08-05 16:11:04'),
(130, 'small_6500aedb532dfa2dab867f8dc4b0b6581470402731.jpg', '6500aedb532dfa2dab867f8dc4b0b6581470402731.jpg', 'public/upload/product38/small_6500aedb532dfa2dab867f8dc4b0b6581470402731.jpg', 'public/upload/product38/6500aedb532dfa2dab867f8dc4b0b6581470402731.jpg', 'product38', NULL, 100, NULL, '2016-08-05 16:12:12'),
(131, 'small_ee4395736d9ef8b763f80d6f1369a5621470402743.jpg', 'ee4395736d9ef8b763f80d6f1369a5621470402743.jpg', 'public/upload/product39/small_ee4395736d9ef8b763f80d6f1369a5621470402743.jpg', 'public/upload/product39/ee4395736d9ef8b763f80d6f1369a5621470402743.jpg', 'product39', NULL, 100, NULL, '2016-08-05 16:12:23'),
(132, 'small_9111ad0daf626e8ca4989cd60898d86e1470402754.jpg', '9111ad0daf626e8ca4989cd60898d86e1470402754.jpg', 'public/upload/product36/small_9111ad0daf626e8ca4989cd60898d86e1470402754.jpg', 'public/upload/product36/9111ad0daf626e8ca4989cd60898d86e1470402754.jpg', 'product36', NULL, 100, NULL, '2016-08-05 16:12:34'),
(133, 'small_fd471ae8fb74e3c50494a809f322c33c1470402768.jpg', 'fd471ae8fb74e3c50494a809f322c33c1470402768.jpg', 'public/upload/product37/small_fd471ae8fb74e3c50494a809f322c33c1470402768.jpg', 'public/upload/product37/fd471ae8fb74e3c50494a809f322c33c1470402768.jpg', 'product37', NULL, 100, NULL, '2016-08-05 16:12:49'),
(134, 'small_4b769f613d695144566fe40294d533a11470402791.jpg', '4b769f613d695144566fe40294d533a11470402791.jpg', 'public/upload/product35/small_4b769f613d695144566fe40294d533a11470402791.jpg', 'public/upload/product35/4b769f613d695144566fe40294d533a11470402791.jpg', 'product35', NULL, 100, NULL, '2016-08-05 16:13:11'),
(135, 'small_94d09228b100a8dba279e43e899515211470402803.jpg', '94d09228b100a8dba279e43e899515211470402803.jpg', 'public/upload/product33/small_94d09228b100a8dba279e43e899515211470402803.jpg', 'public/upload/product33/94d09228b100a8dba279e43e899515211470402803.jpg', 'product33', NULL, 100, NULL, '2016-08-05 16:13:24'),
(136, 'small_6a53503b58cbf2f46e59f57ae338cd801470402827.jpg', '6a53503b58cbf2f46e59f57ae338cd801470402827.jpg', 'public/upload/product34/small_6a53503b58cbf2f46e59f57ae338cd801470402827.jpg', 'public/upload/product34/6a53503b58cbf2f46e59f57ae338cd801470402827.jpg', 'product34', NULL, 100, NULL, '2016-08-05 16:13:48'),
(137, 'small_4ee07d90491dca76075b0586e620c4d81470402864.jpg', '4ee07d90491dca76075b0586e620c4d81470402864.jpg', 'public/upload/product24/small_4ee07d90491dca76075b0586e620c4d81470402864.jpg', 'public/upload/product24/4ee07d90491dca76075b0586e620c4d81470402864.jpg', 'product24', NULL, 100, NULL, '2016-08-05 16:14:25'),
(138, 'small_970058a9a17ab1bec406eaa87929b6b81470402967.jpg', '970058a9a17ab1bec406eaa87929b6b81470402967.jpg', 'public/upload/product25/small_970058a9a17ab1bec406eaa87929b6b81470402967.jpg', 'public/upload/product25/970058a9a17ab1bec406eaa87929b6b81470402967.jpg', 'product25', NULL, 100, NULL, '2016-08-05 16:16:08'),
(139, 'small_9c3dcfe2a2d0a6ff1ad89610f47112d91470403068.jpg', '9c3dcfe2a2d0a6ff1ad89610f47112d91470403068.jpg', 'public/upload/product26/small_9c3dcfe2a2d0a6ff1ad89610f47112d91470403068.jpg', 'public/upload/product26/9c3dcfe2a2d0a6ff1ad89610f47112d91470403068.jpg', 'product26', NULL, 100, NULL, '2016-08-05 16:17:48'),
(140, 'small_3e0437c16cd973cd3859a3a8a1f223731470403092.jpg', '3e0437c16cd973cd3859a3a8a1f223731470403092.jpg', 'public/upload/product27/small_3e0437c16cd973cd3859a3a8a1f223731470403092.jpg', 'public/upload/product27/3e0437c16cd973cd3859a3a8a1f223731470403092.jpg', 'product27', NULL, 100, NULL, '2016-08-05 16:18:13'),
(141, 'small_268e0e67cdf0308f0e4ca432f7b27bec1470403104.jpg', '268e0e67cdf0308f0e4ca432f7b27bec1470403104.jpg', 'public/upload/product28/small_268e0e67cdf0308f0e4ca432f7b27bec1470403104.jpg', 'public/upload/product28/268e0e67cdf0308f0e4ca432f7b27bec1470403104.jpg', 'product28', NULL, 100, NULL, '2016-08-05 16:18:24'),
(142, 'small_e02634ec1d21c5fede97e153fbde56111470403119.jpg', 'e02634ec1d21c5fede97e153fbde56111470403119.jpg', 'public/upload/product29/small_e02634ec1d21c5fede97e153fbde56111470403119.jpg', 'public/upload/product29/e02634ec1d21c5fede97e153fbde56111470403119.jpg', 'product29', NULL, 100, NULL, '2016-08-05 16:18:40'),
(143, 'small_d8117290c6ced277e5fe31e1d1ee78cd1470403120.jpg', 'd8117290c6ced277e5fe31e1d1ee78cd1470403120.jpg', 'public/upload/product29/small_d8117290c6ced277e5fe31e1d1ee78cd1470403120.jpg', 'public/upload/product29/d8117290c6ced277e5fe31e1d1ee78cd1470403120.jpg', 'product29', NULL, 100, NULL, '2016-08-05 16:18:40'),
(144, 'small_8bc44420988d7bd36876eda3a044c74f1470403132.jpg', '8bc44420988d7bd36876eda3a044c74f1470403132.jpg', 'public/upload/product30/small_8bc44420988d7bd36876eda3a044c74f1470403132.jpg', 'public/upload/product30/8bc44420988d7bd36876eda3a044c74f1470403132.jpg', 'product30', NULL, 100, NULL, '2016-08-05 16:18:52'),
(145, 'small_19600d0d6cdb6121249c0c5726f4bf2b1470403257.jpg', '19600d0d6cdb6121249c0c5726f4bf2b1470403257.jpg', 'public/upload/product568/small_19600d0d6cdb6121249c0c5726f4bf2b1470403257.jpg', 'public/upload/product568/19600d0d6cdb6121249c0c5726f4bf2b1470403257.jpg', 'product568', NULL, 100, NULL, '2016-08-05 16:20:58'),
(146, 'small_4907cc03770c9acab882913381e137201471010181.jpg', '4907cc03770c9acab882913381e137201471010181.jpg', 'public/upload/product1/small_4907cc03770c9acab882913381e137201471010181.jpg', 'public/upload/product1/4907cc03770c9acab882913381e137201471010181.jpg', 'product1', '', 10, NULL, '2016-08-12 16:56:22'),
(147, 'small_3d3d15539c8887156f93834635a538da1471010259.jpg', '3d3d15539c8887156f93834635a538da1471010259.jpg', 'public/upload/product8/small_3d3d15539c8887156f93834635a538da1471010259.jpg', 'public/upload/product8/3d3d15539c8887156f93834635a538da1471010259.jpg', 'product8', NULL, 100, NULL, '2016-08-12 16:57:40'),
(148, 'small_a71b7b97ba11b1744606b2dffff49e1a1471010362.jpg', 'a71b7b97ba11b1744606b2dffff49e1a1471010362.jpg', 'public/upload/product575/small_a71b7b97ba11b1744606b2dffff49e1a1471010362.jpg', 'public/upload/product575/a71b7b97ba11b1744606b2dffff49e1a1471010362.jpg', 'product575', NULL, 100, NULL, '2016-08-12 16:59:22'),
(149, 'small_3f7e4aedcbc886414ed0562e61d1ea3f1471010393.jpg', '3f7e4aedcbc886414ed0562e61d1ea3f1471010393.jpg', 'public/upload/product576/small_3f7e4aedcbc886414ed0562e61d1ea3f1471010393.jpg', 'public/upload/product576/3f7e4aedcbc886414ed0562e61d1ea3f1471010393.jpg', 'product576', NULL, 100, NULL, '2016-08-12 16:59:54'),
(150, 'small_12882e0432189ce1bf8b1f29b4264fc51471010430.jpg', '12882e0432189ce1bf8b1f29b4264fc51471010430.jpg', 'public/upload/product11/small_12882e0432189ce1bf8b1f29b4264fc51471010430.jpg', 'public/upload/product11/12882e0432189ce1bf8b1f29b4264fc51471010430.jpg', 'product11', NULL, 100, NULL, '2016-08-12 17:00:30'),
(151, 'small_cfbfa9eb5a932789cca7ab6f18100ab91471010517.jpg', 'cfbfa9eb5a932789cca7ab6f18100ab91471010517.jpg', 'public/upload/product22/small_cfbfa9eb5a932789cca7ab6f18100ab91471010517.jpg', 'public/upload/product22/cfbfa9eb5a932789cca7ab6f18100ab91471010517.jpg', 'product22', NULL, 100, NULL, '2016-08-12 17:01:58'),
(152, 'small_2de6743e32d1136f08a38bba9b49e6231471010530.jpg', '2de6743e32d1136f08a38bba9b49e6231471010530.jpg', 'public/upload/product23/small_2de6743e32d1136f08a38bba9b49e6231471010530.jpg', 'public/upload/product23/2de6743e32d1136f08a38bba9b49e6231471010530.jpg', 'product23', NULL, 100, NULL, '2016-08-12 17:02:10'),
(153, 'small_02c0e05649f489602b27527de8987a7a1471010596.jpg', '02c0e05649f489602b27527de8987a7a1471010596.jpg', 'public/upload/product12/small_02c0e05649f489602b27527de8987a7a1471010596.jpg', 'public/upload/product12/02c0e05649f489602b27527de8987a7a1471010596.jpg', 'product12', NULL, 100, NULL, '2016-08-12 17:03:16'),
(154, 'small_9b9e3924ebab0d0c51f3626e6d980f8b1471010610.jpg', '9b9e3924ebab0d0c51f3626e6d980f8b1471010610.jpg', 'public/upload/product13/small_9b9e3924ebab0d0c51f3626e6d980f8b1471010610.jpg', 'public/upload/product13/9b9e3924ebab0d0c51f3626e6d980f8b1471010610.jpg', 'product13', NULL, 100, NULL, '2016-08-12 17:03:31'),
(155, 'small_89628c04e7701d43eb940bfdf1fb68dc1471010708.jpg', '89628c04e7701d43eb940bfdf1fb68dc1471010708.jpg', 'public/upload/product561/small_89628c04e7701d43eb940bfdf1fb68dc1471010708.jpg', 'public/upload/product561/89628c04e7701d43eb940bfdf1fb68dc1471010708.jpg', 'product561', '', 10, NULL, '2016-08-12 17:05:09'),
(156, 'small_ae6f951c52dbf075c80d4bb743a8aaa61471010769.jpg', 'ae6f951c52dbf075c80d4bb743a8aaa61471010769.jpg', 'public/upload/product563/small_ae6f951c52dbf075c80d4bb743a8aaa61471010769.jpg', 'public/upload/product563/ae6f951c52dbf075c80d4bb743a8aaa61471010769.jpg', 'product563', '', 10, NULL, '2016-08-12 17:06:10'),
(157, 'small_19f578c6c59c68fda8e11e177b4ca6541471010804.jpg', '19f578c6c59c68fda8e11e177b4ca6541471010804.jpg', 'public/upload/product567/small_19f578c6c59c68fda8e11e177b4ca6541471010804.jpg', 'public/upload/product567/19f578c6c59c68fda8e11e177b4ca6541471010804.jpg', 'product567', NULL, 100, 1, '2016-08-12 17:06:44'),
(158, 'small_f28f4558cb160da8c0f3726cdfe918081471010947.jpg', 'f28f4558cb160da8c0f3726cdfe918081471010947.jpg', 'public/upload/product560/small_f28f4558cb160da8c0f3726cdfe918081471010947.jpg', 'public/upload/product560/f28f4558cb160da8c0f3726cdfe918081471010947.jpg', 'product560', '', 10, NULL, '2016-08-12 17:09:08'),
(159, 'small_19f1ae471f62be1c024dde643e34defa1471011172.jpg', '19f1ae471f62be1c024dde643e34defa1471011172.jpg', 'public/upload/product562/small_19f1ae471f62be1c024dde643e34defa1471011172.jpg', 'public/upload/product562/19f1ae471f62be1c024dde643e34defa1471011172.jpg', 'product562', NULL, 100, NULL, '2016-08-12 17:12:53'),
(160, 'small_5ed9c655d956d81ba7e3f14ba72534161471011208.jpg', '5ed9c655d956d81ba7e3f14ba72534161471011208.jpg', 'public/upload/product559/small_5ed9c655d956d81ba7e3f14ba72534161471011208.jpg', 'public/upload/product559/5ed9c655d956d81ba7e3f14ba72534161471011208.jpg', 'product559', NULL, 100, NULL, '2016-08-12 17:13:29'),
(161, 'small_33aad729c2b250dc46f77e03396d82e91471011230.jpg', '33aad729c2b250dc46f77e03396d82e91471011230.jpg', 'public/upload/product564/small_33aad729c2b250dc46f77e03396d82e91471011230.jpg', 'public/upload/product564/33aad729c2b250dc46f77e03396d82e91471011230.jpg', 'product564', NULL, 100, NULL, '2016-08-12 17:13:50'),
(162, 'small_73d48ec341f29617fcf2d51e32b229111471011297.jpg', '73d48ec341f29617fcf2d51e32b229111471011297.jpg', 'public/upload/product20/small_73d48ec341f29617fcf2d51e32b229111471011297.jpg', 'public/upload/product20/73d48ec341f29617fcf2d51e32b229111471011297.jpg', 'product20', NULL, 100, NULL, '2016-08-12 17:14:58'),
(163, 'small_8cbee640eb503e5a4e567f1405c922bf1471011379.jpg', '8cbee640eb503e5a4e567f1405c922bf1471011379.jpg', 'public/upload/product21/small_8cbee640eb503e5a4e567f1405c922bf1471011379.jpg', 'public/upload/product21/8cbee640eb503e5a4e567f1405c922bf1471011379.jpg', 'product21', NULL, 100, NULL, '2016-08-12 17:16:19'),
(164, 'small_5e11972f8cc5ff3b1b5961ce5c5f5a851471011449.jpg', '5e11972f8cc5ff3b1b5961ce5c5f5a851471011449.jpg', 'public/upload/product14/small_5e11972f8cc5ff3b1b5961ce5c5f5a851471011449.jpg', 'public/upload/product14/5e11972f8cc5ff3b1b5961ce5c5f5a851471011449.jpg', 'product14', NULL, 100, 1, '2016-08-12 17:17:29'),
(165, 'small_c52e7bd1691f98d7574f2661081d02f41471011633.jpg', 'c52e7bd1691f98d7574f2661081d02f41471011633.jpg', 'public/upload/product7/small_c52e7bd1691f98d7574f2661081d02f41471011633.jpg', 'public/upload/product7/c52e7bd1691f98d7574f2661081d02f41471011633.jpg', 'product7', '', 10, NULL, '2016-08-12 17:20:33'),
(166, 'small_ce3601984f503ab6821d912dd11e3a571471011792.jpg', 'ce3601984f503ab6821d912dd11e3a571471011792.jpg', 'public/upload/product9/small_ce3601984f503ab6821d912dd11e3a571471011792.jpg', 'public/upload/product9/ce3601984f503ab6821d912dd11e3a571471011792.jpg', 'product9', '', 10, NULL, '2016-08-12 17:23:12'),
(167, 'small_6af3d44760d895b257247d5dd6568fc51471011813.jpg', '6af3d44760d895b257247d5dd6568fc51471011813.jpg', 'public/upload/product10/small_6af3d44760d895b257247d5dd6568fc51471011813.jpg', 'public/upload/product10/6af3d44760d895b257247d5dd6568fc51471011813.jpg', 'product10', '', 10, NULL, '2016-08-12 17:23:34'),
(168, 'small_909861878a75e22f94b370692e7fcdeb1471014793.jpg', '909861878a75e22f94b370692e7fcdeb1471014793.jpg', 'public/upload/product577/small_909861878a75e22f94b370692e7fcdeb1471014793.jpg', 'public/upload/product577/909861878a75e22f94b370692e7fcdeb1471014793.jpg', 'product577', NULL, 100, NULL, '2016-08-12 18:13:14'),
(169, 'small_de3a9b4fbf3b48e76b83204cc70eed331471014816.jpg', 'de3a9b4fbf3b48e76b83204cc70eed331471014816.jpg', 'public/upload/product567/small_de3a9b4fbf3b48e76b83204cc70eed331471014816.jpg', 'public/upload/product567/de3a9b4fbf3b48e76b83204cc70eed331471014816.jpg', 'product567', NULL, 100, NULL, '2016-08-12 18:13:37')
  ON DUPLICATE KEY UPDATE
  `small_file_name` = VALUES(small_file_name),
  `file_name` = VALUES(file_name),
  `s3_small_file_path` = VALUES(s3_small_file_path),
  `s3_file_path` = VALUES(s3_file_path),
  `dir_name` = VALUES(dir_name),
  `description` = VALUES(description),
  `sort_order` = VALUES(sort_order),
  `is_delete` = VALUES(is_delete);

INSERT INTO `line` (`id`, `title`, `slug`, `info_block`, `img_path`) VALUES
(1, 'Серия «Coature»', 'coature', 6, 'https://cdn.shopify.com/s/files/1/1024/1017/files/Coature_PAGE_banner_5_504bbd14-e2ca-443a-8131-f580967210d5.jpg'),
(2, 'Серия «Vanity»', 'vanity', 5, 'https://cdn.shopify.com/s/files/1/1024/1017/files/VS_PAGE_banner_5.jpg'),
(3, 'Серия «Salon Elements»', 'salon', 4, 'https://cdn.shopify.com/s/files/1/1024/1017/files/SE_PAGE_banner.jpg'),
(5, 'Серия «Everyday»', 'everyday', 8, 'https://cdn.shopify.com/s/files/1/1024/1017/files/EE_PAGE_banner_5.jpg'),
(6, 'Серия «Naturaluxury Everyday»', 'naturaluxury-everyday', 7, 'https://cdn.shopify.com/s/files/1/1024/1017/files/ENL_PAGE_banner_7_942d1659-4656-4901-a3a6-9bb2290b2e97.jpg')
ON DUPLICATE KEY UPDATE
  `title` = VALUES(title),
  `slug` = VALUES(slug),
  `info_block` = VALUES(info_block),
  `img_path` = VALUES(img_path);

INSERT INTO `product` (`id`, `category`, `eng_title`, `rus_title`, `slug`, `tag`, `preview`, `vantage`, `card_text`, `application`, `ingredients`, `active`, `in_stock`, `line`, `thumb_id`, `sort_order`) VALUES
(1, 1, 'No 10 Evening Primrose Oil Shampoo', 'Шампунь № 10 Масло Вечерней Примулы', '10-evening-primrose-oil-shampoo', '№10', 'Предназначен для улучшения структуры шерсти, питает сухую кожу,добавляет блеск, способствует исцелению, облегчает расчесывание.Подходит для использования каждый день. Содержит 1% масла Вечерней Примулы. Богат жирными кислотами Омега 6. Масло&nbsp;Вечерней Примулы творит чудеса на коже и шерсти.добавляет блеск, способствует исцелению, облегчает расчесывание.Подходит для использования каждый день.', '', '<p>Этот шампунь для собак уникален тем, что удалось растворить масло Вечерней примулы в воде и при этом довести концентрацию до 1%.</p>\r\n<p>Таким образом, шампунь, вымывая естественные масла из шерсти, заменит их маслом Вечерней Примулы, необходимым для здоровой и блестящей шерсти.</p>\r\n<p>Масло Вечерней Примулы является успокаивающим по своей природе и помогает в выздоровлении сухой и шелушащейся кожи.</p>\r\n<p>Если шерсть имеет нормальное, правильное содержание масел, то она будет хорошо противостоять попаданию и закреплению частичек грязи, отталкивая их, будет меньше пачкаться и не будет страдать от внешних атмосферных и тепловых воздействий, сохраняя надолго красивый, здоровый вид.</p>', 'Хорошо намочите шерсть, нанесите шампунь, хорошо пропитайте, помогая руками тщательно распределиться по всей шерсти. Оставьте шампунь на 2-5 минут, а затем тщательно смойте. Используйте кондиционер №50 или №51, затем промойте и просушите. Если шерсть Вашей собаки очень грязная, то может потребоваться повторное мытье.', 'мягкая вода, лаурет сульфат натрия, диэтаноламин кокамид, сополимер акрилата, полиэтиленгликоль-3 дистеарат, масло энотеры двухлетней (энотеры), ароматизирующее вещество, ДМДМ гидантоин, лодопропинил бутилкарбамат, лимонная кислота, хлорид натрия', 1, 1, 1, NULL, 5),
(2, 1, '№ 12 High Grade Evening Primrose Oil Shampoo', 'Шампунь № 12 Масло Вечерней Примулы Тройная Сила', '12-high-grade-evening-primrose-oil-shampoo', '№12', 'Данный шампунь содержит в три раза больше  масла Вечерней Примулы, чем шампунь №10. Этот лечебный, питательный продукт, заботящийся о шерсти собаки, позволяет избавиться от зуда, шелушащейся кожи и восстановить здоровую, естественную красоту волос. Богат жирными кислотами Омега 6.', '', 'Данный шампунь содержит в три раза больше  масла Вечерней Примулы, чем шампунь №10. Этот лечебный, питательный продукт, заботящийся о шерсти собаки, позволяет избавиться от зуда, шелушащейся кожи и восстановить здоровую, естественную красоту волос. Богат жирными кислотами Омега 6. Активным ингредиентом, делающим этот продукт уникальным, является эффективное масло Вечерней Примулы, предписанное в клинических исследованиях для исправления сухой кожи, не закупоривающее, но стимулирующее структурные изменения в коже. Масло Вечерней Примулы богато гамма - линолевой кислотой, которая была в ходе научных исследований определена как наиболее важная жирная кислота в балансировании простагландинов (регулирующая молекула, влияющая на воспалительные процессы) у собак с аллергическими признаками. Приводит к улучшению гидратации кожи, защите кожи от внешних воздействий и помогает при воспалительных процессах. ', 'Хорошо намочите шерсть, нанесите шампунь, хорошо пропитайте помогая руками тщательно распределиться по всей шерсти. Оставьте шампунь на 2-5 минут, а затем ее необходимо основательно смыть. Используйте кондиционер Formula №50 или №51, затем промойте и просушите. Если шерсть Вашей собаки очень грязная, то может потребоваться повторное мытье. \r\n\r\nМожет разбавляться водой в соотношении 10:1\r\n', 'мягкая вода, лаурет сульфат натрия, диэтаноламин кокамид, сополимер акрилата масло энотеры двухлетней (энотеры), полиэтиленгликоль-3, дистеарат, ароматизирующее вещество, ДМДМ гидантоин, лодопропинил бутилкарбамат, лимонная кислота, хлорид натрия', 1, 1, 1, NULL, 10),
(3, 1, '№ 16 White Coat Evening Primrose Oil Shampoo', 'Шампунь № 16 Масло Вечерней Примулы Для Белой Шерсти', '16-white-coat-evening-primrose-oil-shampoo', '№16', 'Предназначен для белой шерсти, но также может использоваться\r\nна кремовой. Подходит для ежедневного использования.\r\nШампунь для белой шерсти отличается от других подобных \r\nотбеливающих шампуней тем, что не содержит отбеливателей \r\nи вредных химических веществ, которые могут нанести вред шерсти \r\nВашей собаки. Шампунь придает  шерсти  невероятно  белый   цвет.\r\n\r\n\r\n\r\n\r\n\r\n\r\n\r\n\r\n', '', 'Шампунь для белой шерсти, отличается от других подобных отбеливающих шампуней, тем, что не содержит отбеливателей и вредных химических веществ, которые могут нанести вред шерсти Вашей собаки. Основа его схожа с №10 (1%). Нам удалось добиться смешивания пигмента с маслом. Поэтому когда шерсть впитывает масло, она впитывает вместе с маслом пигмент присутствующий в масле. Синий пигмент преломляет яркий свет, придавая шерсти невероятно яркий белый цвет. Прекрасное свойство этого шампуня заключается в том, что Вам не придется беспокоиться об отбеливании других цветов шерсти. Можно мыть вашу собаку хоть каждый день этим шампунем, не нанося никакого ущерба шерсти. Вы только заметите, как шерсть будет становиться все лучше и лучше. ', 'Хорошо намочите шерсть, нанесите шампунь, хорошо пропитайте помогая руками тщательно распределиться по всей шерсти. Оставьте шампунь на 2-5 минут, а затем ее необходимо основательно смыть. Используйте кондиционер Formula №50 или №51, затем промойте и просушите. Если шерсть Вашей собаки очень грязная, то может потребоваться повторное мытье. \r\nМожет разбавляться водой в соотношении 10:1\r\n', 'мягкая вода, лаурет сульфат натрия, диэтаноламин кокамид, сополимер акрилата масло энотеры двухлетней (энотеры), полиэтиленгликоль-3, дистеарат, ароматизирующее вещество, ДМДМ гидантоин, лодопропинил бутилкарбамат, лимонная кислота, хлорид натрия', 1, 1, 1, NULL, 15),
(4, 1, '№ 17 Copper Coat Evening Primrose Oil Shampoo', 'Шампунь № 17 Масло Вечерней Примулы Для Медной Шерсти', '17-copper-coat-evening-primrose-oil-shampoo', '№17', '', '', 'Данный продукт базируется на Formula №10 (1%). Этот шампунь для коричневой шерсти всех оттенков отличается от других продуктов для усиления цвета тем, что не содержит красители или хну. Шерсть, пропитываясь маслом будет впитывать пигмент. Коричневый пигмент будет создавать оптический эффект преломляя все оттенки коричневого цвета, усиливая, делая богаче и ярче. Прекрасное свойство этого шампуня заключается в том, что вам не стоит беспокоиться о потере других цветов шерсти. Этот продукт прекрасно показал себя на трехцветном Английском Кокер Спаниеле, а также на Мягкошерстном Пшеничном Терьере. Этим шампунем можно мыть вашу собаку хоть каждый день, совершенно не боясь причинить вреда шерсти. С каждым днем шерсть будет становиться только лучше и лучше.', 'Хорошо намочите шерсть, нанесите шампунь, хорошо пропитайте помогая руками тщательно распределиться по всей шерсти. Оставьте шампунь на 2-5 минут, а затем ее необходимо основательно смыть. Используйте кондиционер Formula №50 или №51, затем промойте и просушите. Если шерсть Вашей собаки очень грязная, то может потребоваться повторное мытье. Может разбавляться водой в соотношении 10:1', 'мягкая вода, лаурет сульфат натрия, диэтаноламин кокамид, сополимер акрилата, полиэтиленгликоль-3 дистеарат, масло энотеры двухлетней (энотеры), ароматизирующее вещество, ДМДМ гидантоин, лодопропинил бутилкарбамат, лимонная кислота, хлорид натрия, бензофенон-4, синий краситель №1, красный краситель № 33', 1, 1, 1, NULL, 20),
(5, 1, '№ 18 Black Coat Evening Primrose Oil Shampoo', 'Шампунь № 18 Масло Вечерней Примулы Для Черной Шерсти', '18-black-coat-evening-primrose-oil-shampoo', '№18', 'Предназначен для черной или очень темной шерсти, таких окрасов\r\nкак темный красновато-коричневый или махагоновый. Содержит 1%\r\nмасла Вечерней Примулы. Прекрасное свойство этого шампуня \r\nзаключается в том, что вам не стоит беспокоиться о потере других \r\nцветов шерсти. Подходит для ежедневного мытья Вашей собаки.\r\n\r\n\r\n\r\n\r\n\r\n\r\n\r\n\r\n\r\n\r\n', '', 'Данный продукт базируется на формуле шампуня №10. Шампунь для черной шерсти всех оттенков отличается от других продуктов для усиления цвета тем, что не содержит красители или хну. Шерсть, пропитываясь маслом будет впитывать пигмент. Черный цветной пигмент будет создавать оптический эффект преломляя все оттенки черного цвета, усиливая и делая богаче и ярче. Прекрасное свойство этого шампуня заключается в том, что вам не стоит беспокоиться о потере других цветов шерсти. Данный продукт прекрасно работает на шерсти черных и всех темных расцветок, таких как Ирландский Сеттер или Руби Кинг Чарльз Спаниель (черный пигмент придаст шерсти этих пород богатые цвета красного дерева). Этим шампунем можно мыть вашу собаку хоть каждый день, совершенно не боясь причинить вреда шерсти. С каждым днем шерсть будет становиться только лучше и лучше.', 'Хорошо намочите шерсть, нанесите шампунь, хорошо пропитайте помогая руками тщательно распределиться по всей шерсти. Оставьте шампунь на 2-5 минут, а затем ее необходимо основательно смыть. Используйте кондиционер Formula №50 или №51, затем промойте и просушите. Если шерсть Вашей собаки очень грязная, то может потребоваться повторное мытье. \r\nМожет разбавляться водой в соотношении 10:1\r\n', 'мягкая вода, лаурет сульфат натрия, диэтаноламин кокамид, сополимер акрилата, полиэтиленгликоль-3 дистеарат, масло энотеры двухлетней (энотеры), ароматизирующее вещество, ДМДМ гидантоин, лодопропинил бутилкарбамат, лимонная кислота, хлорид натрия, бензофенон-4, синий краситель №1, красный краситель № 40, жёлтый краситель № 6, кислотный синий № 74\r\n', 1, 1, 1, NULL, 25),
(6, 1, '№ 20 Royal Jelly Shampoo', 'Шампунь № 20 Королевское Желе', '20-royal-jelly-shampoo', '№20', 'Способствует росту волос. Кроме того добавляет объем существующей\r\nшерсти. Особенно рекомендуется собакам во время сезонной линьки,\r\nпосле ложной беременности или родов. Стимулирует рост волос, \r\nпри регулярном использовании. Содержит комплекс белков, жиров и витаминов, которые обеспечивают регенерацию для более густой шерсти.', '', 'Маточное молочко является питательным веществом, которым рабочие пчелы кормят королеву пчел. Таким образом, он содержит не только натуральные жиры, но и целый ряд чистых белков. Эти белки попадают в слой эпидермиса корней волос, добавляя объем текстуру. Этот шампунь великолепно подходит для сук потерявших шерсть после родов, и собакам после линьки. Этот шампунь можно комбинировать с шампунями усиливающими окраску (№ 16, № 17 и № 18), для того чтобы увеличением объема и усилить цвета. ', 'Хорошо намочите шерсть, нанесите шампунь, хорошо пропитайте помогая руками тщательно распределиться по всей шерсти. Оставьте шампунь на 2-5 минут, а затем ее необходимо основательно смыть. Используйте кондиционер Formula №50 или №51, затем промойте и просушите. Если шерсть Вашей собаки очень грязная, то может потребоваться повторное мытье.\r\n\r\nМожет разбавляться водой в соотношении 10:1\r\n', 'мягкая вода, лаурет сульфат натрия, диэтаноламин кокамид, кокамидопропилбетаин, полиэтиленгликоль-3 дистеаратб пчелиное молочко, полисорбат 20, ароматизирующее вещество, ДМДМ гидантоин, лодопропинил бутилкарбамат, лимонная кислота, хлорид натрия, карамельный краситель.', 1, 1, 1, NULL, 30),
(7, 1, '№ 33 Coarse Coat Shampoo ', '№ 33 Шампунь Для Жесткой Шерсти', '33-coarse-coat-shampoo', '№33', 'Идеально подходит для собак с жесткой и грубой шерстью, таких как терьеры,\r\nа так же собакам, которым необходимо сделать шерсть текстурной, например, Колли и\r\nЧау Чау. Основан на экстракте морских водорослей, которые будут увлажнять\r\nшерсть, при том не смягчая структуру.', '', 'Этот шампунь идеально подходит для собак с жесткой или грубой структурой шерсти, таких как терьеры, а так же собакам, которым необходимо поднять шерсть, например, Колли и Чау Чау. Основан на экстракте морских водорослей, которые будут увлажнять шерсть, при этом не смягчая текстуру.', 'Хорошо намочите шерсть, нанесите шампунь, хорошо пропитайте помогая руками тщательно распределиться по всей шерсти. Оставьте шампунь на 2-5 минут, а затем ее необходимо основательно смыть. Используйте кондиционер Formula №50 или №51, затем промойте и просушите. Если шерсть Вашей собаки очень грязная, то может потребоваться повторное мытье.\r\n\r\nМожет разбавляться водой в соотношении 10:1\r\n', 'Вода, лаурет сульфат натрия, диэтаноламин кокамид, кокамидопропилбетаин, полиэтиленгликоль-3 дистеарат, полисорбат 20, ароматизирующее вещество, экстракт из морских водорослей, ДМДМ гидантоин,лодопропинил бутилкарбамат, лимонная кислота, хлорид натрия, голубой краситель №1, жёлтый краситель № 5', 1, 1, 1, NULL, 40),
(8, 1, '№32 Intensely Nourishing Gloss Shampoo', '№32 Шампунь Для Блеска', '32-intensely-nourishing-gloss-shampoo', '№32', 'Содержит высокую концентрацию успокоительных для кожи эфирных масел,\r\nв числе которых Итальянский Бергамот и Мадагаскарская Розовая\r\nГерань. В результате Вы сможете получить невероятную мягкость и блеск.\r\n', '', 'Для создания этого уникального травяного  Gloss шампуня мы использовали лепестки гибискуса sabdariffa,  собранного зимой. Этот метод заготовки гарантирует, что наша формула обеспечит максимальный блеск и натуральность. Высокая концентрация терапевтически успокоительных для кожи эфирных масел, в числе которых Итальянский Бергамот и Мадагаскарская Розовая Герань позволит Вам расширить горизонт достижений в уходе за шерстью вашей собаки. В результате вы получите невероятную мягкость и блеск, а в дополнение приятный ритуал связывающий вас и вашу собаку.', 'Тщательно промочить. Шампунь втереть в волосы и кожу. Для увеличения намыливания, добавить немного воды. Смыть полностью. Весьма рекомендуется для здоровья и красоты вашей собаки применять с питательной маской № 52.', 'вода, децил глюкозид, лауроамфоацетат натрия, метил кокоил таурат натрия, экстракт гибискуса, пшеничные аминокислоты, гидролизованные протеины пшеницы и линолевая кислота, гиалуроновая кислота, сорбит, масло пшеницы обыкновенной (Зародышей пшеницы), масло китайского букуса (жожоба), пантенол, токоферол, дрожжевой экстракт, Ди (лаурил диметил аммоний гидроксипропил) децил глюкозид, лимонная кислота, бегенамидопропил гидроксиэтил димониум хлорид, полиэтиленгликоль-150 пентаэритритил тетранитрат, глюконолактон, бензоат натрия', 1, 1, 1, NULL, 35),
(9, 2, '№ 50 Light Management Conditioner', '№ 50 Кондиционер Легкого Действия', '50-light-management-conditioner', '№50', 'Этот кондиционер содержит продукты кокоса, которые не утяжеляют \r\nшерсть. Удерживает масла и влагу после мытья шампунем.\r\nОн придаст шерсти Вашей собаки блеск и здоровый вид. ', '', 'Этот кондиционер содержит продукты кокоса, которые&nbsp;придадут шерсти вашей собаки блеск и здоровый вид.&nbsp;Сохраняет объем. Кондиционер закрывает слой кутикулы волосяного покрова, удерживая масла и влагу, попавшие из шампуней Isle Of Dogs на шерсть. Разводите кондиционер в соотношении 10:1 с водой или больше в зависимости от желательной жесткости шерсти.', 'Нанесите достаточное количество кондиционера на шерсть и кожу, подождите 5 минут, после чего тщательно промойте. Просушите шерсть. \r\n\r\nМожет разбавляться водой в соотношении 10:1\r\n\r\nСОВЕТ: Если вы хотите, чтобы шерсть росла лучше, подержите кондиционер на шерсти от 15 до 20 минут перед полосканием. Это позволит кондиционеру полностью пропитать кожу и шерсть. Делайте это регулярно в течении месяца результаты Вас удивят. \r\n', 'вода, цетиариловый спирт, полиэтиленгликоль-40 касторовое масло, стеаралкониум хлорид, цетиловый спирт, бегентримониум-метосульфат, масло энотеры двухлетней (энотеры), ДМДМ гидантоин, лодопропинил бутилкарбамат, ароматизирующее вещество, красный краситель № 33', 1, 1, 1, NULL, 100),
(10, 2, '№ 51 Heavy Management Conditioner', '№ 51 Кондиционер Сильного Действия', '51-heavy-management-conditioner', '№51', 'Делает шерсть более гладкой. Идеально подходит для сухой и тусклой\r\nшерсти, породам с двойной шерстью, а также для пород с ниспадающей\r\nшерстью.', '', 'Этот кондиционер немного тяжелее, чем другие наши легкие кондиционеры. Она закрывает слой кутикулы волосяного покрытия, делая шерсть более гладкой. Идеально подходит для сухой и тусклой шерсти, породам с двойной шерстью, а также для ниспадающей шерсти, которая должна свисать вниз. ', 'Нанесите достаточное количество кондиционера на шерсть и кожу, подождите 5 минут, после чего тщательно промойте. Просушите шерсть.\r\n\r\nМожет разбавляться водой в соотношении 10:1\r\n\r\nСОВЕТ: Если вы хотите, чтобы шерсть росла лучше, подержите кондиционер на шерсти от 15 до 20 минут перед полосканием. Это позволит кондиционеру полностью пропитать кожу и шерсть. Делайте это регулярно в течении месяца и результаты Вас удивят.\r\n', 'вода, цетиариловый спирт, полиэтиленгликоль-40 касторовое масло, стеаралкониум хлорид, бегентримониум-метосульфат, пантенол, сок листа алоэ-вера, экстракт листа розмарина лекарственного (розмарина), экстракт листа лаванды узколистной (лаванды), масло энотеры двухлетней (энотеры), ДМДМ гидантоин, лодопропинил бутилкарбамат, ароматизирующее вещество, голубой краситель №1, жёлтый краситель № 5', 1, 1, 1, NULL, 110),
(11, 2, '№52 Intensely Nourishing Nutrient Masque', '№52 Питательная Маска', '52-intensely-nourishing-nutrient-masque', '№52', 'Основное питание для волос, которое может применяться в качестве\r\nфинишной обработки после каждого купания Вашей собаки.\r\nМаска высокой концентрации и глубокого кондиционирования.\r\n', '', 'Высокой концентрации, исключительно глубокого кондиционирования восстанавливаюший структуру и прочность всех типов волос, уменьшает ломкость и выпадение, а также эффективно предотвращает спутывание. Пшеничный протеин и витамины, богатые жирными кислотами придают природную красоту, всецело укрепляя здоровье волос. Основное питание для волос, которое должно применяться в качестве финишной обработки после каждого купания, даже если ваша собака имеет хорошее состояние шерсти.', 'После мытья шампунем нанести большое количество Nutrient Masque на шерсть. Глубоко втереть в шерсть и оставить на 3-5 минут. Смыть полностью.\r\n\r\n', 'вода, бегентримониум-метосульфат (рапсовое масло) и цетиловый спирт (без ГМО продуктов), гидролизованные протеины пшеницы и олигосахарид пшеницы, пантенол (витамин В5) и гидролизованные протеины пшеницы и линолевая кислота, гиалуроновая кислота (растительного происхождения), сорбит (органичный увлажнитель), масло пшеницы обыкновенной (Зародышей пшеницы), масло китайского букуса (жожоба), токоферол (витамин Е), дегидрацетовая кислота, бензиловый спирт', 1, 1, 1, NULL, 120),
(12, 3, '№ 62 Evening Primrose Oil Conditioning Mist', '№ 62 Масло Вечерней Примулы Спрей-Кондиционер', '62-evening-primrose-oil-conditioning-mist', '№62', 'Обладает легким ароматом. Отлично подходит для расчесывания в \r\nпериод между купаниями или между выставками. Успокаивает и увлажняет\r\nкожу, придает блеск любой шерсти. Пользуется большой популярностью у\r\nзаводчиков.', '', 'Кондиционирующий спрей содержащий масло Вечерней Примулы и растительные экстракты, которые позволяют успокоить кожу, предотвратить шелушение кожи и придать блеск любой шерсти. Этот продукт, увлажняет лучше, чем №63 и обладает более легким ароматом. Он отлично подходит для расчесывания в период между купаниями или между выставками, а так же пользуется большой популярностью среди заводчиков. ', 'Перед применением необходимо хорошо взболтать. Слегка нанесите спрей на шерсть и щетку. Беречь от попадания в глаза собаки. Незаменим при устранении неприятных запахов и прекрасно помогает при расчесывании между купаниями.', 'вода, СД спирт 40-Б, полиэтиленгликоль-12 полидиметилсилоксан, пантенол, полисорбат 20, масло энотеры двухлетней (энотеры), экстракт листа розмарина лекарственного (розмарина), экстракт цветков ромашки лекарственной экстракт тимьяна обыкновенного (тимьяна), ароматизированное вещество.', 1, 1, 1, NULL, 200),
(13, 3, '№ 63 Detangle Conditioning Mist', '№ 63 Распутывающий Спрей-Кондиционер', '63-detangle-conditioning-mist', '№63', 'Идеально подходит для собак с длинной шерстью и шерстью средней\r\nдлины. Помогает распутать шерсть и поддерживать ее в аккуратном состоянии.\r\n', '', 'Идеально подходит для собак с длинной шерстью и шерстью средней длины. Помогает распутывать шерсть и поддерживает ее в аккуратном и чистом состоянии. Остается на шерсти, чтобы предотвратить запутывание и образование колтунов, кроме того, не будет склеивать ее.', 'Сбрызните запутанную или свалявшуюся область шерсти как минимум за две минуты до расчесывания. Не оставляет остатков на шерсти. Используйте так часто, как это необходимо. Избегайте попадания в глаза собаки.', 'мягкая вода, лаурет сульфат натрия, диэтаноламин кокамид, сополимер акрилата, полиэтиленгликоль-3 дистеарат, масло энотеры двухлетней (энотеры), ароматизирующее вещество, ДМДМ гидантоин, лодопропинил бутилкарбамат, лимонная кислота, хлорид натрия', 1, 1, 1, NULL, 210),
(14, 5, 'Isle Hold ', 'Пенка Для Фиксации', 'isle-hold', 'hold', 'Кондиционирующая пенка мусс или гель для укладки без каких-либо \r\nаэрозолей. Богатая питательным соевым белком, обеспечивает \r\nневероятный объем и легкую укладку. Не сушит шерсть, но добавляет \r\nблеск.', '', 'Кондиционирующая пенка мусс или гель для укладки без каких либо аэрозолей, . Богатая питательным соевым белком, обеспечивает невероятный объем и облегчающий контроль за укладкой волос, не оставляя липкого остатка на шерсти. Она не сушит шерсть, но добавляет блеск. Прекрасно работает поверх Isle Thicken для создания максимального обьема.', 'Выдавите на ладони пенку двумя-тремя нажатиями. Нанесите на нужные участки увлажненной шерсти, после чего просушите и уложите так, кА Вам это необходимо.\r\n\r\nПодсказка: Нанесите на короткую шерсть ног Вашей собаки и придайте им вид и выразительную форму. Так же прекрасно работает на голове, щеках и других частях тела. \r\n', 'вода, полисорбат 20, СД спирт 40-Б, поликватерниум-11, поливинилпирролидон,\r\nкокамидопропилбетаин, пантенол, протеин глицина сои (соевых бобов), цианокобаламин (витамин В12), масло семян китайского букуса (жожоба), диэтаноламин кокамид, полиэтиленгликоль-40 касторовое масло, масло сладкого (Испанского) апельсина, пропилен гликоль, диазолидинил мочевина, метилпарабен, пропилпарабен, ароматизирующее вещество.\r\n', 1, 1, 2, NULL, 805),
(15, 5, 'Isle Lift', 'Спрей Для Объема', 'isle-lift', 'lift', 'Придает структуру от корней волос, обеспечивает дополнительный \r\nобъем и поднимает шерсть. Рекомендован для таких пород, как Пудель,\r\nПекинес, Терьер, Колли и Шелти. Прекрасно работает для фиксации\r\nшерсти на холке для придания красивой линии верха.', '', 'Без аэрозольный, богатый белком спрей придает структуру от корней волос, обеспечивает дополнительный объем и поднимает шерсть.\r\n\r\nЭтот продукт идеально подходит для пород, которые нуждаются в поднятой шерсти, такие как Пекинес, Пудель, Терьер, Шелти и Колли. Прекрасно работает для фиксации шерсти на холке для придания красивой линии верха. Прекрасное свойство этого продукта в том, что он наносится на корни волос и так же как и все наши другие продукты не оставляет ощущения липкости на ощупь. Так же, как Hold и Isle Style производится в экономичном исполнении.\r\n', 'Спрей наносится на корни и подшерсток, после чего сушится и придается форма как обычно. Может быть нанесено на руки, а затем на нужные участки головы и ног для придания формы.', 'вода, СД спирт 40-Б, ВП/ВА сополимер, поливинилпирролидон, полиэтиленгликоль-40  гидрогенизированное  касторовое масло, протеин глицина сои (соевых бобов), пантенол, цианокобаламин (витамин В12), масло семян китайского букуса (жожоба), полиэтиленгликоль-12 полидиметилсилоксан, медь PCA, экстракт глицина семян сои (соевых бобов), экстракт листа алоэ-вера, хлорид четвертичной соли аммония, ацетат токоферола, ароматизирующее вещество', 1, 1, 2, NULL, 840),
(16, 5, 'Isle Repair', 'Восстанавливающий Кондиционер', 'isle-repair', 'repair', 'Великолепный кондиционер для ниспадающей шерсти является\r\nфантастическим продуктом для завершающей отделки, устранения \r\nстарых и поврежденных волос, снятия статического электричества.', '', 'Великолепный кондиционер для ниспадающей шерсти может быть разбавлен в бутылке для спрея и является фантастическим продуктом для завершающей отделки, устранения старых и поврежденных волос , а так же в качестве сильного антистатического средства. Продолжительное использование помогает исцелить сухие и поврежденные волосы, усиливая блеск с течением времени. Заводчики Английского Сеттера пришли к выводу, что распыление Isle Repair в местах попадания мочи на шерсть помогает защитить от окрашивания и предотвратить порчу.', 'Для поврежденной шерсти мы рекомендуем применение продукта без разбавления нанеся на влажную шерсть перед укладкой и сушкой. За день шоу, разбавив 1-2 столовые ложки средства на 250 милилитров воды в бутылке для спрея, нанесите на шерсть и хорошо просушите. Коэффициент разбавления может быть изменен для достижения наилучшего эффекта.\r\n\r\nНебольшая подсказка: Когда будете разбавлять, то начните с небольшого количества воды, примерно до первого деления, налив в бутылку спрей, после чего добавьте необходимое количество продукта, хорошо взболтайте, а затем добавьте оставшуюся воду. \r\n', 'вода, гидроксиэтилцеллюлоза, амодиметикон, октоксинол-40, изолаурет 6, хлорид четвертичной соли аммония, пантенол, экстракт цветков ромашки лекарственной, экстракт грейпфрута, экстракт плодов шиповника собачьего, экстракт тысячелистника обыкновенного, эмульгирующийся воск НФ, гидроксипропил-тримоний-хлорид гуар, ДМДМ гидантоин, метил глюцет-20, метилпарабен, пропилен гликоль, ароматизированное вещество/парфюм, пропилпарабен, лимонная кислота, бензофенон-4, красный краситель № 40, оранжевый краситель № 4.', 1, 1, 2, NULL, 860),
(17, 5, 'Isle Revive', 'Регенерирующий Кондиционер', 'isle-revive', 'revive', 'Данный продукт был специально разработан для усиления эффекта \r\nкудрявых и волнистых волос, также делает более эластичными прямые \r\nволосы, не распрямляя их. Прекрасно помогает в ситуации, когда нет \r\nвремени и в последний момент надо сделать неотразимый вид шерсти.', '', 'Данный продукт был специально разработан для усиления эффекта кудрявых и волнистых волос, также делает более эластичными прямые волосы, не распрямляя их. Мы еще его называем мгновенным ликвидатором тусклости, сухости и безжизненности волос, как будто вдруг пришла "Весна" и шерсть преобразилась моментально. Прекрасно помогает в ситуации, когда нету времени и в последний момент надо сделать неотразимый вид шерсти.', 'Для использования его в качестве аэрозоли, разбавить 1-2 столовые ложки средства на 250 мл. воды в бутылке для спрея, нанести на шерсть и уложить расческой используя низкотемпературный фен и средние скорости воздушного потока. Может быть использован для максимального эффекта на влажной шерсти, нанесите руками и хорошо распределите, после чего уложите как обычно.\r\n\r\nНебольшая подсказка: Когда будете разбавлять, то начните с небольшого количества воды, примерно до первого деления, налив в бутылку спрей, после чего добавьте необходимое количество продукта, хорошо взболтайте, а затем добавьте оставшуюся воду. \r\n', 'мягкая вода, винил капролактам / поливинилпирролидон / диметиламиноэтил метакрилат сополимер, глицерин, пантенол, пантенил гипрокспропил, дистеарилдимоний хлорид, гидролизованный протеин риса, экстракт лопуха большого (лопуха), экстракт плюща обыкновенного (плюща), экстракт пажитника сенного (пажитника), миристиновокислый изопропил, бутилен гликоль, экстракт красных водорослей, триэтаноламин, акрилаты/С10-30 алкил акрилат кроссполимер, ноноксинол-10, твёрдый тримониум хлорид, амодинэтикон, лодопропинил бутилкарбамат, ДМДМ гидантоин, бензофенон-4, двунатриевая этилендиаминтетрауксусная кислота, синий краситель №1', 1, 1, 2, NULL, 890),
(18, 5, 'Isle Straighten ', 'Разглаживающий Кондиционер', 'isle-straighten', 'straighten ', 'Разработан специально для пород, которым требуется приглаженная шерсть\r\nи необходимо сохранить шелковитость шерсти. Этот продукт содержит экстракт\r\nкоры березы, что помогает выпрямить и разгладить волосы и в то же время \r\nзащищает шерсть от термоповреждений. Также может использоваться\r\nдля распутывания шерсти и снятия статики. ', '', 'Этот продукт содержит экстракт коры березы, что помогает выпрямить и разгладить волосы и в то же время защищает шерсть от термо повреждений. Если вам нужно сделать гладкую, завивающуюся шерсть, слегка нанесите средство на щетку и разгладьте ей шерсть вниз. Это придаст невероятный блеск шерсти. Также может использоваться в качестве распутывающего спрея для спутанной шерсти(для этого наносить продукт в таких количествах, сколько это необходимо на сухую шерсть, расчесать расческой колтуны и запутанные волосы, завершить купанием).', 'Удерживая на расстоянии 25 см. слегка нанесите на влажную шерсть. Сушить и укладывать как обычно. Использовать умеренно, и не торопиться. ', 'циклометикон, изопропил пальминат, диметилконол, октил метоксициннамат, экстракт берёзовой коры, экстракт лимонника, масло жожоба, ацетат токоферола, ароматизирующее вещество', 1, 1, 2, NULL, 850),
(19, 3, 'Isle Strengthen', 'Укрепляющий Спрей-Кондиционер', 'isle-strengthen', 'strengthen', 'Кондиционер спрей, не требующий смывания для длинношерстных пород, \r\nпредотвращает ломкость и повышает гибкость, уменьшает вред от\r\nпостоянного расчесывания. Придает блеск без утяжеления, облегчает \r\nраспутывание волос. Может использоваться ежедневно.', '', 'Кондиционер спрей, не требующий смывания для длинношерстных пород, предотвращает ломкость и повышает гибкость, уменьшает вред от постоянного расчесывания и укладки помогая шерсти расти более длинной и крепкой.\r\n\r\nСодержит белки, которые увеличивают прочность волос, а компоненты кондиционирования увлажняют их. Этот не требующий смывания кондиционер может использоваться ежедневно, перед расчесыванием в период между купаниями.\r\n', 'Нанести спрей на мокрую или сухую шерсть перед расчесыванием. Может быть также разбавлен в пропорции 2:1 с водой и использоваться для повторного увлажнения. ', 'вода, хлорид четвертичной соли аммония, мёд гидроксипропилтримониум, поликватерниум-11, гидролизованный шёлк, амодиметикон, аминокислоты шёлка, поликватерниум-4, экстракт хвоща полевого, сок листа алоэ-вера, экстракт листа ромашки медицинской, этилэксил метоксициннамат фитантриол, ацетат токоферола, аскорбиновая кислота, тридецет-12, ароматизирующее вещество/парфюм, C11-15 парет-7, C12-16 парет-9, глицерин, полисорбат-20, метилхлороизотиазолинон, метилизотиазолинон, синий краситель №1, жёлтый краситель № 5', 1, 1, 2, NULL, 870),
(20, 5, 'Isle Style', 'Айл Стайл', 'isle-style', 'style', 'Спрей, который сделает шерсть абсолютно невесомой. Он был специально\r\nразработан для подготовки шерсти к стрижке или для придания шерсти \r\nнемного дополнительной структуры. Идеально подходит для подготовки шерсти\r\nк стрижке ножницами и укладке. Также подходит для быстрого набивания шерсти,\r\nиспользуется как основа для пудры. Рекомендуется для закрепления волос\r\nпород с ниспадающей шерстью и для укладки волос на голове терьеров.', '', 'Спрей, который сделает шерсть абсолютно невесомой. Он был специально разработан для подготовки шерсти к стрижке или для придания шерсти немного дополнительной текстуры. Этот продукт не будет пачкать и не испортит Ваши ножниц, а шерсть не станет липкой на ощупь. Этот продукт идеально подходит для шерсти таких пород, как Пудель, Португальская Водянае собака и Бишон-фризе, и дает фантастические результаты на ногах шнауцеров и Керри Блю терьеров. Идеально подходит для подготовки шерсти к стрижке ножницами и укладке.', 'Распылить на влажную или сухую шерсть с расстояния 15-20см. и тщательно расчесать щеткой или гребнем. Может быть использована как на влажной, так и на сухой шерсти.\r\n\r\nСовет: Попробуйте использовать для набивания шерсти, например распыляя на ноги и расчесывается против шерсти. Так же может как основа для пудры. \r\n', 'СД спирт 40-Б, вода, октилакриламид /акрилаты/сополимер бутиламиноэтил метакрилата, винилацетат/кротонаты/ сополимер винил неодеканоат, кокамидопропилбетаин, полиэтиленгликоль-12 диметикон, протеин глицина сои (соевых бобов), пантенол, цианокобаламин (витамин В12), масло семян китайского букуса (жожоба), аминометил пропанол, полисорбат 20, токоферил ацетат, бензофенон-4, пропиленгликоль, экстракт листьев шалфея, бутиленгликоль, экстракт крапивы, экстракт розмарина, карбомер, ароматизирующее вещество.', 1, 1, 2, NULL, 880),
(21, 5, 'Isle Thicken', 'Кондиционер Для Объема (Усилитель Объема)', 'isle-thicken', 'thicken', 'Данный продукт был разработан для добавления фантастического объема\r\nшерсти. Он попадает в эпидермис и каждый отдельный волос, придавая\r\nневероятный объем.', '', 'Данный продукт был разработан для добавления фантастического объема шерсти. Он попадает в эпидермис и каждый отдельный волос, придавая шерсти невероятно большой объем, при этом шерсть не будет иметь ощущения присутствия каких либо косметических средств. Он может быть использован в чистом виде или разбавленным как спрей.', 'Если используется в чистом виде, то лучше всего наносить на влажную шерсть и использовать в небольшом количестве. При разбавлении пропорция зависит от типа шерсти и может быть где-то от 1/2 до 2 столовых ложек разбавленными с 250мл воды в бутылке распылителе. Распылить на шерстяной покров и высушить воздухом.\r\n\r\nНебольшая подсказка: Когда будете разбавлять, то начните с небольшого количества воды, примерно до первого деления, налив в бутылку спрей, после чего добавьте необходимое количество продукта, хорошо взболтайте, а затем добавьте оставшуюся воду.\r\nДополнительно: Используется для придания вида мощного костяка на ногах. \r\n', 'вода, глицерин, глицерил стеарат, цетиловый спирт, VP/VA сополимер, глицерин, стеаралкониум хлорид, полиэтиленгликоль-150 дистеарат, полиэтиленгликоль-100 стеарат, центримониум хлорид, гликоль стеарат, полиэтиленгликоль-12 полидиметилсилоксан, метилпарабен, дицетилдимониум хлорид, ароматизирующее вещество/парфюм, ДМДМ гидантоин, аминокислоты пшеницы, пропилпарабен, красный краситель № 40, оранжевый краситель № 4', 1, 1, 2, NULL, 800),
(22, 4, '№ 91 Royal Jelly Coat Supplement', '№ 91 Добавка Для Шерсти Королевское Желе', '91-royal-jelly-coat-supplement', '№91', 'Эта добавка содержит маточное молочко. Его белки способствуют\r\nросту волос и снижают вероятность их потери. ISLE OF DOGS рекомендует\r\nдобавлять в рацион эту добавку ежедневно, для поддержания роста волос.', '', 'Эта добавка для шерсти содержит маточное молочко, взвешенное в растительных маслах. Белки, содержащиеся в маточном молочке способствуют росту волос и снижают вероятность их потери.', 'Полное руководство по применению, дозам в соотношении к размерам питомца можно прочитать на бутылке.', 'масло канолы, пчелиное молочко, этилпарабен, метилпарабен, пропилпарабен', 1, 1, 1, NULL, 300),
(23, 4, '№ 92 EFA Blend Coat Supplement', '№ 92 Добавка Для Шерсти Основные Жирные Кислоты', '92-efa-blend-coat-supplement', '№92', 'Добавка на основе масла Вечерней Примулы обладает успокаивающим \r\nдействием. Особенно эффективна при шелушении и зуде кожи.\r\nБогатая жирными кислотами является крайне важной для здоровья кожи, \r\nблеска шерсти, и хорошим регулятором необходимых масел в шерсти.\r\n', '', 'Добавка на основе масла Вечерней примулы особенно эффективна при шелушении кожи, зуде кожи и обладает природной, успокаивающей способностью. Богатая жирными кислотами является крайне важной для здоровья кожи, блеска шерсти, и хорошим регулятором необходимых масел в шерсти. Предназначен для использования в сочетании непосредственно с продуктами ISLE OF DOGS. Перед применением необходимо хорошо взболтать. ', 'Полное руководство по применению, дозам в соотношении к размерам питомца можно прочитать на бутылке.', 'масло канолы, линолевая кислота, этилфарабен, метилпарабен, пропилпарабен', 1, 1, 1, NULL, 310),
(24, 1, 'Sit Still Shampoo', 'Шампунь Для Нежной Очистки и Увлажнения', 'sit-still-shampoo', 'sit-still', 'Создан для мягкого очищения и увлажнения, делает шерсть гладкой и послушной. Идеально подходит для укладки с эффектом мокрых” волос. Увлажняет шерсть, делая ее сильной и повышая ее эластичность, что защищает шерсть от повреждений. Также подходит для сухой или поврежденной шерсти любого типа.', '', 'Данный продукт относится к разряду салонной косметики. Разработан специально для груминг салонов, профессиональных грумеров и крупных питомников. Предназначен для нежной очистки и увлажнения, оставляя ощущение мягкости и гладкости шерсти. Добавляет увлажняющие свойства, способствует укреплению волос и увеличивает эластичность для предотвращения повреждений покрова. Кроме того, хорошо работает на сухой и поврежденной шерсти всех типов.', 'Разбавить с водой в соотношении до 20:1. Смочить шерсть, нанести шампунь, тщательно втереть и тщательно промыть. При необходимости повторить. Для особо загрязненной шерсти лучше предварительно искупать используя Шампунь «Stay Clean», после чего искупать используя данный продукт.', 'Вода, лаурет сульфат аммония, лаурил сульфат аммония, кокамидопропилбетаин, лаурет сульфат соды, полиэтиленгликоль-3 дистеарат, глюкозид кокоса, глицерил олеат, глицерин, пантено, пропиленгликоль, экстракт алоэ-вера, ДМДМ гидантоин, иодопропинил битилкарбамат, полисорбат 20, лимонная кислота, хлорид соды, ароматическое вещество.', 1, 1, 3, NULL, 115),
(25, 1, 'Stand Up Shampoo', 'Шампунь Для Создания Текстуры и Объема', 'stand-up-shampoo', 'stand-up', 'Прекрасное средство, придающее объем и плотность мягкой шерсти, что облегчает укладку и стрижку. Также помогает сохранить свойства и качества жесткой шерсти.', '', 'Данный продукт относится к разряду салонной косметики. Разработан специально для груминг салонов, профессиональных грумеров и крупных питомников. Превосходный моющий продукт, который добавляет тектуру и объем мягкому типу шерсти и облегчает укладку и стрижку. Сохраняет качество и характер жесткой шерсти. Придаст шерсти больше объема.', 'Разбавить с водой в соотношении до 20:1. Смочить шерсть, нанести шампунь, тщательно втереть и тщательно промыть. Некоторые типы шерсти требуют повторной мойки для достижения наилучшего результата.', 'Вода, лаурет сульфат аммония, кокамид диэтаноламин, кокамидопропилбетаин, поликватерниум-10, пропиленгликоль, экстракт лепестков календулы, экстракт розмарина, эвкалиптовое масло, ДМДМ гидантоин, иодопропинил битилкарбамат, бензофенон-4, полисорбат 20, лимонная кислота, хлорид соды, ароматическое вещество,  желтый №6.', 1, 1, 3, NULL, 120),
(26, 1, 'Stay Clean Shampoo', 'Шампунь «Оставайся Чистым»', 'stay-clean-shampoo', 'stay-clean', 'Деликатный очищающий шампунь, удаляет грязь и запах, надолго сохраняет эффект, позволяя реже купать собаку. Можно применять отдельно или перед использованием любого нашего шампуня. ', '', 'Данный продукт относится к разряду салонной косметики. Разработан специально для груминг салонов, профессиональных грумеров и крупных питомников. Мягкий, но глубокий очистки шампунь для удаления грязи и запаха, а также увеличивает время между купаниями. Хорошо работает сам по себе, а также может быть использован в первую очередь, с последующим применением других шампуней. Является смесью клубники, жасмина и игристого вина.', 'Разбавить с водой в соотношении до 20:1. Смочить шерсть, нанести шампунь, тщательно втереть и тщательно промыть. При необходимости повторить. Для особо загрязненной шерсти лучше предварительно искупать используя "Шампунь Для Создания Текстуры и Объема", после чего искупать используя данный продукт.', 'Вода, лаурет сульфат аммония, кокамидопропилбетаин,\r\nкокамид диэтаноламин, экстракт семян камелии (зеленый чай),\r\nпантенол, экстракт алоэ барбадензис, экстракт гамамелиса, пропиленгликоль, ДМДМ гидантоин, иодопропинил битилкарбамат, лимонная кислота, хлорид соды, ароматическое вещество.\r\n', 1, 1, 3, NULL, 110),
(27, 2, '2 Build Conditioner', 'Омолаживающий Кондиционер На Основе Протеина', '2-build-conditioner', '2build', 'Омолаживающий кондиционер на основе протеина, помогает восстановить шерсть от повреждений, вызванных диетой, механических повреждений. Добавляет объем и делает шерсть более послушной для укладки и стрижки. ', '', 'Данный продукт относится к разряду салонной косметики. Разработан специально для груминг салонов, профессиональных грумеров и крупных питомников. Омолаживающий кондиционер на основе протеина, способствующий восстановлению повреждений вызванных неправильной диетой или парикмахерскими инструментами. Увеличивает объем и облегчает стрижку и укладку. Не смягчает покров настолько, насколько его смягчают другие кондиционеры.', 'Может быть разбавлен с водой до 5:1 или использован в чистом виде. Для достижения натлучших результатов нанести продукт на чистую, влажную шерсть и оставить на 2-3 минуты, после чего смыть.', 'Вода, цетиариловый спирт, полиэтиленгликоль-40 касторовое масло, хлорид стеарилалкония, хлорид бегентримониума, масло энотеры двухлетней, масло семян китайского букуса (жожоба), кератиновые аминокислоты, пантенол, токоферил ацетат, ретинил пальмитат, ДМДМ гидантоин, иодопропинил битилкарбамат, бензофенон-4, ароматическое вещество,  карамель.', 1, 1, 3, NULL, 170),
(28, 2, '2 Heal Conditioner', 'Глубоко Проникающий Кондиционер', '2-heal-conditioner', '2heal', 'Глубоко проникающий кондиционер, созданный для увлажнения, защиты и предотвращения повреждений шерсти, придает блеск. Делает шерсть более мягкой, гладкой и послушной. Постоянное применение придаст шерсти более роскошный вид.', '', 'Данный продукт относится к разряду салонной косметики. Разработан специально для груминг салонов, профессиональных грумеров и крупных питомников. Глубоко проникающий кондиционер, созданный для увлажнения, защиты и предотвращения повреждений шерсти, придает блеск. Делает шерсть более мягкой, гладкой и послушной. Постоянное применение придаст шерсти более роскошный вид.', 'Может быть разбавлен с водой до 5:1 или использован в чистом виде. Для достижения натлучших результатов нанести продукт на чистую, влажную шерсть и оставить на 2-3 минуты, после чего смыть. Может использоваться в сочетании с "Шампунем Для Нежной Очистки и Увлажнения" или наноситься на выбранные части тела, такие как туловище и конечности. Когда необходимо добиться объема на других частях тела используйте в сочетании с "Шампунем Для Создания Текстуры и Объема" и "Омолаживающий Кондиционер На Основе Протеина". ', 'Вода, цетиариловый спирт, полиэтиленгликоль-40 касторовое масло, хлорид стеарилалкония, хлорид бегентримониума, пантенол, полиэтиленгликоль -12 полидиметилсилоксан, экстракт алоэ барбадензис, токоферил ацетат, ретинил пальмитат, ДМДМ гидантоин, иодопропинил битилкарбамат, этилгексил метоксиннамат, ароматическое вещество.\r\n\r\n', 1, 1, 3, NULL, 160),
(29, 3, '4 Control Grooming Spray', 'Спрей Для Контролируемого Ухода', '4-control-grooming-spray', '4control', 'Кондиционер-спрей, помогает избавиться от статического электричества и избавляет шерсть от спутывания, не повреждая ее. Повышает упругость шерсти, что предотвращает ломкость. Придает заметную гладкость длинной шерсти и блеск всем видам шерсти. Отталкивает грязь, позволяя шерсти дольше оставаться чистой. ', '', 'Данный продукт относится к разряду салонной косметики. Разработан специально для груминг салонов, профессиональных грумеров и крупных питомников. Кондиционер-спрей, помогает избавиться от статического электричества и избавляет шерсть от спутывания, не повреждая ее. Повышает упругость шерсти, что предотвращает ломкость. Придает заметную гладкость длинной шерсти и блеск всем видам шерсти. Отталкивает грязь, позволяя шерсти дольше оставаться чистой. Отлично подходит для распыления на шерсть непосредственно перед стрижкой, так как смазывает шерсть.', 'Может наноситься на влажную или сухую шерсть. Использовать в чистом виде или разбавить в соотношении от 2:1 до 3:1 и нанести на шерсть перед стрижкой. Хорошо сочетается с одновременным использованием "Шампуня Для Нежной Очистки и Увлажнения" и "Глубоко Проникающего Кондиционера".', 'Вода, дикокоилетил гидроксиэтилмоний, метосульфат,\r\nпропиленгликоль, пантенол, полисорбат 20, глюкозид кокоса, глицерил олеат, протеин сердцевины овса обыкновенного, экстракт цветов ромашки лекарственной, экстракт розмарина, аминокислоты шелка, гидролизованный протеин пшеницы пропиленгликоль-пропил силанетриол, токоферол ацетат, ретинил пальмитат, тетранатрий ЭДТК, ДМДМ гидантоин, иодопропинил битилкарбамат, ароматическое вещество.\r\n', 1, 1, 3, NULL, 260),
(30, 3, '4 Style Grooming Spray', 'Спрей Для Укладки', '4-style-grooming-spray', '4style', 'Укрепляющий спрей, придающий объем и плотность, что облегчает укладку и стрижку.', '', 'Данный продукт относится к разряду салонной косметики. Разработан специально для груминг салонов, профессиональных грумеров и крупных питомников. Текстурирующий спрей увеличивающий объем и структуру. Облегчает укладку и стрижку. Облегчает стрижку поднимая мягкую шерсть. Помогает предотвратить расслоение кончиков волос. Позволяет получить милую, маленькую и округлую головку у Йоркширстых терьеров и Шиа-Тсу.', 'Может наноситься на влажную или сухую шерсть. Для достижения максимального эффекта использовать в чистом виде или разбавить с водой для достижения меньшего эффекта.Может применяться в сочетании с  "Шампунем Для Создания Текстуры и Объема" и "Омолаживающим Кондиционером На Основе Протеина"', 'Вода, дикокоилетил гидроксиэтилмоний, метосульфат,\r\nпропиленгликоль, пантенол, полисорбат 20, глюкозид кокоса, глицерил олеат, протеин сердцевины овса обыкновенного, экстракт цветов ромашки лекарственной, экстракт розмарина, аминокислоты шелка, гидролизованный протеин пшеницы пропиленгликоль-пропил силанетриол, токоферол ацетат, ретинил пальмитат, тетранатрий ЭДТК, ДМДМ гидантоин, иодопропинил бутилкарбамат, ароматическое вещество. ', 1, 1, 3, NULL, 250),
(32, 3, 'Spray Bottle', 'Мерная бутылочка с распылителем', 'spray-bottle', 'bottle', '', '', '', '', '', 1, 1, 2, NULL, 10000),
(33, 1, 'Clean Coating Shampoo', 'Шампунь «CLEAN COATING»', 'clean-coating-shampoo', 'clean-coating', 'Деликатный очищающий шампунь, удаляет грязь и запах, надолго сохраняет эффект, позволяя реже купать собаку. Можно применять отдельно или перед использованием любого нашего шампуня.', '', 'Мягкий суперочищающий шампунь, удаляющий любые загрязнения с шерсти Вашей собаки, устраняющий неприятный запах, продлевающий интервалы между мытьем. В его составе экстракт зеленого чая,сок листьев Алоэ, которые придают шерсти приятный легкий аромат. Может использоваться для всех пород собак.', 'Тщательно намочите шерсть водой, нанесите шампунь,\r\nвотрите его в шерсть и кожу, тщательно смойте водой.\r\nПри очень грязной шерсти может потребоваться повторное \r\nмытье.\r\nВоспользуйтесь кондиционерами Lush Conditioner (слабого \r\nдействия или Silky Conditioner (сильного действия), а также \r\nспреями для расчесывания Lush  или Silky.', '', 1, 1, 5, NULL, 85),
(34, 1, 'Lush Coating Shampoo', 'Шампунь «LUSH COATING»', 'lush-coating-shampoo', 'lush-coating', 'Шампунь для пород, которым важно сохранить текстуру и объем шерсти. Также помогает сохранить свойства и качества жесткой шерсти. Экстракт листьев цветков календулы и листьев розмарина питают шерсть и добавляют блеск.', '', 'Может использоваться для пуделей, шпицов, овчарок, вельш-корги, акит, колли шелти, самоедов, маламутов, сибирских хаски и других пород которым важно сохранить текстуру и объем шерсти. Экстракт листьев цветков календулы и листьев розмарина питают шерсть и добавляют блеск.', 'Тщательно намочите шерсть водой, нанесите шампунь, вотрите его в шерсть и кожу, тщательно смойте водой.\r\nПри очень грязной шерсти может потребоваться повторное мытье или использование Шампуня «Clean Coating» для первого мытья и « Lush Coating» для второго мытья.\r\nВоспользуйтесь кондиционерами Lush Conditioner (слабого\r\nдействия или Silky Conditioner (сильного действия), а также спреями для расчесывания. Lush или Silky.', '', 1, 1, 5, NULL, 70),
(35, 1, 'Silky Coating Shampoo', 'Шампунь «SILKY COATING»', 'silky-coating-shampoo', 'silky-coating', 'Создан для мягкого очищения и увлажнения, делает шерсть гладкой и послушной. Увлажняет шерсть, делая ее сильной и повышая ее эластичность, что защищает шерсть от повреждений. Также подходит для сухой или поврежденной шерсти любого типа.', '', 'Может использоваться для йоркширских терьеров, ши-тцу, чихуа-хуа, папийонов, биглей, китайской хохлатой, такс и других пород собак, которым важно увлажнять и питать шерсть.\r\nПантенол, сок листьев Алоэ укрепляют шерсть и делают ее блестящей и придают шерсти приятный аромат.', 'Тщательно намочите шерсть водой, нанесите шампунь, вотрите его в шерсть и кожу, тщательно смойте водой.\r\nПри очень грязной шерсти может потребоваться повторное мытье или использование Шампуня «Clean Cоating» для первого мытья и « Silky Coating» для второго мытья.\r\nВоспользуйтесь кондиционером Silky Coating Conditioner, а также спреем для расчесывания Silky Coating Spray.', '', 1, 1, 5, NULL, 75),
(36, 2, 'Lush Coating Conditioner', 'Кондиционер «LUSH COATING»', 'lush-coating-conditioner', 'lush-conditioner', 'Кондиционер на основе протеина, помогает восстановить шерсть от повреждений, вызванных диетой, механических повреждений. Добавляет объем и делает шерсть более послушной для расчесывания, укладки и стрижки.', '', 'Может использоваться для пуделей, шпицов, овчарок, вельш-корги, акит, самоедов, маламутов, сибирских хаски, терьеров и других пород, которым важно сохранить текстуру и объем шерсти. Может использоваться для жесткошерстных собаках. Не смягчает шерсть.\r\nОмолаживающий кондиционер на основе протеина с маслом вечерней примулы и маслом жожова, и аминокислотами помогает укрепить и увлажнить сухую шерсть.', 'Нанесите кондиционер после использования шампуня, вотрите в шерсть и кожу, тщательно смойте водой. Воспользуйтесь спреем Lush Coating Spray.', '', 1, 1, 5, NULL, 145),
(37, 2, 'Silky Coating Conditioner', 'Кондиционер «SILKY COATING»', 'silky-coating-conditioner', 'silky-conditioner', 'Кондиционер, созданный для увлажнения, защиты и предотвращения повреждений шерсти, придает блеск. Делает шерсть более мягкой, гладкой и послушной. Постоянное применение придаст шерсти более роскошный вид.', '', 'Может использоваться для всех пород собак, которым необходимо увлажнить шерсть\r\nСодержит протеины, которые делают шерсть управляемой,\r\nшелковистой и блестящей. Препятствует ломкости шерсти.\r\nПридает приятный запах, продлевает интервалы между мытьем. В его составе, сок листьев Алоэ. Питает шерсть от корней\r\nдо кончиков и защищает ее от негативного воздействия окружающей среды.', 'Нанесите кондиционер после использования шампуня, вотрите в шерсть и кожу, тщательно смойте водой. При необходимости сильного увлажнения подержите на шерсти 1-2 минуты, затем тщательно смойте\r\nВоспользуйтесь спреем Silky Coating Spray.', '', 1, 1, 5, NULL, 140),
(38, 3, 'Lush Coating Brush Spray', 'Спрей Для Расчесывания «LUSH COATING»', 'lush-coating-brush-spray', 'lush-spray', 'Текстурирующий спрей увеличивающий объем и структуру. Облегчает расчесывание, укладку и стрижку. Помогает предотвратить расслоение кончиков волос. Идеальный спрей для ежедневного расчесывания собак, которым важно сохранить объем шерсти.', '', 'Может использоваться для пуделей, шпицов, овчарок, вельш-корги, акит, самоедов, маламутов, сибирских хаски и других пород, которым важно сохранить текстуру и объем шерсти.\r\nЭтот спрей для ежедневного расчесывания шерсти собак придает шерсти мягкость и увлажнение. Содержит протеины, шелковые аминокислоты, которые помогают питать волосы, не утяжеляя их и сохраняя объем.', 'Нанесите на влажную или сухую шерсть после мытья или между мытьем. Расшешите шерсть. По возможности используйте\r\nдля мытья собаки шампунь и кондиционер той же Серии.', '', 1, 1, 5, NULL, 230),
(39, 3, 'Silky Coating Brush Spray', 'Спрей Для Расчесывания «SILKY COATING»', 'silky-coating-brush-spray', 'silky-spray', 'Кондиционер-спрей, помогает избавиться от статического электричества и избавляет шерсть от спутывания, не повреждая ее. Повышает упругость шерсти, что предотвращает ломкость. Придает заметную гладкость длинной шерсти и блеск всем видам шерсти. Отталкивает грязь, позволяя шерсти дольше оставаться чистой.', '', 'Может использоваться для всех пород собак, которым необходимо увлажнить шерсть Содержит цветы ромашки и экстракт листьев розмарина, которые препятствуют спутыванию шерсти и снимают статику. Препятствует ломкости шерсти. Придает шерсти приятный запах, продлевает интервалы между мытьем. Питает шерсть от корней до кончиков и защищает от негативного воздействия окружающей среды. Помогает продлить интервал между мытьем.', 'Нанесите на влажную или сухую шерсть после мытья или между мытьем. Расчешите шерсть. По возможности используйте\r\nдля мытья собаки шампунь и кондиционер той же Серии.', '', 1, 1, 5, NULL, 220),
(40, 6, 'Violet+Sea Mist Replascent', 'Дезодорант для собак', 'violet-sea-mist-replascent', 'violet-replascent', 'Может использоваться для устранения неприятного запаха с шерсти собаки, а также для устранения неприятного запаха во всех местах обитания собаки. Придает шерсти приятный запах. Освежает шерсть собаки после прогулки.', '', 'Имеет очень нежный приятный запах. Может использоваться для устранения неприятного запаха с шерсти собаки, а также для устранения неприятного запаха во всех местах обитания собаки: дезодорирования помещений , обработки подстилок, туалетов, вольеров и т.д. Придает шерсти приятный запах. Освежает шерсть собаки после прогулки.', '', '', 1, 1, 6, NULL, 900),
(559, 1, 'Deep Cleaning Shampoo', 'Шампунь Глубокой Очистки', 'deep-cleaning-shampoo', 'deep-cleaning', 'Шампунь для всех типов шерсти обеспечивает мягкую, но тщательную очистку.', '', 'Шампунь для всех типов шерсти обеспечивает мягкую, но тщательную очистку.', '', NULL, 1, 1, 6, NULL, 80),
(560, 1, 'Keratin Volume Shampoo', 'Шампунь «Кератин Вольюмайзинг»', 'keratin-volume-shampoo', 'keratin-shampoo', 'Нежный шампунь на основе белка кератина, добавит больше объема и пышности любому типу шерсти.', '', 'Нежный шампунь на основе белка кератина, добавит больше объема и пышности любому типу шерсти.&nbsp;Может использоваться для пуделей, шпицов, овчарок, вельш-корги, акит, колли шелти, самоедов, маламутов, сибирских хаски и других пород которым важно сохранить текстуру и объем шерсти.', 'Тщательно намочите шерсть водой, нанесите шампунь, вотрите его в шерсть и кожу, тщательно смойте водой. При очень грязной шерсти может потребоваться повторное мытье или использование Шампуня «Deep Cleaning Shampoo» для первого мытья и «Keratin Volume Shampoo» для второго мытья. Воспользуйтесь кондиционерами Keratin Volume Conditioner (слабого действия или Silky Oatmeal Conditioner (сильного действия).', NULL, 1, 1, 6, NULL, 55),
(561, 2, 'Keratin Volume Conditioner', 'Кондиционер «Кератин Вольюмайзинг»', 'keratin-volume-conditioner', 'keratin-conditioner', 'Нежный кондиционер на основе белка кератина, добавит больше объема и пышности любому типу шерсти.', '', 'Может использоваться для пуделей, шпицов, овчарок, вельш-корги, акит, колли шелти, самоедов, маламутов, сибирских хаски и других пород которым важно сохранить текстуру и объем шерсти. Нежный кондиционер на основе белка кератина, добавит больше объема и пышности любому типу шерсти.', 'Нанесите кондиционер после использования шампуня, вотрите в шерсть и кожу, тщательно смойте водой.', NULL, 1, 1, 6, NULL, 130),
(562, 1, 'Silky Oatmeal Shampoo', 'Шампунь «Силки Аутмил»', 'silky-oatmeal-shampoo', 'silky-outmeal-shampoo', 'Нежный очищающий шампунь с экстрактом овса, поможет увлажнить и укрепить шерсть Вашей собаки.', '', 'Нежный очищающий шампунь с экстрактом овса, поможет увлажнить и укрепить шерсть Вашей собаки.&nbsp;Может использоваться для йоркширских терьеров, ши-тцу, чихуа-хуа, папийонов, биглей, китайской хохлатой, такс и других пород собак, которым важно увлажнять и питать шерсть.', 'Тщательно намочите шерсть водой, нанесите шампунь, вотрите его в шерсть и кожу, тщательно смойте водой. При очень грязной шерсти может потребоваться повторное мытье или использование Шампуня «Deep Cleaning Shampoo» для первого мытья и «Silky Oatmeal Shampoo» для второго мытья. Воспользуйтесь кондиционером Silky Oatmeal Conditioner.', NULL, 1, 1, 6, NULL, 60),
(563, 2, 'Silky Oatmeal Conditioner', 'Кондиционер «Силки Аутмил»', 'silky-oatmeal-conditioner', 'silky-outmeal-conditioner', 'Нежный кондиционер с экстрактом овса, поможет увлажнить и укрепить шерсть Вашей собаки.', '', 'Нежный кондиционер с экстрактом овса, поможет увлажнить и укрепить шерсть Вашей собаки.&nbsp;Может использоваться для всех пород собак, которым необходимо увлажнить шерсть Содержит протеины, которые делают шерсть управляемой, шелковистой и блестящей. Препятствует ломкости шерсти. Придает приятный запах, продлевает интервалы между мытьем.', 'Нанесите кондиционер после использования шампуня, вотрите в шерсть и кожу, тщательно смойте водой. При необходимости сильного увлажнения подержите на шерсти 1-2 минуты, затем тщательно смойте.', NULL, 1, 1, 6, NULL, 125),
(564, 1, 'Tearless Puppy Shampoo', 'Шампунь «Без Слез» для щенков', 'tearless-puppy-shampoo', 'puppy-shampoo', 'Нежный, шампунь «без слез» для маленьких щенков. Идеально подходит для мытья головы собаки. Шампунь может использоваться на любом типе шерсти.', '', 'Нежный, шампунь «без слез» для маленьких щенков. Идеально подходит для мытья головы собаки. Шампунь может использоваться на любом типе шерсти. Также может подойти собакам с чувствительной кошей.', 'Тщательно намочите шерсть водой, нанесите шампунь, вотрите его в шерсть и кожу, тщательно смойте водой. Воспользуйтесь кондиционерами Keratin Volume Conditioner (слабого действия) или Silky Oatmeal Conditioner (сильного действия).', NULL, 1, 1, 6, NULL, 90),
(565, 6, 'Sugar Cane+Grapefruit Replascent', 'Дезодорант для собак (Сахарный тростник и Грейпфрукт)', 'sugar-cane-grapefruit-replascent', 'sugar-cane-replascent', 'Может использоваться для устранения неприятного запаха с шерсти собаки, а также для устранения неприятного запаха во всех местах обитания собаки. Придает шерсти приятный запах. Освежает шерсть собаки после прогулки.', '', 'Имеет очень нежный приятный запах. Может использоваться для устранения неприятного запаха с шерсти собаки, а также для устранения неприятного запаха во всех местах обитания собаки: дезодорирования помещений , обработки подстилок, туалетов, вольеров и т.д. Придает шерсти приятный запах.Освежает шерсть собаки после прогулки.', '', '', 1, 1, 6, NULL, 910),
(566, 6, 'Red Berries + Champagne Replascent', 'Дезодорант для собак (Ягоды и Шампанское)', 'red-berries-champagne-replascent', 'red-berries-rep', 'Может использоваться для устранения неприятного запаха с шерсти собаки, а также для устранения неприятного запаха во всех местах обитания собаки. Придает шерсти приятный запах. Освежает шерсть собаки после прогулки.', '', 'Может использоваться для устранения неприятного запаха с шерсти собаки, а также для устранения неприятного запаха во всех местах обитания собаки: дезодорирования помещений, обработки подстилок, туалетов, вольеров и т.д. Придает шерсти приятный запах. Освежает шерсть собаки после прогулки.', '', '', 1, 1, 6, NULL, 905),
(567, 1, 'Flea And Tick Shampoo', 'Шампунь от блох и клещей', 'flea-and-tick-shampoo', 'flea&tick', 'Шампунь не имеет запаха, эффективно борется с блохами и клещами.', '', 'Шампунь не имеет запаха, эффективно борется с блохами и клещами.', 'Тщательно намочите шерсть водой, нанесите шампунь, вотрите его в шерсть и кожу, тщательно смойте водой.', '', 1, 1, 6, NULL, 95),
(568, 1, 'Refreshing Waterless Shampoo', 'Освежающий Шампунь Без Смывания', 'refreshing-waterless-shampoo', 'waterless', '', '', '', '', '', 1, 1, 6, NULL, 100),
(574, 5, 'Isle Smooth', 'Айл Смуз', 'isle-smooth', 'smooth', '', '', 'Разработан для ухода за проблемной, непослушной, безжизненной или выгоревшей шерстью. После нанесения обволакивает шерсть, снижает волнистость, устраняет статику, борется с сечением шерсти, восстанавливает ее, придавая ей здоровое шелковистое сияние без утяжеления.&nbsp;', 'Небольшое количество крема кончиками пальцев нанести на влажную чистую шерсть. Не смывать. Предназначен как для подготовки собаки к выставке, так и для повседневного ухода.', '', 1, 1, 2, NULL, 885),
(575, 1, 'No. 34 Clarifying Shampoo', '№34 Очищающий шампунь', '34-clarifying-shampoo', '№34', '', '', 'Our No. 34 Clarifying shampoo removes build-up from accumulated conditioners and styling products.  Not meant for everyday use, but to detoxify the hairs as necessary.  Use this product once a month, or between shows, and follow up with a fresh application of the Isle of Dogs conditioner best suited for your dog’s coat type. For the dog with persistent oily coat or skin, use as often as needed. ', 'Wet hair thoroughly, apply shampoo, lather and rinse to remove dirt, product build up or excessive oils. For optimum results it may be necessary to repeat. Best used full strength, but may be diluted 10:1.', '', 1, 0, 1, NULL, 45),
(576, 1, '№35 Stain Fighting Shampoo', '№35 Шампунь для борьбы с пятнами', '35-stain-fighting-shampoo', '№35', '', '', 'Our No. 35 Stain Fighting shampoo is a concentrated shampoo specifically formulated to address stains or to be used as a pre-wash for very dirty dogs. Helps maintain bright colors, while fading stains on the coat such as those caused by mud, clay or urine. Expect added shine and reduced tangles as well.', 'For maximum stain fighting, use full strength on the affected area. For light stains or regular use, dilute up to 15:1.', '', 1, 0, 1, NULL, 50),
(577, 5, 'Isle Texture', 'Текстурирующий спрей', 'isle-texture', 'texture', '', '', 'Isle Texture Styling Spay - Boosts texture and adds incredible volume and holding power, while building full-on dimension and definition. Creates a range of looks for all coat types. Never sticky or tacky and will not weigh the coat down. Perfect for holding the coat in place for scissoring; yet still brush-able.', 'Can be used in wet or dry coats. For wet coats, spray directly into coat, or onto hands and evenly distribute throughout the coat. Use hands or tools to shape the coat as it dries naturally or with heat. Turns the hair into a moldable substance to play with or style. For dry coats, use similar to hairspray and/or use your fingers to coax the hair into the style you are looking for.', '', 1, 0, 2, NULL, 895),
(578, 6, 'Cotton + Fresh Orchid Replascent', 'Дезодорант для собак', 'cotton-fresh-orchid-replascent', 'cotton-fresh-orchid', 'Может использоваться для устранения неприятного запаха с шерсти собаки, а также для устранения неприятного запаха во всех местах обитания собаки. Придает шерсти приятный запах. Освежает шерсть собаки после прогулки.', '', 'Может использоваться для устранения неприятного запаха с шерсти собаки, а также для устранения неприятного запаха во всех местах обитания собаки: дезодорирования помещений, обработки подстилок, туалетов, вольеров и т.д. Придает шерсти приятный запах. Освежает шерсть собаки после прогулки.', '', '', 0, 0, 6, NULL, 920)
ON DUPLICATE KEY UPDATE
  `category` = VALUES(category),
  `eng_title` = VALUES(eng_title),
  `rus_title` = VALUES(rus_title),
  `slug` = VALUES(slug),
  `tag` = VALUES(tag),
  `preview` = VALUES(preview),
  `vantage` = VALUES(vantage),
  `card_text` = VALUES(card_text),
  `application` = VALUES(application),
  `ingredients` = VALUES(ingredients),
  `active` = VALUES(active),
  `in_stock` = VALUES(in_stock),
  `line` = VALUES(line),
  `thumb_id` = VALUES(thumb_id),
  `sort_order` = VALUES(sort_order);


INSERT INTO `product_breed` (`breed_id`, `product_id`) VALUES
(1, 7),
(1, 11),
(1, 12),
(1, 14),
(1, 15),
(1, 20),
(1, 21),
(1, 23),
(1, 33),
(1, 40),
(1, 559),
(1, 564),
(1, 565),
(1, 566),
(1, 567),
(1, 568),
(2, 1),
(2, 2),
(2, 10),
(2, 11),
(2, 12),
(2, 13),
(2, 18),
(2, 19),
(2, 22),
(2, 33),
(2, 40),
(2, 559),
(2, 564),
(2, 565),
(2, 566),
(2, 567),
(2, 568),
(3, 7),
(3, 11),
(3, 12),
(3, 14),
(3, 15),
(3, 20),
(3, 21),
(3, 23),
(3, 33),
(3, 40),
(3, 559),
(3, 564),
(3, 565),
(3, 566),
(3, 567),
(3, 568),
(4, 6),
(4, 9),
(4, 11),
(4, 12),
(4, 14),
(4, 20),
(4, 21),
(4, 22),
(4, 33),
(4, 40),
(4, 559),
(4, 560),
(4, 561),
(4, 564),
(4, 565),
(4, 566),
(4, 567),
(4, 568),
(5, 6),
(5, 9),
(5, 11),
(5, 12),
(5, 14),
(5, 20),
(5, 21),
(5, 22),
(5, 33),
(5, 40),
(5, 559),
(5, 560),
(5, 561),
(5, 564),
(5, 565),
(5, 566),
(5, 567),
(5, 568),
(6, 3),
(6, 10),
(6, 11),
(6, 14),
(6, 15),
(6, 19),
(6, 20),
(6, 21),
(6, 23),
(6, 33),
(6, 40),
(6, 559),
(6, 564),
(6, 565),
(6, 566),
(6, 567),
(6, 568),
(7, 1),
(7, 3),
(7, 5),
(7, 10),
(7, 11),
(7, 12),
(7, 18),
(7, 23),
(7, 33),
(7, 40),
(7, 559),
(7, 564),
(7, 565),
(7, 566),
(7, 567),
(7, 568),
(8, 1),
(8, 10),
(8, 11),
(8, 12),
(8, 18),
(8, 19),
(8, 23),
(8, 33),
(8, 40),
(8, 559),
(8, 564),
(8, 565),
(8, 566),
(8, 567),
(8, 568),
(9, 6),
(9, 9),
(9, 11),
(9, 12),
(9, 17),
(9, 19),
(9, 22),
(9, 33),
(9, 40),
(9, 559),
(9, 564),
(9, 565),
(9, 566),
(9, 567),
(9, 568),
(9, 575),
(10, 6),
(10, 9),
(10, 11),
(10, 12),
(10, 14),
(10, 20),
(10, 21),
(10, 22),
(10, 33),
(10, 40),
(10, 559),
(10, 564),
(10, 565),
(10, 566),
(10, 567),
(10, 568),
(11, 6),
(11, 9),
(11, 11),
(11, 12),
(11, 14),
(11, 20),
(11, 21),
(11, 23),
(11, 33),
(11, 40),
(11, 559),
(11, 564),
(11, 565),
(11, 566),
(11, 567),
(11, 568),
(11, 575),
(12, 6),
(12, 9),
(12, 11),
(12, 12),
(12, 14),
(12, 19),
(12, 20),
(12, 21),
(12, 22),
(12, 33),
(12, 40),
(12, 559),
(12, 560),
(12, 561),
(12, 564),
(12, 565),
(12, 566),
(12, 567),
(12, 568),
(12, 575),
(13, 7),
(13, 11),
(13, 12),
(13, 14),
(13, 15),
(13, 20),
(13, 21),
(13, 23),
(13, 33),
(13, 40),
(13, 559),
(13, 564),
(13, 565),
(13, 566),
(13, 567),
(13, 568),
(14, 1),
(14, 10),
(14, 11),
(14, 12),
(14, 18),
(14, 23),
(14, 33),
(14, 40),
(14, 559),
(14, 564),
(14, 565),
(14, 566),
(14, 567),
(14, 568),
(15, 1),
(15, 10),
(15, 11),
(15, 12),
(15, 18),
(15, 23),
(15, 33),
(15, 40),
(15, 559),
(15, 564),
(15, 565),
(15, 566),
(15, 567),
(15, 568),
(16, 1),
(16, 9),
(16, 11),
(16, 12),
(16, 18),
(16, 23),
(16, 33),
(16, 40),
(16, 559),
(16, 564),
(16, 565),
(16, 566),
(16, 567),
(16, 568),
(17, 1),
(17, 6),
(17, 7),
(17, 10),
(17, 11),
(17, 12),
(17, 13),
(17, 19),
(17, 20),
(17, 22),
(17, 33),
(17, 40),
(17, 559),
(17, 564),
(17, 565),
(17, 566),
(17, 567),
(17, 568),
(18, 6),
(18, 7),
(18, 9),
(18, 11),
(18, 12),
(18, 14),
(18, 19),
(18, 20),
(18, 22),
(18, 33),
(18, 40),
(18, 559),
(18, 564),
(18, 565),
(18, 566),
(18, 567),
(18, 568),
(19, 6),
(19, 9),
(19, 11),
(19, 12),
(19, 14),
(19, 19),
(19, 21),
(19, 22),
(19, 33),
(19, 40),
(19, 559),
(19, 564),
(19, 565),
(19, 566),
(19, 567),
(19, 568),
(20, 7),
(20, 9),
(20, 11),
(20, 12),
(20, 14),
(20, 20),
(20, 21),
(20, 22),
(20, 33),
(20, 40),
(20, 559),
(20, 564),
(20, 565),
(20, 566),
(20, 567),
(20, 568),
(21, 6),
(21, 9),
(21, 11),
(21, 12),
(21, 14),
(21, 15),
(21, 19),
(21, 20),
(21, 21),
(21, 22),
(21, 33),
(21, 40),
(21, 559),
(21, 564),
(21, 565),
(21, 566),
(21, 567),
(21, 568),
(22, 6),
(22, 9),
(22, 11),
(22, 12),
(22, 14),
(22, 15),
(22, 19),
(22, 20),
(22, 21),
(22, 22),
(22, 33),
(22, 40),
(22, 559),
(22, 564),
(22, 565),
(22, 566),
(22, 567),
(22, 568),
(23, 6),
(23, 9),
(23, 11),
(23, 12),
(23, 14),
(23, 18),
(23, 19),
(23, 20),
(23, 21),
(23, 22),
(23, 33),
(23, 40),
(23, 559),
(23, 564),
(23, 565),
(23, 566),
(23, 567),
(23, 568),
(24, 6),
(24, 7),
(24, 9),
(24, 11),
(24, 12),
(24, 14),
(24, 20),
(24, 21),
(24, 22),
(24, 33),
(24, 40),
(24, 559),
(24, 560),
(24, 561),
(24, 564),
(24, 565),
(24, 566),
(24, 567),
(24, 568),
(25, 5),
(25, 10),
(25, 11),
(25, 12),
(25, 18),
(25, 23),
(25, 33),
(25, 40),
(25, 559),
(25, 564),
(25, 565),
(25, 566),
(25, 567),
(25, 568),
(26, 6),
(26, 9),
(26, 11),
(26, 12),
(26, 14),
(26, 19),
(26, 20),
(26, 21),
(26, 22),
(26, 33),
(26, 40),
(26, 559),
(26, 564),
(26, 565),
(26, 566),
(26, 567),
(26, 568),
(27, 4),
(27, 9),
(27, 11),
(27, 12),
(27, 18),
(27, 23),
(27, 33),
(27, 40),
(27, 559),
(27, 564),
(27, 565),
(27, 566),
(27, 567),
(27, 568),
(28, 6),
(28, 9),
(28, 11),
(28, 12),
(28, 14),
(28, 19),
(28, 20),
(28, 21),
(28, 22),
(28, 33),
(28, 40),
(28, 559),
(28, 560),
(28, 564),
(28, 565),
(28, 566),
(28, 567),
(28, 568),
(29, 7),
(29, 11),
(29, 12),
(29, 14),
(29, 15),
(29, 20),
(29, 21),
(29, 22),
(29, 33),
(29, 40),
(29, 559),
(29, 564),
(29, 565),
(29, 566),
(29, 567),
(29, 568),
(30, 6),
(30, 10),
(30, 11),
(30, 12),
(30, 14),
(30, 17),
(30, 18),
(30, 19),
(30, 21),
(30, 22),
(30, 33),
(30, 40),
(30, 559),
(30, 564),
(30, 565),
(30, 566),
(30, 567),
(30, 568),
(31, 1),
(31, 10),
(31, 11),
(31, 12),
(31, 18),
(31, 23),
(31, 33),
(31, 40),
(31, 559),
(31, 564),
(31, 565),
(31, 566),
(31, 567),
(31, 568),
(32, 6),
(32, 9),
(32, 11),
(32, 12),
(32, 14),
(32, 17),
(32, 19),
(32, 20),
(32, 21),
(32, 22),
(32, 33),
(32, 40),
(32, 559),
(32, 564),
(32, 565),
(32, 566),
(32, 567),
(32, 568),
(33, 1),
(33, 9),
(33, 11),
(33, 12),
(33, 20),
(33, 23),
(33, 33),
(33, 40),
(33, 559),
(33, 564),
(33, 565),
(33, 566),
(33, 567),
(33, 568),
(34, 1),
(34, 10),
(34, 11),
(34, 12),
(34, 13),
(34, 14),
(34, 19),
(34, 20),
(34, 21),
(34, 22),
(34, 33),
(34, 40),
(34, 559),
(34, 560),
(34, 564),
(34, 565),
(34, 566),
(34, 567),
(34, 568),
(35, 6),
(35, 10),
(35, 11),
(35, 12),
(35, 14),
(35, 17),
(35, 18),
(35, 19),
(35, 21),
(35, 22),
(35, 33),
(35, 40),
(35, 559),
(35, 564),
(35, 565),
(35, 566),
(35, 567),
(35, 568),
(36, 1),
(36, 9),
(36, 11),
(36, 12),
(36, 18),
(36, 23),
(36, 33),
(36, 40),
(36, 559),
(36, 564),
(36, 565),
(36, 566),
(36, 567),
(36, 568),
(37, 7),
(37, 11),
(37, 12),
(37, 14),
(37, 15),
(37, 20),
(37, 21),
(37, 22),
(37, 33),
(37, 40),
(37, 559),
(37, 564),
(37, 565),
(37, 566),
(37, 567),
(37, 568),
(38, 1),
(38, 10),
(38, 11),
(38, 12),
(38, 23),
(38, 33),
(38, 40),
(38, 559),
(38, 564),
(38, 565),
(38, 566),
(38, 567),
(38, 568),
(39, 1),
(39, 10),
(39, 11),
(39, 12),
(39, 23),
(39, 33),
(39, 40),
(39, 559),
(39, 564),
(39, 565),
(39, 566),
(39, 567),
(39, 568),
(40, 1),
(40, 10),
(40, 11),
(40, 12),
(40, 23),
(40, 33),
(40, 40),
(40, 559),
(40, 564),
(40, 565),
(40, 566),
(40, 567),
(40, 568),
(41, 3),
(41, 10),
(41, 11),
(41, 12),
(41, 23),
(41, 33),
(41, 40),
(41, 559),
(41, 564),
(41, 565),
(41, 566),
(41, 567),
(41, 568),
(42, 7),
(42, 11),
(42, 12),
(42, 14),
(42, 15),
(42, 19),
(42, 20),
(42, 21),
(42, 22),
(42, 33),
(42, 40),
(42, 559),
(42, 564),
(42, 565),
(42, 566),
(42, 567),
(42, 568),
(43, 1),
(43, 9),
(43, 11),
(43, 12),
(43, 19),
(43, 21),
(43, 23),
(43, 33),
(43, 40),
(43, 559),
(43, 564),
(43, 565),
(43, 566),
(43, 567),
(43, 568),
(44, 6),
(44, 9),
(44, 11),
(44, 12),
(44, 14),
(44, 18),
(44, 19),
(44, 20),
(44, 21),
(44, 22),
(44, 33),
(44, 40),
(44, 559),
(44, 560),
(44, 564),
(44, 565),
(44, 566),
(44, 567),
(44, 568),
(45, 1),
(45, 10),
(45, 11),
(45, 12),
(45, 16),
(45, 17),
(45, 18),
(45, 20),
(45, 21),
(45, 23),
(45, 33),
(45, 40),
(45, 559),
(45, 564),
(45, 565),
(45, 566),
(45, 567),
(45, 568),
(46, 7),
(46, 11),
(46, 12),
(46, 14),
(46, 20),
(46, 21),
(46, 23),
(46, 33),
(46, 40),
(46, 559),
(46, 564),
(46, 565),
(46, 566),
(46, 567),
(46, 568),
(47, 6),
(47, 9),
(47, 11),
(47, 12),
(47, 16),
(47, 17),
(47, 18),
(47, 20),
(47, 21),
(47, 23),
(47, 33),
(47, 40),
(47, 559),
(47, 562),
(47, 563),
(47, 564),
(47, 565),
(47, 566),
(47, 567),
(47, 568),
(48, 1),
(48, 9),
(48, 11),
(48, 12),
(48, 17),
(48, 18),
(48, 23),
(48, 33),
(48, 40),
(48, 559),
(48, 564),
(48, 565),
(48, 566),
(48, 567),
(48, 568),
(49, 1),
(49, 6),
(49, 10),
(49, 11),
(49, 12),
(49, 14),
(49, 19),
(49, 21),
(49, 22),
(49, 33),
(49, 40),
(49, 559),
(49, 564),
(49, 565),
(49, 566),
(49, 567),
(49, 568),
(50, 1),
(50, 10),
(50, 11),
(50, 13),
(50, 14),
(50, 16),
(50, 17),
(50, 19),
(50, 21),
(50, 23),
(50, 33),
(50, 40),
(50, 559),
(50, 562),
(50, 563),
(50, 564),
(50, 565),
(50, 566),
(50, 567),
(50, 568),
(51, 6),
(51, 9),
(51, 11),
(51, 12),
(51, 14),
(51, 21),
(51, 23),
(51, 33),
(51, 40),
(51, 559),
(51, 560),
(51, 561),
(51, 564),
(51, 565),
(51, 566),
(51, 567),
(51, 568),
(52, 6),
(52, 9),
(52, 11),
(52, 12),
(52, 14),
(52, 20),
(52, 21),
(52, 22),
(52, 33),
(52, 40),
(52, 559),
(52, 560),
(52, 561),
(52, 564),
(52, 565),
(52, 566),
(52, 567),
(52, 568),
(53, 3),
(53, 10),
(53, 11),
(53, 12),
(53, 16),
(53, 18),
(53, 19),
(53, 21),
(53, 22),
(53, 33),
(53, 40),
(53, 559),
(53, 564),
(53, 565),
(53, 566),
(53, 567),
(53, 568),
(54, 1),
(54, 10),
(54, 11),
(54, 12),
(54, 14),
(54, 16),
(54, 17),
(54, 18),
(54, 19),
(54, 21),
(54, 23),
(54, 33),
(54, 40),
(54, 559),
(54, 562),
(54, 563),
(54, 564),
(54, 565),
(54, 566),
(54, 567),
(54, 568),
(55, 6),
(55, 7),
(55, 9),
(55, 11),
(55, 12),
(55, 14),
(55, 15),
(55, 20),
(55, 21),
(55, 22),
(55, 33),
(55, 40),
(55, 559),
(55, 564),
(55, 565),
(55, 566),
(55, 567),
(55, 568),
(56, 6),
(56, 9),
(56, 11),
(56, 12),
(56, 14),
(56, 15),
(56, 20),
(56, 21),
(56, 23),
(56, 33),
(56, 40),
(56, 559),
(56, 564),
(56, 565),
(56, 566),
(56, 567),
(56, 568),
(58, 3),
(58, 10),
(58, 11),
(58, 13),
(58, 14),
(58, 16),
(58, 17),
(58, 19),
(58, 23),
(58, 33),
(58, 40),
(58, 559),
(58, 564),
(58, 565),
(58, 566),
(58, 567),
(58, 568),
(59, 6),
(59, 9),
(59, 11),
(59, 12),
(59, 17),
(59, 19),
(59, 20),
(59, 22),
(59, 33),
(59, 40),
(59, 559),
(59, 564),
(59, 565),
(59, 566),
(59, 567),
(59, 568),
(60, 1),
(60, 10),
(60, 11),
(60, 12),
(60, 14),
(60, 16),
(60, 17),
(60, 18),
(60, 19),
(60, 22),
(60, 33),
(60, 40),
(60, 559),
(60, 562),
(60, 563),
(60, 564),
(60, 565),
(60, 566),
(60, 567),
(60, 568),
(61, 1),
(61, 9),
(61, 11),
(61, 12),
(61, 18),
(61, 19),
(61, 23),
(61, 33),
(61, 40),
(61, 559),
(61, 564),
(61, 565),
(61, 566),
(61, 567),
(61, 568),
(62, 7),
(62, 11),
(62, 12),
(62, 14),
(62, 15),
(62, 20),
(62, 21),
(62, 23),
(62, 33),
(62, 40),
(62, 559),
(62, 564),
(62, 565),
(62, 566),
(62, 567),
(62, 568),
(63, 1),
(63, 10),
(63, 11),
(63, 12),
(63, 17),
(63, 18),
(63, 23),
(63, 33),
(63, 40),
(63, 559),
(63, 564),
(63, 565),
(63, 566),
(63, 567),
(63, 568),
(64, 7),
(64, 11),
(64, 12),
(64, 14),
(64, 15),
(64, 20),
(64, 21),
(64, 23),
(64, 33),
(64, 40),
(64, 559),
(64, 564),
(64, 565),
(64, 566),
(64, 567),
(64, 568),
(65, 1),
(65, 10),
(65, 11),
(65, 12),
(65, 18),
(65, 19),
(65, 23),
(65, 33),
(65, 40),
(65, 559),
(65, 564),
(65, 565),
(65, 566),
(65, 567),
(65, 568),
(66, 1),
(66, 10),
(66, 11),
(66, 12),
(66, 16),
(66, 17),
(66, 18),
(66, 19),
(66, 21),
(66, 22),
(66, 33),
(66, 40),
(66, 559),
(66, 562),
(66, 563),
(66, 564),
(66, 565),
(66, 566),
(66, 567),
(66, 568),
(67, 1),
(67, 10),
(67, 11),
(67, 12),
(67, 18),
(67, 19),
(67, 23),
(67, 33),
(67, 40),
(67, 559),
(67, 564),
(67, 565),
(67, 566),
(67, 567),
(67, 568),
(68, 1),
(68, 10),
(68, 11),
(68, 12),
(68, 16),
(68, 17),
(68, 18),
(68, 19),
(68, 21),
(68, 22),
(68, 33),
(68, 40),
(68, 559),
(68, 564),
(68, 565),
(68, 566),
(68, 567),
(68, 568),
(69, 1),
(69, 10),
(69, 11),
(69, 12),
(69, 16),
(69, 17),
(69, 18),
(69, 19),
(69, 21),
(69, 22),
(69, 33),
(69, 40),
(69, 559),
(69, 564),
(69, 565),
(69, 566),
(69, 567),
(69, 568),
(70, 1),
(70, 10),
(70, 11),
(70, 12),
(70, 16),
(70, 17),
(70, 19),
(70, 21),
(70, 22),
(70, 33),
(70, 40),
(70, 559),
(70, 564),
(70, 565),
(70, 566),
(70, 567),
(70, 568),
(71, 1),
(71, 10),
(71, 11),
(71, 12),
(71, 16),
(71, 17),
(71, 18),
(71, 19),
(71, 21),
(71, 22),
(71, 33),
(71, 40),
(71, 559),
(71, 564),
(71, 565),
(71, 566),
(71, 567),
(71, 568),
(72, 6),
(72, 9),
(72, 11),
(72, 12),
(72, 14),
(72, 15),
(72, 20),
(72, 21),
(72, 22),
(72, 33),
(72, 40),
(72, 559),
(72, 561),
(72, 564),
(72, 565),
(72, 566),
(72, 567),
(72, 568),
(73, 1),
(73, 10),
(73, 11),
(73, 12),
(73, 16),
(73, 17),
(73, 18),
(73, 19),
(73, 21),
(73, 23),
(73, 33),
(73, 40),
(73, 559),
(73, 564),
(73, 565),
(73, 566),
(73, 567),
(73, 568),
(74, 1),
(74, 9),
(74, 11),
(74, 12),
(74, 17),
(74, 18),
(74, 23),
(74, 33),
(74, 40),
(74, 559),
(74, 564),
(74, 565),
(74, 566),
(74, 567),
(74, 568),
(75, 6),
(75, 9),
(75, 11),
(75, 12),
(75, 14),
(75, 15),
(75, 20),
(75, 21),
(75, 22),
(75, 33),
(75, 40),
(75, 559),
(75, 564),
(75, 565),
(75, 566),
(75, 567),
(75, 568),
(76, 1),
(76, 9),
(76, 11),
(76, 12),
(76, 18),
(76, 23),
(76, 33),
(76, 40),
(76, 559),
(76, 564),
(76, 565),
(76, 566),
(76, 567),
(76, 568),
(77, 7),
(77, 11),
(77, 12),
(77, 14),
(77, 15),
(77, 23),
(77, 33),
(77, 40),
(77, 559),
(77, 564),
(77, 565),
(77, 566),
(77, 567),
(77, 568),
(78, 7),
(78, 11),
(78, 12),
(78, 14),
(78, 15),
(78, 20),
(78, 21),
(78, 23),
(78, 33),
(78, 40),
(78, 559),
(78, 564),
(78, 565),
(78, 566),
(78, 567),
(78, 568),
(79, 7),
(79, 11),
(79, 12),
(79, 14),
(79, 15),
(79, 20),
(79, 21),
(79, 23),
(79, 33),
(79, 40),
(79, 559),
(79, 564),
(79, 565),
(79, 566),
(79, 567),
(79, 568),
(80, 4),
(80, 10),
(80, 11),
(80, 12),
(80, 16),
(80, 17),
(80, 18),
(80, 19),
(80, 21),
(80, 22),
(80, 33),
(80, 40),
(80, 559),
(80, 560),
(80, 564),
(80, 565),
(80, 566),
(80, 567),
(80, 568),
(81, 5),
(81, 10),
(81, 11),
(81, 12),
(81, 16),
(81, 17),
(81, 18),
(81, 19),
(81, 21),
(81, 22),
(81, 33),
(81, 40),
(81, 559),
(81, 564),
(81, 565),
(81, 566),
(81, 567),
(81, 568),
(82, 1),
(82, 9),
(82, 11),
(82, 12),
(82, 17),
(82, 18),
(82, 23),
(82, 33),
(82, 40),
(82, 559),
(82, 564),
(82, 565),
(82, 566),
(82, 567),
(82, 568),
(83, 6),
(83, 10),
(83, 11),
(83, 12),
(83, 14),
(83, 15),
(83, 19),
(83, 20),
(83, 21),
(83, 22),
(83, 33),
(83, 40),
(83, 559),
(83, 564),
(83, 565),
(83, 566),
(83, 567),
(83, 568),
(84, 1),
(84, 9),
(84, 11),
(84, 12),
(84, 18),
(84, 20),
(84, 23),
(84, 33),
(84, 40),
(84, 559),
(84, 564),
(84, 565),
(84, 566),
(84, 567),
(84, 568),
(85, 1),
(85, 9),
(85, 11),
(85, 12),
(85, 17),
(85, 18),
(85, 23),
(85, 33),
(85, 40),
(85, 559),
(85, 564),
(85, 565),
(85, 566),
(85, 567),
(85, 568),
(86, 1),
(86, 9),
(86, 11),
(86, 12),
(86, 23),
(86, 33),
(86, 40),
(86, 559),
(86, 564),
(86, 565),
(86, 566),
(86, 567),
(86, 568),
(87, 1),
(87, 10),
(87, 11),
(87, 13),
(87, 16),
(87, 17),
(87, 18),
(87, 19),
(87, 21),
(87, 22),
(87, 33),
(87, 40),
(87, 559),
(87, 564),
(87, 565),
(87, 566),
(87, 567),
(87, 568),
(88, 1),
(88, 9),
(88, 11),
(88, 12),
(88, 23),
(88, 33),
(88, 40),
(88, 559),
(88, 564),
(88, 565),
(88, 566),
(88, 567),
(88, 568),
(89, 4),
(89, 10),
(89, 11),
(89, 12),
(89, 16),
(89, 17),
(89, 18),
(89, 19),
(89, 21),
(89, 22),
(89, 33),
(89, 40),
(89, 559),
(89, 564),
(89, 565),
(89, 566),
(89, 567),
(89, 568),
(90, 7),
(90, 11),
(90, 12),
(90, 14),
(90, 15),
(90, 20),
(90, 21),
(90, 23),
(90, 33),
(90, 40),
(90, 559),
(90, 564),
(90, 565),
(90, 566),
(90, 567),
(90, 568),
(91, 6),
(91, 9),
(91, 11),
(91, 12),
(91, 17),
(91, 19),
(91, 22),
(91, 33),
(91, 40),
(91, 559),
(91, 564),
(91, 565),
(91, 566),
(91, 567),
(91, 568),
(92, 7),
(92, 11),
(92, 12),
(92, 14),
(92, 15),
(92, 20),
(92, 21),
(92, 23),
(92, 33),
(92, 40),
(92, 559),
(92, 564),
(92, 565),
(92, 566),
(92, 567),
(92, 568),
(93, 1),
(93, 9),
(93, 11),
(93, 12),
(93, 23),
(93, 33),
(93, 40),
(93, 559),
(93, 564),
(93, 565),
(93, 566),
(93, 567),
(93, 568),
(94, 1),
(94, 10),
(94, 11),
(94, 12),
(94, 14),
(94, 16),
(94, 23),
(94, 33),
(94, 40),
(94, 559),
(94, 564),
(94, 565),
(94, 566),
(94, 567),
(94, 568),
(95, 6),
(95, 10),
(95, 11),
(95, 13),
(95, 14),
(95, 15),
(95, 20),
(95, 21),
(95, 22),
(95, 33),
(95, 40),
(95, 559),
(95, 564),
(95, 565),
(95, 566),
(95, 567),
(95, 568),
(96, 6),
(96, 9),
(96, 11),
(96, 12),
(96, 14),
(96, 15),
(96, 20),
(96, 21),
(96, 22),
(96, 33),
(96, 40),
(96, 559),
(96, 564),
(96, 565),
(96, 566),
(96, 567),
(96, 568),
(97, 1),
(97, 9),
(97, 11),
(97, 12),
(97, 22),
(97, 33),
(97, 40),
(97, 559),
(97, 564),
(97, 565),
(97, 566),
(97, 567),
(97, 568),
(98, 3),
(98, 6),
(98, 11),
(98, 12),
(98, 14),
(98, 15),
(98, 20),
(98, 21),
(98, 22),
(98, 33),
(98, 40),
(98, 559),
(98, 564),
(98, 565),
(98, 566),
(98, 567),
(98, 568),
(99, 1),
(99, 9),
(99, 11),
(99, 12),
(99, 18),
(99, 23),
(99, 33),
(99, 40),
(99, 559),
(99, 561),
(99, 563),
(99, 564),
(99, 565),
(99, 566),
(99, 567),
(99, 568),
(100, 7),
(100, 11),
(100, 12),
(100, 14),
(100, 15),
(100, 20),
(100, 21),
(100, 23),
(100, 33),
(100, 40),
(100, 559),
(100, 564),
(100, 565),
(100, 566),
(100, 567),
(100, 568),
(101, 1),
(101, 10),
(101, 11),
(101, 13),
(101, 16),
(101, 17),
(101, 18),
(101, 19),
(101, 21),
(101, 22),
(101, 33),
(101, 40),
(101, 559),
(101, 564),
(101, 565),
(101, 566),
(101, 567),
(101, 568),
(102, 3),
(102, 10),
(102, 11),
(102, 13),
(102, 16),
(102, 17),
(102, 18),
(102, 21),
(102, 22),
(102, 33),
(102, 40),
(102, 559),
(102, 564),
(102, 565),
(102, 566),
(102, 567),
(102, 568),
(103, 1),
(103, 9),
(103, 11),
(103, 12),
(103, 18),
(103, 23),
(103, 33),
(103, 40),
(103, 559),
(103, 564),
(103, 565),
(103, 566),
(103, 567),
(103, 568),
(104, 1),
(104, 9),
(104, 11),
(104, 12),
(104, 18),
(104, 23),
(104, 33),
(104, 40),
(104, 559),
(104, 564),
(104, 565),
(104, 566),
(104, 567),
(104, 568),
(105, 1),
(105, 9),
(105, 11),
(105, 12),
(105, 18),
(105, 23),
(105, 33),
(105, 40),
(105, 559),
(105, 564),
(105, 565),
(105, 566),
(105, 567),
(105, 568),
(106, 1),
(106, 9),
(106, 11),
(106, 12),
(106, 18),
(106, 23),
(106, 33),
(106, 40),
(106, 559),
(106, 564),
(106, 565),
(106, 566),
(106, 567),
(106, 568),
(107, 7),
(107, 11),
(107, 12),
(107, 14),
(107, 15),
(107, 19),
(107, 20),
(107, 21),
(107, 23),
(107, 33),
(107, 40),
(107, 559),
(107, 564),
(107, 565),
(107, 566),
(107, 567),
(107, 568),
(108, 1),
(108, 9),
(108, 11),
(108, 12),
(108, 18),
(108, 21),
(108, 23),
(108, 33),
(108, 40),
(108, 559),
(108, 564),
(108, 565),
(108, 566),
(108, 567),
(108, 568),
(109, 1),
(109, 10),
(109, 11),
(109, 12),
(109, 16),
(109, 17),
(109, 18),
(109, 19),
(109, 21),
(109, 23),
(109, 33),
(109, 40),
(109, 559),
(109, 560),
(109, 561),
(109, 564),
(109, 565),
(109, 566),
(109, 567),
(109, 568),
(110, 7),
(110, 11),
(110, 12),
(110, 14),
(110, 15),
(110, 20),
(110, 21),
(110, 23),
(110, 33),
(110, 40),
(110, 559),
(110, 564),
(110, 565),
(110, 566),
(110, 567),
(110, 568),
(111, 6),
(111, 9),
(111, 11),
(111, 12),
(111, 14),
(111, 15),
(111, 20),
(111, 21),
(111, 22),
(111, 33),
(111, 40),
(111, 559),
(111, 564),
(111, 565),
(111, 566),
(111, 567),
(111, 568),
(112, 7),
(112, 11),
(112, 12),
(112, 14),
(112, 15),
(112, 20),
(112, 21),
(112, 23),
(112, 33),
(112, 40),
(112, 559),
(112, 564),
(112, 565),
(112, 566),
(112, 567),
(112, 568),
(113, 6),
(113, 10),
(113, 11),
(113, 12),
(113, 19),
(113, 21),
(113, 23),
(113, 33),
(113, 40),
(113, 559),
(113, 564),
(113, 565),
(113, 566),
(113, 567),
(113, 568),
(114, 1),
(114, 10),
(114, 11),
(114, 13),
(114, 14),
(114, 15),
(114, 18),
(114, 20),
(114, 21),
(114, 22),
(114, 33),
(114, 40),
(114, 559),
(114, 564),
(114, 565),
(114, 566),
(114, 567),
(114, 568),
(115, 7),
(115, 11),
(115, 12),
(115, 14),
(115, 15),
(115, 20),
(115, 21),
(115, 23),
(115, 33),
(115, 40),
(115, 559),
(115, 564),
(115, 565),
(115, 566),
(115, 567),
(115, 568),
(116, 1),
(116, 10),
(116, 11),
(116, 12),
(116, 16),
(116, 17),
(116, 18),
(116, 19),
(116, 21),
(116, 23),
(116, 33),
(116, 40),
(116, 559),
(116, 564),
(116, 565),
(116, 566),
(116, 567),
(116, 568),
(117, 1),
(117, 9),
(117, 11),
(117, 12),
(117, 14),
(117, 15),
(117, 20),
(117, 21),
(117, 23),
(117, 33),
(117, 40),
(117, 559),
(117, 564),
(117, 565),
(117, 566),
(117, 567),
(117, 568),
(118, 6),
(118, 9),
(118, 11),
(118, 12),
(118, 14),
(118, 15),
(118, 20),
(118, 21),
(118, 22),
(118, 33),
(118, 40),
(118, 559),
(118, 564),
(118, 565),
(118, 566),
(118, 567),
(118, 568),
(119, 6),
(119, 9),
(119, 11),
(119, 12),
(119, 14),
(119, 15),
(119, 20),
(119, 21),
(119, 22),
(119, 33),
(119, 40),
(119, 559),
(119, 560),
(119, 564),
(119, 565),
(119, 566),
(119, 567),
(119, 568),
(120, 10),
(120, 11),
(120, 12),
(120, 23),
(120, 33),
(120, 40),
(120, 559),
(120, 564),
(120, 565),
(120, 566),
(120, 567),
(120, 568),
(121, 4),
(121, 9),
(121, 11),
(121, 12),
(121, 18),
(121, 23),
(121, 33),
(121, 40),
(121, 559),
(121, 564),
(121, 565),
(121, 566),
(121, 567),
(121, 568),
(122, 1),
(122, 9),
(122, 11),
(122, 12),
(122, 18),
(122, 19),
(122, 20),
(122, 23),
(122, 33),
(122, 40),
(122, 559),
(122, 564),
(122, 565),
(122, 566),
(122, 567),
(122, 568),
(123, 1),
(123, 9),
(123, 11),
(123, 12),
(123, 18),
(123, 19),
(123, 23),
(123, 33),
(123, 40),
(123, 559),
(123, 564),
(123, 565),
(123, 566),
(123, 567),
(123, 568),
(124, 1),
(124, 9),
(124, 11),
(124, 12),
(124, 18),
(124, 19),
(124, 20),
(124, 23),
(124, 33),
(124, 40),
(124, 559),
(124, 564),
(124, 565),
(124, 566),
(124, 567),
(124, 568),
(125, 6),
(125, 9),
(125, 11),
(125, 12),
(125, 14),
(125, 16),
(125, 17),
(125, 19),
(125, 21),
(125, 22),
(125, 33),
(125, 40),
(125, 559),
(125, 564),
(125, 565),
(125, 566),
(125, 567),
(125, 568),
(126, 6),
(126, 10),
(126, 11),
(126, 12),
(126, 14),
(126, 15),
(126, 19),
(126, 20),
(126, 21),
(126, 22),
(126, 33),
(126, 40),
(126, 559),
(126, 560),
(126, 561),
(126, 564),
(126, 565),
(126, 566),
(126, 567),
(126, 568),
(127, 6),
(127, 9),
(127, 11),
(127, 12),
(127, 14),
(127, 16),
(127, 19),
(127, 20),
(127, 21),
(127, 22),
(127, 33),
(127, 40),
(127, 559),
(127, 560),
(127, 561),
(127, 564),
(127, 565),
(127, 566),
(127, 567),
(127, 568),
(128, 6),
(128, 9),
(128, 11),
(128, 12),
(128, 14),
(128, 19),
(128, 20),
(128, 21),
(128, 22),
(128, 33),
(128, 40),
(128, 559),
(128, 564),
(128, 565),
(128, 566),
(128, 567),
(128, 568),
(129, 1),
(129, 9),
(129, 11),
(129, 12),
(129, 14),
(129, 19),
(129, 20),
(129, 21),
(129, 23),
(129, 33),
(129, 40),
(129, 559),
(129, 564),
(129, 565),
(129, 566),
(129, 567),
(129, 568),
(130, 1),
(130, 9),
(130, 11),
(130, 12),
(130, 14),
(130, 19),
(130, 23),
(130, 33),
(130, 40),
(130, 559),
(130, 564),
(130, 565),
(130, 566),
(130, 567),
(130, 568),
(131, 1),
(131, 9),
(131, 11),
(131, 12),
(131, 18),
(131, 23),
(131, 33),
(131, 40),
(131, 559),
(131, 564),
(131, 565),
(131, 566),
(131, 567),
(131, 568),
(132, 5),
(132, 9),
(132, 11),
(132, 12),
(132, 14),
(132, 21),
(132, 23),
(132, 33),
(132, 40),
(132, 559),
(132, 564),
(132, 565),
(132, 566),
(132, 567),
(132, 568),
(133, 1),
(133, 10),
(133, 11),
(133, 12),
(133, 14),
(133, 15),
(133, 19),
(133, 20),
(133, 21),
(133, 23),
(133, 33),
(133, 40),
(133, 559),
(133, 561),
(133, 564),
(133, 565),
(133, 566),
(133, 567),
(133, 568),
(134, 1),
(134, 10),
(134, 11),
(134, 12),
(134, 17),
(134, 19),
(134, 23),
(134, 33),
(134, 40),
(134, 559),
(134, 564),
(134, 565),
(134, 566),
(134, 567),
(134, 568),
(135, 3),
(135, 10),
(135, 11),
(135, 12),
(135, 14),
(135, 15),
(135, 19),
(135, 20),
(135, 21),
(135, 23),
(135, 33),
(135, 40),
(135, 559),
(135, 560),
(135, 564),
(135, 565),
(135, 566),
(135, 567),
(135, 568),
(136, 6),
(136, 9),
(136, 11),
(136, 12),
(136, 14),
(136, 15),
(136, 20),
(136, 21),
(136, 22),
(136, 33),
(136, 40),
(136, 559),
(136, 561),
(136, 564),
(136, 565),
(136, 566),
(136, 567),
(136, 568),
(137, 7),
(137, 9),
(137, 11),
(137, 12),
(137, 14),
(137, 15),
(137, 20),
(137, 21),
(137, 23),
(137, 33),
(137, 40),
(137, 559),
(137, 564),
(137, 565),
(137, 566),
(137, 567),
(137, 568),
(138, 7),
(138, 9),
(138, 11),
(138, 12),
(138, 14),
(138, 15),
(138, 20),
(138, 21),
(138, 23),
(138, 33),
(138, 40),
(138, 559),
(138, 562),
(138, 563),
(138, 564),
(138, 565),
(138, 566),
(138, 567),
(138, 568),
(139, 7),
(139, 9),
(139, 11),
(139, 12),
(139, 14),
(139, 15),
(139, 20),
(139, 21),
(139, 23),
(139, 33),
(139, 40),
(139, 559),
(139, 564),
(139, 565),
(139, 566),
(139, 567),
(139, 568),
(140, 6),
(140, 9),
(140, 11),
(140, 12),
(140, 14),
(140, 15),
(140, 20),
(140, 21),
(140, 22),
(140, 33),
(140, 40),
(140, 559),
(140, 560),
(140, 561),
(140, 564),
(140, 565),
(140, 566),
(140, 567),
(140, 568),
(141, 6),
(141, 9),
(141, 11),
(141, 12),
(141, 14),
(141, 15),
(141, 20),
(141, 21),
(141, 22),
(141, 33),
(141, 40),
(141, 559),
(141, 560),
(141, 561),
(141, 564),
(141, 565),
(141, 566),
(141, 567),
(141, 568),
(142, 1),
(142, 10),
(142, 11),
(142, 13),
(142, 16),
(142, 17),
(142, 18),
(142, 19),
(142, 21),
(142, 22),
(142, 33),
(142, 40),
(142, 559),
(142, 564),
(142, 565),
(142, 566),
(142, 567),
(142, 568),
(143, 1),
(143, 3),
(143, 4),
(143, 5),
(143, 6),
(143, 7),
(143, 9),
(143, 11),
(143, 12),
(143, 14),
(143, 15),
(143, 19),
(143, 20),
(143, 21),
(143, 22),
(143, 25),
(143, 26),
(143, 27),
(143, 33),
(143, 34),
(143, 36),
(143, 40),
(143, 559),
(143, 560),
(143, 564),
(143, 565),
(143, 566),
(143, 567),
(143, 568),
(144, 1),
(144, 10),
(144, 11),
(144, 13),
(144, 16),
(144, 17),
(144, 18),
(144, 19),
(144, 21),
(144, 22),
(144, 33),
(144, 40),
(144, 559),
(144, 564),
(144, 565),
(144, 566),
(144, 567),
(144, 568),
(145, 1),
(145, 10),
(145, 11),
(145, 13),
(145, 16),
(145, 17),
(145, 18),
(145, 19),
(145, 21),
(145, 22),
(145, 33),
(145, 40),
(145, 559),
(145, 564),
(145, 565),
(145, 566),
(145, 567),
(145, 568),
(146, 1),
(146, 9),
(146, 11),
(146, 12),
(146, 20),
(146, 21),
(146, 23),
(146, 33),
(146, 40),
(146, 559),
(146, 563),
(146, 564),
(146, 565),
(146, 566),
(146, 567),
(146, 568),
(147, 4),
(147, 9),
(147, 11),
(147, 12),
(147, 16),
(147, 17),
(147, 18),
(147, 19),
(147, 21),
(147, 22),
(147, 33),
(147, 40),
(147, 559),
(147, 564),
(147, 565),
(147, 566),
(147, 567),
(147, 568),
(148, 7),
(148, 9),
(148, 11),
(148, 12),
(148, 14),
(148, 20),
(148, 21),
(148, 23),
(148, 33),
(148, 40),
(148, 559),
(148, 564),
(148, 565),
(148, 566),
(148, 567),
(148, 568),
(149, 1),
(149, 9),
(149, 11),
(149, 12),
(149, 18),
(149, 23),
(149, 33),
(149, 40),
(149, 559),
(149, 564),
(149, 565),
(149, 566),
(149, 567),
(149, 568),
(150, 7),
(150, 9),
(150, 11),
(150, 12),
(150, 14),
(150, 15),
(150, 20),
(150, 21),
(150, 23),
(150, 33),
(150, 40),
(150, 559),
(150, 564),
(150, 565),
(150, 566),
(150, 567),
(150, 568),
(151, 4),
(151, 10),
(151, 11),
(151, 12),
(151, 16),
(151, 17),
(151, 18),
(151, 19),
(151, 22),
(151, 23),
(151, 33),
(151, 40),
(151, 559),
(151, 564),
(151, 565),
(151, 566),
(151, 567),
(151, 568),
(152, 1),
(152, 10),
(152, 11),
(152, 12),
(152, 14),
(152, 15),
(152, 20),
(152, 21),
(152, 23),
(152, 33),
(152, 40),
(152, 559),
(152, 564),
(152, 565),
(152, 566),
(152, 567),
(152, 568),
(153, 1),
(153, 11),
(153, 12),
(153, 14),
(153, 15),
(153, 20),
(153, 21),
(153, 23),
(153, 33),
(153, 40),
(153, 559),
(153, 564),
(153, 565),
(153, 566),
(153, 567),
(153, 568),
(154, 1),
(154, 10),
(154, 11),
(154, 13),
(154, 16),
(154, 17),
(154, 18),
(154, 19),
(154, 22),
(154, 33),
(154, 40),
(154, 559),
(154, 564),
(154, 565),
(154, 566),
(154, 567),
(154, 568),
(155, 1),
(155, 9),
(155, 11),
(155, 12),
(155, 18),
(155, 20),
(155, 23),
(155, 33),
(155, 40),
(155, 559),
(155, 564),
(155, 565),
(155, 566),
(155, 567),
(155, 568),
(156, 1),
(156, 9),
(156, 11),
(156, 12),
(156, 18),
(156, 23),
(156, 33),
(156, 40),
(156, 559),
(156, 564),
(156, 565),
(156, 566),
(156, 567),
(156, 568),
(157, 1),
(157, 9),
(157, 11),
(157, 12),
(157, 18),
(157, 23),
(157, 33),
(157, 40),
(157, 559),
(157, 564),
(157, 565),
(157, 566),
(157, 567),
(157, 568),
(158, 1),
(158, 10),
(158, 11),
(158, 12),
(158, 16),
(158, 17),
(158, 18),
(158, 19),
(158, 21),
(158, 22),
(158, 33),
(158, 40),
(158, 559),
(158, 564),
(158, 565),
(158, 566),
(158, 567),
(158, 568),
(159, 7),
(159, 9),
(159, 11),
(159, 12),
(159, 14),
(159, 15),
(159, 20),
(159, 21),
(159, 23),
(159, 33),
(159, 40),
(159, 559),
(159, 564),
(159, 565),
(159, 566),
(159, 567),
(159, 568),
(160, 3),
(160, 7),
(160, 9),
(160, 11),
(160, 12),
(160, 14),
(160, 15),
(160, 20),
(160, 21),
(160, 23),
(160, 33),
(160, 40),
(160, 559),
(160, 564),
(160, 565),
(160, 566),
(160, 567),
(160, 568),
(161, 1),
(161, 9),
(161, 11),
(161, 12),
(161, 17),
(161, 18),
(161, 23),
(161, 33),
(161, 40),
(161, 559),
(161, 564),
(161, 565),
(161, 566),
(161, 567),
(161, 568),
(162, 7),
(162, 9),
(162, 11),
(162, 12),
(162, 14),
(162, 15),
(162, 19),
(162, 20),
(162, 21),
(162, 23),
(162, 33),
(162, 40),
(162, 559),
(162, 564),
(162, 565),
(162, 566),
(162, 567),
(162, 568),
(163, 7),
(163, 9),
(163, 11),
(163, 12),
(163, 14),
(163, 15),
(163, 19),
(163, 20),
(163, 21),
(163, 23),
(163, 33),
(163, 40),
(163, 559),
(163, 564),
(163, 565),
(163, 566),
(163, 567),
(163, 568),
(164, 1),
(164, 2),
(164, 8),
(164, 10),
(164, 11),
(164, 12),
(164, 13),
(164, 16),
(164, 17),
(164, 18),
(164, 19),
(164, 21),
(164, 22),
(164, 24),
(164, 28),
(164, 33),
(164, 35),
(164, 37),
(164, 40),
(164, 559),
(164, 562),
(164, 563),
(164, 564),
(164, 565),
(164, 566),
(164, 567),
(164, 568),
(165, 1),
(165, 10),
(165, 11),
(165, 12),
(165, 18),
(165, 19),
(165, 23),
(165, 33),
(165, 40),
(165, 559),
(165, 564),
(165, 565),
(165, 566),
(165, 567),
(165, 568),
(166, 1),
(166, 3),
(166, 10),
(166, 11),
(166, 13),
(166, 16),
(166, 17),
(166, 21),
(166, 22),
(166, 33),
(166, 40),
(166, 559),
(166, 562),
(166, 563),
(166, 564),
(166, 565),
(166, 566),
(166, 567),
(166, 568),
(167, 1),
(167, 9),
(167, 11),
(167, 12),
(167, 17),
(167, 18),
(167, 23),
(167, 33),
(167, 40),
(167, 559),
(167, 564),
(167, 565),
(167, 566),
(167, 567),
(167, 568),
(168, 6),
(168, 9),
(168, 11),
(168, 12),
(168, 17),
(168, 20),
(168, 21),
(168, 23),
(168, 33),
(168, 40),
(168, 559),
(168, 564),
(168, 565),
(168, 566),
(168, 567),
(168, 568),
(169, 1),
(169, 2),
(169, 8),
(169, 9),
(169, 10),
(169, 11),
(169, 21),
(169, 30),
(169, 32),
(169, 33),
(169, 38),
(169, 559),
(169, 560),
(169, 564),
(169, 565),
(169, 566),
(169, 567)
ON DUPLICATE KEY UPDATE
  `breed_id` = VALUES(breed_id),
  `product_id` = VALUES(product_id);

INSERT INTO `product_image` (`product_id`, `file_id`) VALUES
(1, 75),
(1, 76),
(1, 77),
(1, 78),
(1, 146),
(2, 71),
(2, 72),
(2, 73),
(2, 74),
(3, 79),
(3, 80),
(3, 81),
(3, 82),
(3, 83),
(3, 84),
(3, 85),
(3, 86),
(4, 87),
(4, 88),
(4, 89),
(5, 94),
(5, 95),
(6, 90),
(6, 91),
(6, 92),
(6, 93),
(7, 96),
(7, 97),
(7, 98),
(7, 99),
(7, 165),
(8, 147),
(9, 100),
(9, 101),
(9, 102),
(9, 103),
(9, 166),
(10, 104),
(10, 105),
(10, 106),
(10, 107),
(10, 167),
(11, 150),
(12, 153),
(13, 154),
(14, 110),
(14, 164),
(15, 111),
(16, 112),
(17, 113),
(18, 114),
(19, 115),
(20, 116),
(20, 119),
(20, 162),
(21, 117),
(21, 163),
(22, 151),
(23, 152),
(24, 137),
(25, 138),
(26, 139),
(27, 140),
(28, 141),
(29, 142),
(29, 143),
(30, 144),
(32, 118),
(33, 135),
(34, 136),
(35, 134),
(36, 132),
(37, 133),
(38, 130),
(39, 131),
(40, 120),
(559, 121),
(559, 160),
(560, 122),
(560, 158),
(561, 123),
(561, 155),
(562, 124),
(562, 159),
(563, 125),
(563, 156),
(564, 108),
(564, 109),
(564, 126),
(564, 161),
(565, 128),
(566, 127),
(567, 157),
(567, 169),
(568, 145),
(574, 129),
(575, 148),
(576, 149),
(577, 168)
ON DUPLICATE KEY UPDATE
  `product_id` = VALUES(product_id),
  `file_id` = VALUES(file_id);


INSERT INTO `product_solution` (`solution_id`, `product_id`) VALUES
(1, 6),
(1, 9),
(1, 10),
(1, 19),
(1, 22),
(1, 28),
(2, 2),
(2, 12),
(2, 23),
(3, 12),
(3, 13),
(3, 26),
(3, 29),
(3, 30),
(3, 33),
(3, 38),
(3, 39),
(3, 40),
(3, 559),
(3, 564),
(3, 565),
(3, 566),
(3, 578),
(4, 2),
(4, 8),
(4, 11),
(4, 23),
(5, 6),
(5, 9),
(5, 14),
(5, 15),
(5, 20),
(5, 21),
(5, 22),
(5, 25),
(5, 27),
(5, 30),
(5, 34),
(5, 36),
(5, 38),
(5, 560),
(5, 561),
(6, 1),
(6, 2),
(6, 8),
(6, 11),
(6, 12),
(6, 16),
(6, 18),
(7, 2),
(7, 10),
(7, 11),
(7, 12),
(7, 16),
(7, 24),
(7, 28),
(7, 29),
(7, 35),
(7, 37),
(7, 574)
ON DUPLICATE KEY UPDATE
  `product_id` = VALUES(product_id),
  `solution_id` = VALUES(solution_id);


INSERT INTO `review` (`id`, `breed`, `name`, `email`, `phone`, `city_entered`, `region_city_id`, `review`, `active`, `add_date`) VALUES
(3, 2, 'Лариса', '', '', 'Москва', 589, 'Очень долго у моего Афгана были проблемы с шерстью. Перепробовала много средств, но не могла найти ничего достойного. У собаки регулярно появлялись колтуны. Случайно увидела косметику на выставке. Для начала купила маленькие объемы шампуня и кондиционера, но консультант убедил взять еще 63 спрей, обещал, что колтунов не будет вообще если использовать все в комплексе, я долго сомневалась, но в итоге взяла 90 мл. на пробу. Сначала промыла свою собаку. Очень понравилось, что средства малопенящиеся и очень хорошо разбавляются с водой, на мой взгляд это очень экономично. После мытья высушила свою собаку. Качество шерсти мне понравилось сразу, но для меня важно, чтобы результат сохранялся как можно дольше. Использовала 2 раза в неделю 63 спрей, шерсть по качеству не изменилась. Проблемы с шерстью вообще исчезли. В целом результат превзошел все мои ожидания.', 1, '2013-06-25 16:00:59'),
(4, 164, 'Лиза', '', '', 'Дубна', 589, 'Купила косметику в Москве. 10 шампунь разводила где-то 1:6, кондиционер не разводила вообще. Шерсть блестящая и шелковистая. Качество шерсти очень нравится. Недавно докупила еще 63 спрей, теперь моемся реже, а качество супер. Спасибо большое за рекомендацию косметики Isle Of Dogs.', 1, '2013-06-25 16:02:13'),
(5, 126, 'Елена', '', '', 'Великий Новгород', 138, 'Летом на выставке взяла пробники косметики. Никогда не получала такого эффекта от использования косметических средств. Дождалась России, там затарилась литровыми бутылками, еще и подарок подарили. Там же купила Тикен, просто балдею от него, такой объем для шерсти не одно средство больше не дает, а держится еще неделю после выставки.', 1, '2013-06-25 16:03:16'),
(6, 73, 'Юля', '', '', 'Москва', 589, 'Пишу, если что - я совсем не профессиональный грумер, да и времени на сушку не было особо. Пробное мытье, без остального груминга (стрижки): Сначала помылись №20, смыли. Нанесли на выгоревшие участки оттеночный шампунь другой марки, рекомендованный продавцом магазина, держали 5 минут, смыли. Нанесли №17, для медной шерсти. Подержали около 3 мин, смыли. Нанесли кондиционер №51, прополоскали. Все средства очень хорошо размешиваются. После мытья протерлись полотенцем и подсушились феном. Результат: сразу после подсушки шерсть осталась мягковатой и фактурной, приобрела объем, легла, в общем-то хорошо (особенно видно по зародышу юбки, до помывки там проходит "шов", разделяющий шерсть на корпусе и отрастающую украшайку). Цвет выгоревших участков практически не изменился. Вообще результат понравился, собака из подростка сразу как-то заматерела, что ли - это больше ощущение при личном осмотре.', 1, '2013-06-25 16:04:25'),
(7, 4, 'Виктория', '', '', 'Санкт-Петербург', 810, 'Мне понравилась косметика. Спасибо за пробники и консультацию.', 1, '2013-06-25 16:05:34'),
(8, 12, 'Марина', '', '', 'Тула', 958, 'Косметика очень подходит породе. Это просто чудо!!! Спасибо за помощь в подготовке собаки к выставке!!!', 1, '2013-06-25 16:06:11'),
(9, 143, 'Наталья', '', '', 'Воронеж', 175, 'Спасибо за прекрасную собаку породы хаски питомнику "Хаски Хэвн". Отдельное спасибо за возможность пользоваться прекрасной косметикой для собак! Запах -великолепный! Результат- потрясающий!', 1, '2013-06-25 16:07:19'),
(10, 143, 'Алексей', '', '', 'Нижний Новгород', 632, 'Хочу поблагодарить, что приехали к нам на ЦАЦИБ и привезли чудо-косметику.', 1, '2013-06-25 16:08:04'),
(11, 143, 'Елена', '', '', 'Новокузнецк', 383, 'Первый раз взяла небольшие объёмы(250 мл) шампунь№20 и кондиционер №50. Попробовала на одной собаке.Результат не заставил себя долго ждать! На выставке многие отметили здоровый блеск и белизну шерсти собаки! Сейчас купила всё в галлонах,так как очень выгодно! Очень нравятся запахи!Очень тонкие и очень приятные! Ну,и результат-замечательный! Собаки выглядят великолепно! Спасибо огромное за возможность пользоваться такой чудо-косметикой!!! Рекомендую всем!', 1, '2013-06-25 16:08:54'),
(12, 164, 'Алена', '', '', 'Москва', 589, 'Супер. Сегодня на Йорк Шоу купила у Вас маленькие бутылочки. Может помните, минут 15 мы с вами спорили. Только что помыла. Такого эффекта я еще не получала. Шерсть аж блестит вся, жаль фотку отправить нельзя. Сен бернар отдыхает. Очень понравился запах. Завтра приеду за литровыми.', 1, '2013-06-25 16:09:52'),
(13, 164, 'Ольга', '', '', 'Тверь', 931, 'Очень понравилось. Шерсть блестит. Красотищщщаа... А запах!!! просто отличный. Когда используем наши малюсенькие бутылочки - приду за бутылками побольше. Спасибо вам за возможность пользоваться этими средствами!', 1, '2013-06-25 16:12:17'),
(14, 164, 'Алла', '', '', 'Москва', 589, 'Брала пробники на Йорк Шоу. Косметика понравилась. Разводила 1:10 мыла два раза собаку. Шерсть блестит и излучает здоровье. В выходные приеду в магазин.', 1, '2013-06-25 16:12:58'),
(15, 143, 'Вероника', '', '', 'Москва', 589, 'Косметика просто великолепная! Самый лучший и видимый результат я заметила на хаски от шампуня №20 Ройал джелли! Просто потрясающий шампунь! Он дает невероятный объем и отличный рост шерсти! Так же очень нравится как блестит шерсть от шампуня для черногй шерсти и для белой! Одним словом - косметика работает на все 100%!', 1, '2013-06-25 16:13:54'),
(16, 142, 'Анна', '', '', 'Воронеж', 175, 'Пишу, как и обещала. Косметика понравилась. Спасибо за образцы.', 1, '2013-06-25 16:14:29'),
(17, 164, 'Катерина', '', '', 'Электросталь', 589, 'Вчера взяла у Вас пробники и сразу помыла свою девочку.Я в восторге(и Аська тоже)!!!!Шерсть мягкая и легкая.Спасибо Вам!Ждем приезда своего грумера и сразу за косметикой к вам', 1, '2013-06-25 16:15:14'),
(18, 164, 'Мария', '', '', 'Москва', 589, 'Ну что сказать...Чистая собачка - всегда красиво и приятно. Но в целом ничего особенного. Да, пахнет хорошо. Но простой Perfect Coat по приятности запаха не уступает, а по стойкости обгоняет. Да, шерсть гладкая и блестящая, но, например, Mr.Bruno, хотя в 10 раз дешевле, ничуть не хуже, не говоря уж о вышеозначенном Перфект Коуте и безусловно хорошем Сен Бернаре . Так что пользоваться, безусловно, можно, но все остальное - реклама. Интересно, удалят такой отзыв с сайта или нет?', 1, '2013-06-25 16:16:06'),
(19, 164, 'Оксана', '', '', 'Новосибирск', 657, 'Замечательная косметика! Я поверила рекомендациям продавца на йорк-шоу и приобрела сразу по 1 литру шампуня №10, кондиционера №51 и распутывающего спрея. Особенно хорош спрей, спутанная шерсть расчесывается моментально. Запах очень тонкий, собачка после мытья как облачко душистое. В общем, одобряю!', 1, '2013-06-25 16:16:53'),
(20, 118, 'Елена Никитина', '', '', 'Москва', 589, 'Я счастлива,что познакомилась с косметикой этой фирмы. Много лет я держу пекинесов, собак очень тяжелых в уходе. Много было зкспериментов с всевозможной косметикой, но все было не то. Сейчас я удотворена полностью, хорошо легко моются , легко расчесываются, приятно пахнут. Большое спасибо.', 1, '2013-06-25 16:18:06'),
(21, 144, 'Яковлева Виктория', '', '', 'Москва', 589, 'Я пробовала косметику когда еще не было представительства в России. Присылали пробники знакомые из Латвии. Косметика очень понравилась. Я на своих Силки перепробовала множество фирм, но в Isle Of Dogs нравится, что результат держится в течении недели, шерсть не путается и легко расчесывается без всяких распутывающих спреев. Единственно, мы пользуемся серией для салонов, а не той которую советует производитель.', 1, '2013-06-25 16:19:08'),
(22, 138, 'Олеся', '', '', 'Новокузнецк', 383, 'Спасибо большое. Косметика очень понравилась, пользуюсь шампунем №10 и кондиционером №51. Хочу отметить, что шерсть дольше сохраняется в шоу кондиции. На мой взгляд, идеальное состояние шерсти для шоу через 2 дня после помывки))', 1, '2013-06-25 16:19:47'),
(23, 127, 'Ольга', '', '', 'Саратов', 813, 'Очень понравилась Ваша косметика, большое спасибо! Использовала пробники шампуня №20 и кондиционер №50. Вид шерсти потрясающий!', 1, '2013-06-25 16:20:14'),
(24, NULL, 'Юлия', '', '', 'Хабаровск', 1003, 'Использую на кокерах, йорках, ши тцу, шпицах, хаски, маламутах, чау, сеттерах, бобтейлах, ЮРО. Мне нравится. Комбинации и варианты разные. Очень быстро оживляет поврежденную шерсть. На длинной (кокер, ши тцу) не возникает статики и шерсть отлично работает! Я довольна. Но пользуюсь на 70% профлинией.', 1, '2013-06-25 16:21:26'),
(25, 164, 'Таня и йорк Лаки', '', '', 'Москва', 589, 'Первый раз попробовали пользоваться этими средствами летом. Купили пробники шампуня №10, кондея №51 и спрея для расчесывания №63 на выставке ЙоркШоу 2009. Не думали, что настолько потрясающий эффект будет. Очень понравилась косметика. Купили позже в магазине на Орджоникидзе уже литровые банки и очень, очень довольны. К тому же много подарков получили- пробники шампунь-блеска и шампуня для лапок. Спасибо огромное Марине за дельные советы и помощь в выборе косметики и аксессуаров.', 1, '2013-06-25 16:23:01'),
(26, 160, 'Наталья', '', '', 'Владимир', 161, 'Мы познакомились с этой линией косметики получив в подарок пробники на выставке, весной 2009 года. Очень понравились и шампунь и кондиционер. Шампунь прекрасно очищает и отбеливает шерсть, кондиционер №50 обладает приятным ароматом и восстанавливает поврежденные участки шерсти. И самое главное - Isle Of Dogs не вызывает аллергии! Большое спасибо.', 1, '2013-06-25 16:23:39'),
(27, 164, 'Надежда', '', '', 'Мурманск', 593, 'Приобрела эту косметику на Чемпионате Мира в Братиславе. Замечательный результат! Очень понравилась косметика. Repair порадовал на юбке! Шерсть выглядит лучше, шелковистей! Запах приятный!', 1, '2013-06-25 16:25:33'),
(28, 164, 'Лина', '', '', 'москва', 589, 'Добрый день,посетители сайта! Хочу поделиться впечатлением от использования данной косметики.Приобрела ее по совету знакомой на выставке 30.01.10(шампунь №12,кондиционер№51),в подарок дали пробники шампуня и маски из серии "Натуральная роскошь".Сегодня помыла ребенка (шерсть длиная,без папильоток) данной серией-очень довольна видимым эффектом:шерсть блестит,мягкая,но не пухлявая,очень приятная на ощупь.Надеюсь использование другой серии даст тот же результат,а эту обьязательно приобрету,а может попробую себе(шутка....,а может быть и нет).', 1, '2013-06-25 16:26:44'),
(29, 164, 'Жанна', '', '', 'Калуга', 349, 'Спасибо большое Мариночке,что выслали почтой. Нам очень понравилась эта косметика мы брали Шампунь№10 и Кондиционер№51. Результат не заставил себя ждать,шерсть очень хорошо расчесывается даже в мокром виде очень частой расчесткой. Хорошо блестит и очень хорошо лежит. Спасибо Вам большое за эту косметику. Будем делать заказ на большие бутылки.', 1, '2013-06-25 16:27:24'),
(30, 17, 'Наталья', '', '', 'Обнинск', 349, 'Приобрела шампунь салонной серии для Нежной очистки и увлажнения и кондиционер Глубоко проникающий. Помыла собаку, прошла неделя, а шерсть в отличном состоянии!!! Очень довольна результатом! Марина, спасибо, за возможность приобрести косметику высокого класса.', 1, '2013-06-25 16:28:51'),
(31, 164, 'Лина', '', '', 'Москва', 589, 'Добрый день,девочки (и мальчики),а так же ваши мохнатые детишки! Я уже писала сдесь отзывы по данной косметике (натуральная роскошь),сегодня помыла ребятенка №12 + №51. Эффект то же очень понравился: шерстка блестит,мягкая,хорошо расчесывается,нежный запах приятной чистой шерсти. Предыдущая помывка была 2 нед.назад и не смотря на то,что ребенок живет полноценной "деревенской" собачьей жизнью,выглядел как "новенький",можно было даже еще подождать,но у мамы завтра Д.Р. надо быть совсем красивой. Хочу поблагодарить Марину за ее внимание,доброту и терпение при общении с клиентами, а главное за то,что не навязывает свой продукт,а просто рекомендует и даже предупреждает о возможных негативных моментах ( на вкус и цвет.....)! Желю всем здоровой и красивой шерстки!', 1, '2013-06-25 16:29:37'),
(32, 164, 'Лина', '', '', 'Москва', 589, 'И снова здравствуйте (как в том анекдоте). Ребенок досох окончательно - ВКУСНЕНЬКИЙЙЙЙ !!!!!!', 1, '2013-06-25 16:30:03'),
(33, 5, 'Анна', '', '', 'Москва', 589, 'Отлично подходит для маламутов в комплексе №16 и №20,а если шерсть старая и уставшая,бесподобно обновляет,выпрямляет и делает эластичной №50,но если у маламута шерсть эластичная и мягковатая,то не очень подходит. ISLE HOLD-супер пенка для объема на лапах и линии верха,на руках не ощущается дает отличный объем и текстуру. А вот с ISLE STYLE,что то напутали в переводе,согласна, что подходит для жесткой укладки и зафиксировать пудру на лапах,но для структуры и подготовки для стрижки ни как не подходит не только маламутам,но и им подобным породам,это типа жидкого лака,не стоит его применять там где может эксперт ощупать собаку,средство липнет к рукам.', 1, '2013-06-25 16:30:51'),
(34, 143, 'Ольга', '', '', 'Санкт-Петербург', 810, 'Очень довольна №20 и №50 . Опробовали уже много раз, прежде чем отзыв написать))) все руки не доходили, а только глаза любовались результатом. Шерсть мягкая, объемная, блестящая. Еще №16 хорошо отбеливает, но мою редко, так как и №20 отбеливает белую шерсть отлично. Стайлинг крем ISLE THICKEN делает шерсть на ощупь более плотной, но наносим на шерсть только, если выставлять собаку. Спасибо питомнику "Хаски Хэвен" за возможность попробовать косметику. Отдельное Спасибо Марине за консультацию и советы! :))', 1, '2013-06-25 16:31:51'),
(35, 49, 'Татьяна', '', '', 'Мурманск', 593, 'Для голышей взяла пока только ежедневную формулу Silk, очень довольна результатом,волос очень шелковистый,мягкий,с большим объёмом без использования средств для объёма,а отфенивается раньше чем включила фен очень быстро! Вот теперь хочу попробовать серию для шоу. И на пухе и на другой породе.', 1, '2013-06-25 16:32:41'),
(36, 99, 'Яна', '', '', 'Нижний Новгород', 632, 'Первый раз попробовала эту косметику. Честно говоря, не верила в положительный результат и была очень приятно удивлена после того как увидела собаку "чистой". У меня палевый кобель - появился очень чёткий контраст БЕЛЫХ лап и МЕДНОЙ спинки. Он у меня теперь ходит по улицам и светится чистотой. Большое спасибо.', 1, '2013-06-25 16:33:20'),
(37, 60, 'Смирнова Ольга', '', '', 'Саров', 632, 'Приобрела косметику ISLE OF DOGS на Евразии-10. Искала что-то профессиональное и не стандартное, т.к. имею опыт работы с косметикой разных фирм, но так, чтоб "душа развернулась" - такого нет. Сразу скажу, что в момент покупки отнеслась несколько скептически. Очень порадовали внимание к клиентам и культура общения консультантов. Используем шампунь №10 и кондиционер №51. На момент покупки у собаки были проблемы с шерстью. После первой же помывки шерсть выглядела здоровой и ухоженной. Как в первый же вечер помывки, так и спустя полгода - разочарования нет. Шерсть эластичная, блестящая, хорошо структурированная и струящаяся. Без статитики.На здоровой шерсти - эффект еще более потрясающий. Самое главное, что эта косметика позволяет легко довести собаку до кондиции, которая необходима нам для выступления на крупнейших шоу. Ежедневно используем добавку для шерсти № 91. Тоже очень довольная. Спасибо Марине за консультации и возможность работать с этой косметикой.', 1, '2013-06-25 16:34:11'),
(38, 60, 'Даша', '', '', 'Таллин', 0, 'Подруга подарила на пробу по 2 тестора No. 51 Heavy Management Conditioner и No. 20 Royal Jelly Shampoo.Уж и незнала что может закрыть судье глаза на сильно вылиневшую шерсть.Тесторы ISLE OF DOGS было наше спасение.Мы не просто хорошо выставились,МАЛЬЧИШКА СТАЛ ЛУЧШИМ ПРЕДСТАВИТЕЛЕМ ПОРОДЫ,А НАША ДЕВОЧКА ЛУЧШЕЙ ПРЕДСТАВИТЕЛЬНИЦЕЙ ПОРОДЫ ПРОТИВОРОЛОЖНОГО ПОЛА!Косметика прото сказочная.От нее так и веет Качеством!!!СПАСИБО ЗА ТО ЧТО ОНА ЕСТЬ!!!!', 1, '2013-06-25 16:35:10'),
(39, 141, 'Елена', '', '', 'Северск', 946, 'Первый раз попробывала косметику на собаки находяшейся в линьки.Когда осталась практически одна ость.Использовала шампунь "Королевское Желе"№20,кондиционер №50 и кондиционер Isle Thicken.Супер!мне очень понравилось то,что я увидела в конечном результате.Собака была идеальна.Спасибо ОГРОМНОЕ!!!!Закажу еще.', 1, '2013-06-25 16:35:37'),
(40, 37, 'Кристина', '', '', 'Тольятти', 809, 'Впервые, взяла на пробу. Результат: шерсть блестит, очень жесткая, при этом не хрустит как от многих других. Для бороды кондиционер №51, тоже очень понравился...нежный, приятны запах. Спасибо нашему региональному представителю Туркиной Элине.', 1, '2013-06-25 16:36:43'),
(41, 142, 'Кристина', '', '', 'Тольятти', 809, 'Я очень довольна что нашла эту косметику. Ведь у многих длиношерстных собак одна проблема-статика. Попробуя все что рекомендует производитель я осталась очень давольна. Спасибо Элине Туркиной-нашему региональному представителю...', 1, '2013-06-25 16:37:15'),
(42, 141, 'Елена', '', '', 'Северск', 946, 'Благодаря вашей косметике,после одного применения,моя собака,находящаяся в линьки,закрыла ЮЧР,стала BIG-2,BIJ-3 и это при сильнейшей конкуренции.Спасибо огромное.', 1, '2013-06-25 16:37:44'),
(43, 102, 'Наталья', '', '', 'Лиски', 175, 'После первого применения шампуня №16 шерсть приобрела блеск и шелковистость, ушла желтизна, шампунь имеет прекрасный запах. Спасибо продавцам в магазине за рекомендацию этой линии косметики для собак.', 1, '2013-06-25 16:39:54'),
(44, 145, 'Олеся', '', '', 'Красноярск', 466, 'Познакомились с кометикой год назад, сразу приобрела линейку для своих скотчей и ская. спустя год - очень довольны, эффект виден сразу, собака в шоу подготовке и через несколько дней после мытья. так же огромное спасибо представителю косметики уделившему нам время на Евразии!ваши советы очень пригодились!', 1, '2013-06-25 16:40:20'),
(45, 145, 'Ольга', '', '', 'Новосибирск', 657, 'No. 51 Heavy Management Conditioner - после первого применения оставил весьма и весьма приятные впечатления! Хорошо наносится. Собака поразительно легко расчессывается, шерсть после применения выглядит идеально - гладкая, блестящая и приятная!', 1, '2013-06-25 16:40:43'),
(46, 102, 'Ольга', '', '', 'Нижний Новгород', 632, 'Попробовала косметику на разлив. мальтезе засияла. Шерсть мягкая, шелковистая, эластичная, очень белоснежная. Блестит и разлетается красиво. Никакой статики. И это всего лишь после ш-ня №10 и кондиционера №51. Прошла неделя после мытья. Собака - белоснежная. И шерсть не превращается в сосочки... Я довольна. Зрею на большие упаковки', 1, '2013-06-25 16:41:20'),
(47, 23, 'Юлия', '', '', 'Новокузнецк', 383, 'Просто в восторге от этой косметике! Шерсть великолепная. Пробывали шампунь №20 и кондиционер №50. Собака выглядит отлично! Спасибо Вам!', 1, '2013-06-25 16:41:49'),
(48, 52, 'Мирослава', '', '', 'Волгоград', 162, 'Всем здравствуйте! Сегодня попробовала эту косметику. Осталась очень довольна и приобрету еще раз. Мылись Королевским желе и бальзамом №50. Еще купила 2 спрея для расчесывания. Теперь буду смотреть, как будет выглядеть шерсть после спреев! Шерстка выглядит очень здорово, собака идеально чистая и прекрасно пахнет! Очень рекомендую! Нам с сыном все понравилось! Мы красивые, пушистые и очень нарядные!))))Спасибо большое!', 1, '2013-06-25 16:42:43'),
(49, 12, 'Иван', '', '', 'Москва', 589, 'Косметику попробовал, собака и правда выглядит очень красиво. Использовал № 20 и № 50, №50 разводил как Вы говорили шерсть лежит, блестит красота.', 1, '2013-06-25 16:43:10'),
(50, 164, 'Настя', '', '', 'Пенза', 721, 'учшая косметика для Йорков, из всех что мне попадалась. По уходу регулярно пользуюсь номерами 10, 51 если у собаки сваливается шерсть мгновенно помогает номер 63, спасибо.', 1, '2013-06-25 16:43:40'),
(51, 126, 'Елена', '', '', 'Санкт-Петерьург', 0, 'Для шпица важно, чтобы был очень мощный объем. Попробовала Thicken и Пенку после мытья, очень круто получилось. Обыграли даже кобеля из очень известного питомника. Мылись кстати 33 шампунем, шерсть стала такой жесткой и блестящей.', 1, '2013-06-25 16:44:16'),
(52, 54, 'Тамара', '', '', 'Киров', 398, 'Для юбки кокера лучше ничего нет, чем шампунь 12 и маска натуральная роскошь и Repair. Это лучшая комбинация для кокера на свете. Уход за шерстью занимает 2 часа в неделю.', 1, '2013-06-25 16:44:44'),
(53, 60, 'Эвелина', '', '', 'Великий Новгород', 138, 'Для моих Такс я использовала и шампунь 10 и 12 и натуральную роскошь, могу сказать одно берите 10 и не думайте он дешевле всего, но по качеству ничем не отличается от остальных. Вот маска на меня произвела неизгладимое впечатление. В общем таксятникам рекомендую.', 1, '2013-06-25 16:45:31'),
(54, 109, 'Катя', '', '', 'Липецк', 515, '5 часов мы мылись и наконец помылись... выглядели так, что нам отдали Бест Ин Шоу... Спасибо за косметику.', 1, '2013-06-25 16:45:54'),
(55, 164, 'Лариса', '', '', 'Ярославль', 1092, 'Огромное спасибо, что уговорили взять литровые бутылки 12 и 51, шерсть просто фантастическая... Даже чесать теперь собаку одно удовольствие. А какой запах, прелесть!!!', 1, '2013-06-25 16:46:33'),
(56, 52, 'Николай', '', '', 'Пермь', 727, 'Блестящий вид, сильный объем.', 1, '2013-06-25 16:47:15'),
(57, 127, 'Ольга', '', '', 'Казань', 342, 'Блеск от 16, 17 и 18 шампуней на соответствующем окрасе - это просто песня, и не нужно ничем брызгать помылся, на чесался и пошел в ринг, эсперт таких собак выделяет сразу. Я взяла лучшего кобеля в классе победителем Евразии, а это не хухры мухры... В описании эксперт отметил ВЕЛИКОЛЕПНУЮ ШЕРСТЬ!!!', 1, '2013-06-25 16:47:39'),
(58, 140, 'Карина', '', '', 'Москва', 589, 'Разводим шампуни очень сильно, в принципе если мыться раз в неделю и особо не пачкаться (это от собаки зависит, некоторые и дома изваляются) то 250 мл хватает на 3 месяца для 2х собак...', 1, '2013-06-25 16:48:27'),
(59, 164, 'Полина', '', '', 'Кострома', 442, 'Мне кажется я единственный человек, в городе, кто пользуется этой косметикой, со мной уже никто из собаководов не разговаривает, потому что моя собака то группу возьмет, то бест. Дороговато конечно получился полный набор из шампуня, кондиционера, спрея, но оно того стоит.', 1, '2013-06-25 16:49:42'),
(60, 138, 'Дарья', '', '', 'Магнитогорск', 1026, 'Repair для юбки скоча - это просто палочка выручалочка.', 1, '2013-06-25 16:50:09'),
(61, 164, 'Алёна', '', '', 'Астрахань', 48, 'Все получила! Спасибо большое! Мыла 10 шампунем и маской, очень понравился результат, показалась заводчице, она в шоке... На Евразии к вам подойдет купит для себя!', 1, '2013-06-25 16:50:38'),
(62, 127, 'Валентин', '', '', 'Барнаул', 69, 'Спасибо за консультацию на Евразии. Жена сегодня помыла собаку. Шерсть блестит, глаз не оторвать.', 1, '2013-06-25 16:51:07'),
(63, 164, 'Катя', '', '', 'Липецк', 515, 'Приехала, выспалась и сразу помыла. Скажу Вам эффект потрясающий, мыла шампунем 10, кондиционером 51, при сушке использовала Isle Repair! Наконец-то подобрала себе хорошую косметику.', 1, '2013-06-25 16:51:35'),
(64, 138, 'Елена', '', '', 'Москва', 589, 'Пишет вам Елена, мы долго разговаривали, посмотрела видео, попробовала восстанавливающий кондей, вы были правы - это то, что нужно моей собаке.', 1, '2013-06-25 16:51:55'),
(65, 160, 'Юлия', '', '', 'Казань', 342, 'Закупились на Евразии, теперь будем мыться...', 1, '2013-06-25 16:52:16'),
(68, 107, 'Елена', '', '', 'Москва', 589, 'На Евразии купила шампуни №33 и №16 90мл и очень пожалела что не взяла большего размера. Косметика классная! С первого раза борода отбелилась,а шерсть стала жесткая и блестящая,нет пухлявости.(уж есть с чем сравнить). Теперь бегу покупать для других своих собак.(для шпица и кавалера).', 1, '2013-06-25 16:54:22'),
(69, 164, 'Лиза', '', '', 'Тюмень', 966, 'Пользуемся уже больше двух лет этой косметикой, очень довольны, шерсть выглядит превосходно, идеально подходит для выставочного и не выставочного ухода за собаками.', 1, '2013-06-25 16:54:42'),
(70, 126, 'Елена', '', '', 'Барнаул', 69, 'Купила для шпица шампунь №20, классно! Даже без кондишена, хоть беги на выставку!', 1, '2013-06-25 16:55:09'),
(71, 164, 'Надежда', '', '', 'Челябинск', 1026, 'косметика супер.', 1, '2013-06-25 16:55:35'),
(72, 164, 'Катя', '', '', 'Пермь', 727, 'Спасибо, все получили. Уже намылись, на facebook есть фотки после использования. Все просто чудесно. Мыла собаку с поврежденной шерстью, после маски и восстанавливающего кондиционера шерсть стала выглядеть живее, так что через месяц может уже шерсть восстановим.', 1, '2013-06-25 16:55:53'),
(73, 5, 'Валерий', '', '', 'Москва', 589, 'Косметику использую только для мытья на выставку, шерсть очищается нормально, запах приятный, объем хороший. В общем шерсть собаки выглядит как надо.', 1, '2013-06-25 16:56:30'),
(74, 52, 'Мария', '', '', 'Балашиха', 589, 'Косметику используем только для выставок. Но даже из лысой собаки получается очень пушистая собака. Спасибо за отличную косметику. Благодаря косметики мы закрыли чемпионство 6 стран.', 1, '2013-06-25 16:57:24'),
(75, 52, 'Анастасия', '', '', 'Екатеринбург', 266, 'В третий раз купила на Евразии галлоны № 20 и № 50. Косметика подходит для моих собак, в самый, в самый раз для выставок. На год стабильно хватает на 7-10 собак мойки раз в 2-3 недели. В линьку пользуюсь пеной и тикеном. До следующей Евразии.', 1, '2013-06-25 16:58:11'),
(76, 127, 'Валерий', '', '', 'Дмитров', 589, 'Вчера попробовал помыть своего белого пуделька синим шампунем. У него рыжие локти, он их не отбелил с первого раза, хотя в цвет стал ярче, шерсть блестела после сушки. Ожидал чего-то большего...', 1, '2013-06-25 16:58:39'),
(77, 164, 'Алла', '', '', 'Москва', 589, 'Нашей породы к сожалению нет, мы бивер йорк Федя. Нам очень нравится как Федечка пахнет после ванны и когда чешем брызгаем коричневым спреем, прям тащимся от запаха.', 1, '2013-06-25 16:58:59'),
(78, 75, 'Серафим', '', '', 'Курск', 488, 'Брал пробник косметики несколько месяцев назад, помыл пса, был чистый без запаха, но мое мнение очень дорого. 1000 руб для бутылки шампуня 250 мл для меня лично не позволительная роскошь. Я мою собаку тем же чем моюсь сам, выставки я не посещаю, собаку люблю и мою раз в месяц, ничего шерсть как шерсть, но стоит шампунь 150 руб бутыль 500 мл. Я доволен.', 1, '2013-06-25 16:59:51'),
(79, NULL, 'Ирина Александровна', '', '', 'Великий Новгород', 138, 'Уважаемая Марина Юрьевна, спасибо Вам за консультацию и поставку. Я брала салонную серию для своего салона красоты и очень довольна выбором. За месяц шампуней израсходовали очень мало, разводим где-то 1 к 30, но отмывает шерсть очень хорошо. Аромат очень легкий у шампуней и кондиционеров. Для салона косметика на мой взгляд подходит идеально.', 1, '2013-06-25 17:00:33'),
(80, 55, 'Нина', '', '', 'Великие Луки', 770, 'Помыла сегодня собаку данной косметикой. Собака чистая, запах приятный, но я ожидала большего эффекта за такие деньги. Я понимаю, эксклюзив из США не может стоить дешевле и все же меня не впечатлила сия продукция.', 1, '2013-06-25 17:01:11'),
(81, 126, 'Мария', '', '', 'Москва', 589, 'У моего шпица мягкая шерсть, мне посоветовали использовать для него на выставку шампунь №33 и не использовать на выставку кондиционер. Так вот я сделала как мне сказали и мы выиграли лучшего кобеля на выставке. В описании написано про шерсть (отличная шерсть), конечно с движениями у нас тоже все ок. Спасибо за совет.', 1, '2013-06-25 17:01:34'),
(82, 164, 'Кирилл', '', '', 'Самара', 809, 'Можно пользоваться!', 1, '2013-06-25 17:02:00'),
(83, 100, 'Ольга', '', '', 'Самара', 809, 'Решила приобрести эту косметику, но огорчает, что представитель накручивает на эту, и так не малую цену ещё.', 1, '2013-06-25 17:02:34'),
(84, 126, 'Поля', '', '', 'Коломна', 589, 'Шерсть у шпица блестит! Мыла 17 шампунем!', 1, '2013-06-25 17:02:58'),
(85, 96, 'Оксана', '', '', 'Тара', 695, 'косметика просто супер,нет слов,не сравнить ни с чем,настоящая профессиональная косметика с большой буквы,а запах!!!шерсть после нее невообразимо мягкая и красивая,это наша косметика на всю жизнь!!!и еще: она очень экономная,спасибо большое нашему заводчику,которая привезла нам ее!!!!', 1, '2013-06-25 17:03:19'),
(86, 166, 'Татьяна', '', '', 'Курск', 488, 'Пробовали №12 и №51. Превосходно!Шерсть- шёлк!', 1, '2013-06-25 17:03:50'),
(87, 164, 'Алена', '', '', 'Киев', 0, 'Для моих йориков нет ничего лучше шампуня натуральная роскошь и маски. Шерсть блестит и выглядит живой, можем не чесаться 3-4 дня и она не спутывается и не склеивается. Выглядит чудесно.', 1, '2013-06-25 17:04:14'),
(89, 164, 'Настя', '', '', 'Великий Новгород', 138, 'Спасибо за консультацию на России. Косметика подошла и для йорка и для кокера.', 1, '2013-06-25 17:05:15'),
(90, 135, 'Валентин', '', '', 'Москва', 589, 'Отличный результат.', 1, '2013-06-25 17:05:54'),
(91, 126, 'Наталия', '', '', 'Псков', 770, 'У меня малый шпиц, купила на выставке 33ий шампунь - он сделал шерсть жесткой как надо. Попробовала 20ый и 17ый для рыжих, особой разницы по ним не заметила, но эффект понравился.', 1, '2013-06-25 17:06:23'),
(92, 164, 'мария', '', '', 'Санкт-Петербург', 810, 'Косметика отличная. Заказала через интернет магазин доставку. Все очень быстро пришло. Спасибо большое.', 1, '2013-06-25 17:06:51'),
(93, 135, 'Ирина', '', '', 'рязань', 804, 'Пользуюсь этой косметикой с 2007 года. Отлично подходит для самоедов. Раз в две недели мою выставочных собак с шампунем №16, а тех кто в линьке с "королевским желе" раз в неделю. Таким образом шерсть отрастает быстрее, чем у собак, которые не моются. Кондиционером между выставками пропитываю собак и держу около 5 минут. На выставку использую пену на всей собаке, но я стараюсь готовить собаку за 3-5 часов до выставки и по возможности ставлю компрессором шерсть перед рингом (также с пеной), объем получается свежий и собака выглядит шикарно.Thicken использую только на раздетых или полу раздетых собаках.', 1, '2013-06-25 22:53:14'),
(94, 166, 'Соня и бивер йорк Арнольд', '', '', 'Москва', 589, 'Какой же наш Арнольдушка теперь вкусненький. Теперь ходим всей семьей и тискаем его по очереди. Собака теперь благоухает ванилью!!!', 1, '2013-06-26 23:20:45'),
(95, 126, 'Алена', '', '', 'Волгоград', 162, 'Для своих шпицев на выставку мою только шампунем номер 33. Шерсть получается идеальной по плотности и жесткости. Кондиционером на выставку не пользуюсь. Для дома использую шампунь номер 12 и разведенный кондиционер 50.', 1, '2013-06-26 23:29:57'),
(96, 127, 'Екатерина', '', '', 'Ростов', 1092, 'Подруга привезла из Москвы Lush набор косметики. Очень довольна результатом. Шампунь отбелил шерсть, даже под глазами пятна очистил. Спрей помогает распутывать колтуны, собаке не больно и мне проще чесать. Ну и самое главное это цена. Как закончится, закажу еще в интернет магазине.', 1, '2013-06-26 23:34:56'),
(97, 102, 'Алена', '', '', 'владимир', 161, 'Очень понравился шампунь и кондиционер. Держала около 10 минут каждый. Шерсть гладкая, расчесывается после мытья без проблем. Иногда при расчесывании (раз, может два в неделю) использую 62 масло, больше для запаха, потому как я мою свою собаку раз в 10-14 дней и проблем с расчесыванием не испытываю.', 1, '2013-07-05 11:33:31'),
(98, 5, 'Ирина', '', '', 'псков', 770, 'Попробовала новую серию. Сначала помыла шампунем глубокой очистки, потом кератином. Собака живет на улице летом, постоянно роет ямы, но отмылась хорошо. Главное для меня цена и наличие в больших бутылках.', 1, '2013-07-05 11:40:31'),
(100, 142, 'Алина', '', '', 'Москва', 589, 'Очень понравился шампунь для щенков. Недавно был помет, всех щенков перед тем как отдать мыла этим шампунем, хозяева были в восторге от запаха. После кондиционера шерсть отлично расчесывается. Хорошо распутывает шерсть спрей. Если собаку долго не чесали, то с помощью антиколтуна можно распутать очень сложные кольуны.', 1, '2013-08-24 15:07:31'),
(179, 143, 'Юлия', 'candy8383@mail.ru', '', 'Екатеринбург', 266, 'Добрый день! У нас черно-белый хаски))\r\nИспользовали косметику впервые, остались очень довольны результатом!!!\r\nБлагодарим производителя за продукты  замечательного качества!!!!\r\nГотовили "ребенка" к выставке: 1 час мыли, потом 2 часа сушили....и.......Результат: ЛПП!!!!!!\r\nСпасибо!!!!', 1, '2013-09-30 19:03:34'),
(490, 2, 'Николай', 'No-star@yandex.ru', '79806554658', 'Москва', 589, 'Очень качественные косметические средства', 1, '2014-01-09 18:55:14'),
(528, 164, 'Настя', 'stasya.79@bk.ru', '', 'Москва', 589, 'Здравствуйте!Очень нравится косметика Isle of dogs, шерсть моего песика стала просто шикарной - приятная на вид и на ощупь, хорошо пахнет и блестит. Покупала и галлоны и меньшие объемы  в интернет-магазине Наши зверушки, оочень удобно было. Устраивало то, что косметику могли привезти допоздна, в удобное ДЛЯ МЕНЯ время! Заказывала несколько раз с экспресс-доставкой себе и своим друзьям, которые вечером накануне выставки обнаружили отсутствие косметики, ситуация была бы критической, НО, им удалось получить все необходимое тем же вечером и на выставке они в итоге получили отл.,ЛК, ЛПП и многое другое. Некоторое время назад обнаружила у них отсутствие данной косметики и на вашем сайте их тоже нет. Для меня это КАТАСТРОФА!', 1, '2014-03-05 21:33:12'),
(640, 127, 'Вера', '', '', 'Москва', 589, 'Очень понравилась косметика!', 1, '2014-05-16 18:43:41'),
(641, NULL, 'Оксана', 'grumingdog@mail.ru', '+994554560269', 'Баку, Азербайджан', 0, 'Косметика действительно профессиональная и очень высокого качества. \r\nСпециально приезжаю в Москву для её приобретения. Использую в своей груминг студии на различных породах. Отлично удаляет запах и загрязнения. Придает шерсти эластичность и блеск. Шерсть хорошо держит форму. После её использования очень легко стричь.', 1, '2014-07-14 16:15:33')
ON DUPLICATE KEY UPDATE
  `breed` = VALUES(breed),
  `name` = VALUES(name),
  `email` = VALUES(email),
  `phone` = VALUES(phone),
  `city_entered` = VALUES(city_entered),
  `region_city_id` = VALUES(region_city_id),
  `review` = VALUES(review),
  `active` = VALUES(active);

INSERT INTO `review_product` (`review_id`, `product_id`) VALUES
(3, 1),
(3, 10),
(3, 13),
(4, 1),
(4, 10),
(4, 13),
(5, 6),
(5, 9),
(5, 21),
(6, 4),
(6, 6),
(6, 10),
(7, 6),
(7, 9),
(8, 6),
(8, 9),
(8, 14),
(8, 21),
(9, 3),
(9, 6),
(9, 9),
(9, 14),
(9, 21),
(11, 6),
(11, 9),
(12, 2),
(12, 10),
(12, 13),
(13, 1),
(13, 10),
(13, 12),
(14, 2),
(14, 10),
(15, 3),
(15, 5),
(15, 6),
(16, 2),
(16, 10),
(17, 2),
(17, 11),
(19, 1),
(19, 10),
(19, 13),
(20, 6),
(20, 9),
(20, 12),
(21, 24),
(21, 28),
(22, 1),
(22, 10),
(23, 6),
(23, 9),
(24, 1),
(24, 6),
(24, 9),
(24, 10),
(24, 12),
(24, 13),
(25, 1),
(25, 10),
(25, 13),
(26, 3),
(26, 9),
(27, 1),
(27, 10),
(27, 16),
(28, 2),
(28, 8),
(28, 10),
(28, 11),
(29, 1),
(29, 10),
(30, 24),
(30, 28),
(31, 2),
(31, 10),
(33, 3),
(33, 6),
(33, 9),
(33, 14),
(33, 20),
(34, 3),
(34, 6),
(34, 9),
(34, 21),
(35, 35),
(35, 37),
(36, 3),
(36, 4),
(37, 1),
(37, 10),
(37, 22),
(38, 6),
(38, 10),
(39, 6),
(39, 9),
(39, 21),
(40, 7),
(40, 10),
(43, 3),
(45, 10),
(46, 1),
(46, 10),
(47, 6),
(47, 9),
(48, 9),
(48, 12),
(48, 19),
(49, 6),
(49, 9),
(50, 1),
(50, 10),
(50, 13),
(51, 7),
(51, 14),
(51, 21),
(52, 2),
(52, 11),
(52, 16),
(53, 1),
(53, 2),
(53, 8),
(55, 2),
(55, 10),
(56, 4),
(56, 6),
(56, 9),
(56, 14),
(56, 21),
(57, 3),
(57, 4),
(57, 5),
(58, 1),
(58, 6),
(58, 9),
(59, 2),
(59, 10),
(59, 12),
(60, 16),
(61, 1),
(61, 11),
(62, 3),
(62, 6),
(62, 9),
(63, 1),
(63, 10),
(63, 16),
(68, 3),
(68, 7),
(70, 6),
(71, 1),
(71, 10),
(71, 12),
(71, 16),
(73, 3),
(73, 6),
(73, 7),
(73, 9),
(74, 6),
(74, 9),
(74, 14),
(74, 21),
(75, 6),
(75, 9),
(78, 6),
(79, 24),
(79, 25),
(79, 26),
(79, 27),
(79, 28),
(79, 29),
(79, 30),
(81, 7),
(82, 35),
(82, 37),
(82, 39),
(84, 4),
(86, 2),
(86, 10),
(87, 8),
(87, 11),
(89, 1),
(89, 10),
(89, 13),
(90, 3),
(90, 6),
(90, 9),
(91, 4),
(91, 6),
(91, 7),
(92, 2),
(92, 10),
(92, 13),
(93, 3),
(93, 6),
(93, 9),
(93, 14),
(93, 21),
(94, 564),
(95, 2),
(95, 7),
(95, 9),
(96, 34),
(96, 36),
(96, 38),
(97, 3),
(97, 10),
(97, 12),
(98, 559),
(98, 560),
(98, 561),
(100, 13),
(100, 563),
(100, 564),
(179, 5),
(179, 6),
(179, 9),
(179, 14),
(179, 19),
(179, 20),
(179, 21),
(490, 1),
(490, 19),
(490, 20),
(490, 23),
(490, 37),
(490, 39),
(490, 562),
(490, 565),
(490, 566),
(528, 6),
(528, 10),
(528, 11),
(528, 22),
(528, 40),
(640, 5),
(640, 6),
(640, 9),
(641, 3),
(641, 7),
(641, 9),
(641, 10),
(641, 13),
(641, 22),
(641, 23),
(641, 24),
(641, 25),
(641, 26),
(641, 27),
(641, 28),
(641, 40)
  ON DUPLICATE KEY UPDATE
  `review_id` = VALUES(review_id),
  `product_id` = VALUES(product_id);