INSERT INTO `areas` (`id`, `areaName`, `capitalId`, `capitalName`) VALUES
(1, 'Республика Хакасия', 0, NULL),
(2, 'Оренбургская область', 700, 'Оренбург'),
(3, 'Краснодарский край', 0, NULL),
(4, 'Республика Башкортостан', 0, NULL),
(5, 'Республика Татарстан', 0, NULL),
(6, 'Республика Адыгея', 0, NULL),
(7, 'Тульская область', 958, 'Тула'),
(8, 'Ростовская область', 0, NULL),
(9, 'Республика Тыва', 0, NULL),
(10, 'Ярославская область', 1092, 'Ярославль'),
(11, 'Орловская область', 699, 'Орёл'),
(12, 'Московская область', 589, 'Москва'),
(13, 'Ленинградская область', 810, 'Санкт-Петербург'),
(14, 'Тверская область', 931, 'Тверь'),
(15, 'Кировская область', 398, 'Киров'),
(16, 'Вологодская область', 167, 'Вологда'),
(17, 'Магаданская область', 535, 'Магадан'),
(18, 'Самарская область', 809, 'Самара'),
(19, 'Кемеровская область', 383, 'Кемерово'),
(20, 'Костромская область', 442, 'Кострома'),
(21, 'Свердловская область', 0, NULL),
(22, 'Ивановская область', 321, 'Иваново'),
(23, 'Мурманская область', 593, 'Мурманск'),
(24, 'Томская область', 946, 'Томск'),
(25, 'Брянская область', 125, 'Брянск'),
(26, 'Калужская область', 349, 'Калуга'),
(27, 'Владимирская область', 161, 'Владимир'),
(28, 'Иркутская область', 334, 'Иркутск'),
(29, 'Архангельская область', 45, 'Архангельск'),
(30, 'Сахалинская область', 0, NULL),
(31, 'Приморский край', 0, NULL),
(32, 'Алтайский край', 0, NULL),
(33, 'Белгородская область', 76, 'Белгород'),
(34, 'Нижегородская область', 632, 'Нижний Новгород'),
(35, 'Новгородская область', 0, NULL),
(36, 'Калининградская область', 346, 'Калининград'),
(37, 'Новосибирская область', 657, 'Новосибирск'),
(38, 'Смоленская область', 857, 'Смоленск'),
(39, 'Тюменская область', 966, 'Тюмень'),
(40, 'Красноярский край', 0, NULL),
(41, 'Саратовская область', 813, 'Саратов'),
(42, 'Волгоградская область', 162, 'Волгоград'),
(43, 'Рязанская область', 804, 'Рязань'),
(44, 'Челябинская область', 1026, 'Челябинск'),
(45, 'Омская область', 695, 'Омск'),
(46, 'Астраханская область', 48, 'Астрахань'),
(47, 'Республика Бурятия', 0, NULL),
(48, 'Пензенская область', 721, 'Пенза'),
(49, 'Забайкальский край', 0, NULL),
(50, 'Кабардино-Балкарская Республика', 0, NULL),
(51, 'Псковская область', 770, 'Псков'),
(52, 'Воронежская область', 175, 'Воронеж'),
(53, 'Амурская область', 0, NULL),
(54, 'Тамбовская область', 925, 'Тамбов'),
(55, 'Ульяновская область', 975, 'Ульяновск'),
(56, 'Курская область', 0, NULL),
(57, 'Ставропольский край', 0, NULL),
(58, 'Пермский край', 727, 'Пермь'),
(59, 'Курганская область', 483, 'Курган'),
(60, 'Липецкая область', 515, 'Липецк'),
(61, 'Республика Карелия', 0, NULL),
(62, 'Республика Дагестан', 0, NULL),
(63, 'Республика Коми', 0, NULL),
(64, 'Республика Мордовия', 0, NULL),
(65, 'Республика Саха (Якутия)', 0, NULL),
(66, 'Чувашская Республика-Чувашия', 0, NULL),
(67, 'Хабаровский край', 0, NULL),
(68, 'Ханты-Мансийский автономный округ - Югра', 0, NULL),
(69, 'Чукотский автономный округ', 0, NULL),
(70, 'Республика Северная Осетия - Алания', 0, NULL),
(71, 'Чеченская Республика', 0, NULL),
(72, 'Еврейская автономная область', 0, NULL),
(73, 'Карачаево-Черкесская Республика', 0, NULL),
(74, 'Камчатский край', 0, NULL),
(75, 'Республика Марий Эл', 0, NULL),
(76, 'Удмуртская Республика', 0, NULL),
(77, 'Республика Калмыкия', 0, NULL),
(78, 'Республика Ингушетия', 0, NULL),
(79, 'Республика Алтай', 0, NULL),
(80, 'Ямало-Ненецкий автономный округ', 0, NULL),
(81, 'Ненецкий автономный округ', 0, NULL),
(82, 'Крупные города столицы', 0, NULL)
ON DUPLICATE KEY UPDATE
  `areaName` = VALUES(areaName),
  `capitalId` = VALUES(capitalId),
  `capitalName` = VALUES(capitalName);

INSERT INTO `breedProducts` (`id`, `breedId`, `productId`, `description`, `lineType`) VALUES
(1, 1, 7, NULL, 0),
(2, 1, 12, NULL, 0),
(3, 1, 14, NULL, 0),
(4, 1, 15, NULL, 0),
(5, 1, 20, NULL, 0),
(6, 1, 21, NULL, 0),
(7, 1, 23, NULL, 0),
(8, 2, 1, NULL, 0),
(9, 2, 2, NULL, 0),
(10, 2, 10, NULL, 0),
(11, 2, 12, NULL, 0),
(12, 2, 13, NULL, 0),
(13, 2, 18, NULL, 0),
(14, 2, 19, NULL, 0),
(15, 2, 22, NULL, 0),
(16, 3, 7, NULL, 0),
(17, 3, 12, NULL, 0),
(18, 3, 14, NULL, 0),
(19, 3, 15, NULL, 0),
(20, 3, 20, NULL, 0),
(21, 3, 21, NULL, 0),
(22, 3, 23, NULL, 0),
(23, 4, 6, NULL, 0),
(24, 4, 9, NULL, 0),
(25, 4, 12, NULL, 0),
(26, 4, 14, NULL, 0),
(27, 4, 20, NULL, 0),
(28, 4, 21, NULL, 0),
(29, 4, 22, NULL, 0),
(30, 5, 6, NULL, 0),
(31, 5, 9, NULL, 0),
(32, 5, 12, NULL, 0),
(33, 5, 14, NULL, 0),
(34, 5, 21, NULL, 0),
(35, 5, 20, NULL, 0),
(36, 5, 22, NULL, 0),
(37, 6, 3, NULL, 0),
(38, 6, 10, NULL, 0),
(39, 6, 19, NULL, 0),
(40, 6, 14, NULL, 0),
(41, 6, 21, NULL, 0),
(42, 6, 20, NULL, 0),
(43, 6, 15, NULL, 0),
(44, 6, 23, NULL, 0),
(45, 7, 1, NULL, 0),
(46, 7, 3, NULL, 0),
(47, 7, 5, NULL, 0),
(48, 7, 10, NULL, 0),
(49, 7, 12, NULL, 0),
(50, 7, 18, NULL, 0),
(51, 7, 23, NULL, 0),
(52, 8, 1, NULL, 0),
(53, 8, 10, NULL, 0),
(54, 8, 12, NULL, 0),
(55, 8, 18, NULL, 0),
(56, 8, 19, NULL, 0),
(57, 8, 23, NULL, 0),
(58, 9, 6, NULL, 0),
(59, 9, 9, NULL, 0),
(60, 9, 12, NULL, 0),
(61, 9, 17, NULL, 0),
(62, 9, 19, NULL, 0),
(63, 9, 22, NULL, 0),
(64, 10, 6, NULL, 0),
(65, 10, 9, NULL, 0),
(66, 10, 12, NULL, 0),
(67, 10, 21, NULL, 0),
(68, 10, 14, NULL, 0),
(69, 10, 20, NULL, 0),
(70, 10, 22, NULL, 0),
(71, 11, 6, NULL, 0),
(72, 11, 9, NULL, 0),
(73, 11, 12, NULL, 0),
(74, 11, 21, NULL, 0),
(75, 11, 14, NULL, 0),
(76, 11, 20, NULL, 0),
(77, 11, 23, NULL, 0),
(78, 12, 6, NULL, 0),
(79, 12, 9, NULL, 0),
(80, 12, 12, NULL, 0),
(81, 12, 14, NULL, 0),
(82, 12, 19, NULL, 0),
(83, 12, 20, NULL, 0),
(84, 12, 21, NULL, 0),
(85, 12, 22, NULL, 0),
(86, 13, 7, NULL, 0),
(87, 13, 12, NULL, 0),
(88, 13, 14, NULL, 0),
(89, 13, 20, NULL, 0),
(90, 13, 21, NULL, 0),
(91, 13, 15, NULL, 0),
(92, 13, 23, NULL, 0),
(93, 14, 1, NULL, 0),
(94, 14, 10, NULL, 0),
(95, 14, 12, NULL, 0),
(96, 14, 18, 'shine', 0),
(97, 14, 23, NULL, 0),
(98, 15, 1, NULL, 0),
(99, 15, 10, NULL, 0),
(100, 15, 12, NULL, 0),
(101, 15, 18, 'shine', 0),
(102, 15, 23, NULL, 0),
(103, 16, 1, NULL, 0),
(104, 16, 9, NULL, 0),
(105, 16, 12, NULL, 0),
(106, 16, 18, 'shine', 0),
(107, 16, 23, NULL, 0),
(108, 17, 1, 'Good Texture', 0),
(109, 17, 6, 'Body', 0),
(110, 17, 7, 'Softer Coats', 0),
(111, 17, 10, NULL, 0),
(112, 17, 12, NULL, 0),
(113, 17, 13, NULL, 0),
(114, 17, 19, NULL, 0),
(115, 17, 20, NULL, 0),
(116, 17, 0, NULL, 0),
(117, 17, 22, NULL, 0),
(118, 18, 6, NULL, 0),
(119, 18, 9, NULL, 0),
(120, 18, 12, NULL, 0),
(121, 18, 14, NULL, 0),
(122, 18, 19, NULL, 0),
(123, 18, 20, NULL, 0),
(124, 18, 22, NULL, 0),
(125, 19, 6, NULL, 0),
(126, 19, 9, NULL, 0),
(127, 19, 12, NULL, 0),
(128, 19, 21, NULL, 0),
(129, 19, 19, NULL, 0),
(130, 19, 14, NULL, 0),
(131, 19, 22, NULL, 0),
(132, 20, 7, NULL, 0),
(133, 20, 9, NULL, 0),
(134, 20, 12, NULL, 0),
(135, 20, 14, NULL, 0),
(136, 20, 21, NULL, 0),
(137, 20, 20, NULL, 0),
(138, 20, 22, NULL, 0),
(139, 21, 6, NULL, 0),
(140, 21, 9, NULL, 0),
(141, 21, 12, NULL, 0),
(142, 21, 14, NULL, 0),
(143, 21, 21, NULL, 0),
(144, 21, 20, NULL, 0),
(145, 21, 15, NULL, 0),
(146, 21, 19, NULL, 0),
(147, 21, 22, NULL, 0),
(148, 22, 6, NULL, 0),
(149, 22, 9, NULL, 0),
(150, 22, 12, NULL, 0),
(151, 22, 14, NULL, 0),
(152, 22, 21, NULL, 0),
(153, 22, 20, NULL, 0),
(154, 22, 15, NULL, 0),
(155, 22, 19, NULL, 0),
(156, 22, 22, NULL, 0),
(157, 23, 6, NULL, 0),
(158, 23, 9, NULL, 0),
(159, 23, 12, NULL, 0),
(160, 23, 14, NULL, 0),
(161, 23, 21, NULL, 0),
(162, 23, 20, NULL, 0),
(163, 23, 18, NULL, 0),
(164, 23, 19, NULL, 0),
(165, 23, 20, NULL, 0),
(166, 23, 22, NULL, 0),
(167, 24, 6, NULL, 0),
(168, 24, 7, 'Softer Coats', 0),
(169, 24, 9, NULL, 0),
(170, 24, 12, NULL, 0),
(171, 24, 14, NULL, 0),
(172, 24, 21, NULL, 0),
(173, 24, 20, NULL, 0),
(174, 24, 22, NULL, 0),
(175, 25, 5, NULL, 0),
(176, 25, 10, NULL, 0),
(177, 25, 12, NULL, 0),
(178, 25, 18, NULL, 0),
(179, 25, 23, NULL, 0),
(180, 26, 6, NULL, 0),
(181, 26, 9, NULL, 0),
(182, 26, 12, NULL, 0),
(183, 26, 14, NULL, 0),
(184, 26, 21, NULL, 0),
(185, 26, 20, NULL, 0),
(186, 26, 19, NULL, 0),
(187, 26, 22, NULL, 0),
(188, 27, 4, NULL, 0),
(189, 27, 9, NULL, 0),
(190, 27, 12, NULL, 0),
(191, 27, 18, NULL, 0),
(192, 27, 23, NULL, 0),
(193, 28, 6, NULL, 0),
(194, 28, 9, NULL, 0),
(195, 28, 12, NULL, 0),
(196, 28, 14, NULL, 0),
(197, 28, 21, NULL, 0),
(198, 28, 20, NULL, 0),
(199, 28, 19, NULL, 0),
(200, 28, 22, NULL, 0),
(201, 29, 7, NULL, 0),
(202, 29, 12, NULL, 0),
(203, 29, 14, NULL, 0),
(204, 29, 21, NULL, 0),
(205, 29, 20, NULL, 0),
(206, 29, 15, NULL, 0),
(207, 29, 22, NULL, 0),
(208, 30, 6, NULL, 0),
(209, 30, 10, NULL, 0),
(210, 30, 12, NULL, 0),
(211, 30, 14, NULL, 0),
(212, 30, 21, NULL, 0),
(213, 30, 18, NULL, 0),
(214, 30, 19, NULL, 0),
(215, 30, 17, NULL, 0),
(216, 30, 22, NULL, 0),
(217, 31, 1, NULL, 0),
(218, 31, 10, NULL, 0),
(219, 31, 12, NULL, 0),
(220, 31, 18, 'shine', 0),
(221, 31, 23, NULL, 0),
(222, 32, 6, NULL, 0),
(223, 32, 9, NULL, 0),
(224, 32, 12, NULL, 0),
(225, 32, 14, NULL, 0),
(226, 32, 21, NULL, 0),
(227, 32, 20, NULL, 0),
(228, 32, 19, NULL, 0),
(229, 32, 17, NULL, 0),
(230, 32, 22, NULL, 0),
(231, 33, 1, NULL, 0),
(232, 33, 9, NULL, 0),
(233, 33, 12, NULL, 0),
(234, 33, 20, 'Isle Shine', 0),
(235, 33, 23, NULL, 0),
(236, 34, 1, NULL, 0),
(237, 34, 10, NULL, 0),
(238, 34, 12, NULL, 0),
(239, 34, 13, NULL, 0),
(240, 34, 14, NULL, 0),
(241, 34, 21, NULL, 0),
(242, 34, 20, NULL, 0),
(243, 34, 19, NULL, 0),
(244, 34, 22, NULL, 0),
(245, 35, 6, NULL, 0),
(246, 35, 10, NULL, 0),
(247, 35, 12, NULL, 0),
(248, 35, 14, NULL, 0),
(249, 35, 21, NULL, 0),
(250, 35, 17, 'Isle Restore', 0),
(251, 35, 18, NULL, 0),
(252, 35, 19, NULL, 0),
(253, 35, 22, NULL, 0),
(254, 36, 1, NULL, 0),
(255, 36, 9, NULL, 0),
(256, 36, 12, NULL, 0),
(257, 36, 18, NULL, 0),
(258, 36, 23, NULL, 0),
(259, 37, 7, NULL, 0),
(260, 37, 12, NULL, 0),
(261, 37, 14, NULL, 0),
(262, 37, 21, NULL, 0),
(263, 37, 20, NULL, 0),
(264, 37, 15, NULL, 0),
(265, 37, 22, NULL, 0),
(266, 38, 1, NULL, 0),
(267, 38, 10, NULL, 0),
(268, 38, 12, NULL, 0),
(269, 38, 23, NULL, 0),
(270, 39, 1, NULL, 0),
(271, 39, 10, NULL, 0),
(272, 39, 12, NULL, 0),
(273, 39, 23, NULL, 0),
(274, 40, 1, NULL, 0),
(275, 40, 10, NULL, 0),
(276, 40, 12, NULL, 0),
(277, 40, 23, NULL, 0),
(278, 41, 3, NULL, 0),
(279, 41, 10, NULL, 0),
(280, 41, 12, NULL, 0),
(281, 41, 23, NULL, 0),
(282, 42, 7, NULL, 0),
(283, 42, 12, NULL, 0),
(284, 42, 14, NULL, 0),
(285, 42, 21, NULL, 0),
(286, 42, 20, NULL, 0),
(287, 42, 19, NULL, 0),
(288, 42, 15, NULL, 0),
(289, 42, 22, NULL, 0),
(290, 43, 1, NULL, 0),
(291, 43, 9, NULL, 0),
(292, 43, 12, NULL, 0),
(293, 43, 19, NULL, 0),
(294, 43, 21, NULL, 0),
(295, 43, 23, NULL, 0),
(296, 44, 6, NULL, 0),
(297, 44, 9, NULL, 0),
(298, 44, 12, NULL, 0),
(299, 44, 14, NULL, 0),
(300, 44, 21, NULL, 0),
(301, 44, 20, NULL, 0),
(302, 44, 18, NULL, 0),
(303, 44, 19, NULL, 0),
(304, 44, 22, NULL, 0),
(305, 45, 1, NULL, 0),
(306, 45, 10, NULL, 0),
(307, 45, 12, NULL, 0),
(308, 45, 16, NULL, 0),
(309, 45, 21, NULL, 0),
(310, 45, 20, NULL, 0),
(311, 45, 17, NULL, 0),
(312, 45, 18, NULL, 0),
(313, 45, 23, NULL, 0),
(314, 46, 7, NULL, 0),
(315, 46, 12, NULL, 0),
(316, 46, 21, NULL, 0),
(317, 46, 20, NULL, 0),
(318, 46, 14, NULL, 0),
(319, 46, 23, NULL, 0),
(320, 47, 6, NULL, 0),
(321, 47, 9, NULL, 0),
(322, 47, 12, NULL, 0),
(323, 47, 21, NULL, 0),
(324, 47, 20, NULL, 0),
(325, 47, 18, NULL, 0),
(326, 47, 17, NULL, 0),
(327, 47, 18, NULL, 0),
(328, 47, 16, NULL, 0),
(329, 47, 23, NULL, 0),
(330, 48, 1, NULL, 0),
(331, 48, 9, NULL, 0),
(332, 48, 12, NULL, 0),
(333, 48, 18, NULL, 0),
(334, 48, 17, NULL, 0),
(335, 48, 23, NULL, 0),
(336, 49, 1, NULL, 0),
(337, 49, 6, 'feet\\crest', 0),
(338, 49, 10, NULL, 0),
(339, 49, 12, NULL, 0),
(340, 49, 21, NULL, 0),
(341, 49, 14, NULL, 0),
(342, 49, 19, NULL, 0),
(343, 49, 22, NULL, 0),
(344, 50, 1, NULL, 0),
(345, 50, 10, NULL, 0),
(346, 50, 13, NULL, 0),
(347, 50, 16, 'Isle restore', 0),
(348, 50, 19, NULL, 0),
(349, 50, 14, NULL, 0),
(350, 50, 21, NULL, 0),
(351, 50, 17, NULL, 0),
(352, 50, 23, NULL, 0),
(353, 51, 6, NULL, 0),
(354, 51, 9, NULL, 0),
(355, 51, 12, NULL, 0),
(356, 51, 21, NULL, 0),
(357, 51, 14, NULL, 0),
(358, 51, 23, NULL, 0),
(359, 52, 6, NULL, 0),
(360, 52, 9, NULL, 0),
(361, 52, 12, NULL, 0),
(362, 52, 14, NULL, 0),
(363, 52, 21, NULL, 0),
(364, 52, 20, NULL, 0),
(365, 52, 22, NULL, 0),
(366, 53, 3, NULL, 0),
(367, 53, 10, NULL, 0),
(368, 53, 12, NULL, 0),
(369, 53, 19, NULL, 0),
(370, 53, 16, 'restore', 0),
(371, 53, 18, NULL, 0),
(372, 53, 21, NULL, 0),
(373, 53, 22, NULL, 0),
(374, 54, 1, NULL, 0),
(375, 54, 10, NULL, 0),
(376, 54, 12, NULL, 0),
(377, 54, 18, NULL, 0),
(378, 54, 16, 'restore', 0),
(379, 54, 19, NULL, 0),
(380, 54, 17, NULL, 0),
(381, 54, 21, NULL, 0),
(382, 54, 14, NULL, 0),
(383, 54, 23, NULL, 0),
(384, 55, 6, NULL, 0),
(385, 55, 9, NULL, 0),
(386, 55, 12, NULL, 0),
(387, 55, 14, NULL, 0),
(388, 55, 21, NULL, 0),
(389, 55, 20, NULL, 0),
(390, 55, 15, NULL, 0),
(391, 55, 7, 'add texture', 0),
(392, 55, 22, NULL, 0),
(393, 56, 6, NULL, 0),
(394, 56, 9, NULL, 0),
(395, 56, 12, NULL, 0),
(396, 56, 14, NULL, 0),
(397, 56, 21, NULL, 0),
(398, 56, 20, NULL, 0),
(399, 56, 15, NULL, 0),
(400, 56, 23, NULL, 0),
(401, 57, 6, NULL, 0),
(402, 57, 9, NULL, 0),
(403, 57, 12, NULL, 0),
(404, 57, 21, NULL, 0),
(405, 57, 14, NULL, 0),
(406, 57, 20, NULL, 0),
(407, 57, 19, NULL, 0),
(408, 57, 22, NULL, 0),
(409, 58, 3, NULL, 0),
(410, 58, 10, NULL, 0),
(411, 58, 13, NULL, 0),
(412, 58, 19, NULL, 0),
(413, 58, 14, NULL, 0),
(414, 58, 16, 'restore', 0),
(415, 58, 17, NULL, 0),
(416, 58, 23, NULL, 0),
(417, 59, 6, NULL, 0),
(418, 59, 9, NULL, 0),
(419, 59, 12, NULL, 0),
(420, 59, 20, NULL, 0),
(421, 59, 17, NULL, 0),
(422, 59, 19, NULL, 0),
(423, 59, 22, NULL, 0),
(424, 60, 1, NULL, 0),
(425, 60, 10, NULL, 0),
(426, 60, 12, NULL, 0),
(427, 60, 19, NULL, 0),
(428, 60, 14, NULL, 0),
(429, 60, 16, 'restore', 0),
(430, 60, 17, NULL, 0),
(431, 60, 18, NULL, 0),
(432, 60, 22, NULL, 0),
(433, 61, 1, NULL, 0),
(434, 61, 9, NULL, 0),
(435, 61, 12, NULL, 0),
(436, 61, 19, NULL, 0),
(437, 61, 18, 'shine', 0),
(438, 61, 23, NULL, 0),
(439, 62, 7, NULL, 0),
(440, 62, 12, NULL, 0),
(441, 62, 15, NULL, 0),
(442, 62, 14, NULL, 0),
(443, 62, 20, NULL, 0),
(444, 62, 21, NULL, 0),
(445, 62, 23, NULL, 0),
(446, 63, 1, NULL, 0),
(447, 63, 10, NULL, 0),
(448, 63, 12, NULL, 0),
(449, 63, 17, NULL, 0),
(450, 63, 18, NULL, 0),
(451, 63, 23, NULL, 0),
(452, 64, 7, NULL, 0),
(453, 64, 12, NULL, 0),
(454, 64, 15, NULL, 0),
(455, 64, 14, NULL, 0),
(456, 64, 20, NULL, 0),
(457, 64, 21, NULL, 0),
(458, 64, 23, NULL, 0),
(459, 65, 1, NULL, 0),
(460, 65, 10, NULL, 0),
(461, 65, 12, NULL, 0),
(462, 65, 18, 'shine', 0),
(463, 65, 19, NULL, 0),
(464, 65, 23, NULL, 0),
(465, 66, 1, NULL, 0),
(466, 66, 10, NULL, 0),
(467, 66, 12, NULL, 0),
(468, 66, 18, NULL, 0),
(469, 66, 17, NULL, 0),
(470, 66, 21, NULL, 0),
(471, 66, 16, 'restore', 0),
(472, 66, 19, NULL, 0),
(473, 66, 22, NULL, 0),
(474, 67, 1, NULL, 0),
(475, 67, 10, NULL, 0),
(476, 67, 12, NULL, 0),
(477, 67, 18, 'shine', 0),
(478, 67, 19, NULL, 0),
(479, 67, 23, NULL, 0),
(480, 68, 1, NULL, 0),
(481, 68, 10, NULL, 0),
(482, 68, 12, NULL, 0),
(483, 68, 18, NULL, 0),
(484, 68, 17, NULL, 0),
(485, 68, 21, NULL, 0),
(486, 68, 16, 'isle restore', 0),
(487, 68, 19, NULL, 0),
(488, 68, 22, NULL, 0),
(489, 69, 1, NULL, 0),
(490, 69, 10, NULL, 0),
(491, 69, 12, NULL, 0),
(492, 69, 18, NULL, 0),
(493, 69, 17, NULL, 0),
(494, 69, 21, NULL, 0),
(495, 69, 16, 'isle restore', 0),
(496, 69, 19, NULL, 0),
(497, 69, 22, NULL, 0),
(498, 70, 1, NULL, 0),
(499, 70, 10, NULL, 0),
(500, 70, 12, NULL, 0),
(501, 70, 19, NULL, 0),
(502, 70, 17, NULL, 0),
(503, 70, 21, NULL, 0),
(504, 70, 16, 'Isle Restore', 0),
(505, 70, 19, NULL, 0),
(506, 70, 22, NULL, 0),
(507, 71, 1, NULL, 0),
(508, 71, 10, NULL, 0),
(509, 71, 12, NULL, 0),
(510, 71, 18, NULL, 0),
(511, 71, 17, NULL, 0),
(512, 71, 21, NULL, 0),
(513, 71, 16, 'Isle Restore', 0),
(514, 71, 19, NULL, 0),
(515, 71, 22, NULL, 0),
(516, 72, 6, NULL, 0),
(517, 72, 9, NULL, 0),
(518, 72, 12, NULL, 0),
(519, 72, 15, NULL, 0),
(520, 72, 14, NULL, 0),
(521, 72, 20, NULL, 0),
(522, 72, 21, NULL, 0),
(523, 72, 22, NULL, 0),
(524, 73, 1, NULL, 0),
(525, 73, 10, NULL, 0),
(526, 73, 12, NULL, 0),
(527, 73, 18, NULL, 0),
(528, 73, 21, NULL, 0),
(529, 73, 16, 'Isle Restore', 0),
(530, 73, 17, NULL, 0),
(531, 73, 19, NULL, 0),
(532, 73, 23, NULL, 0),
(533, 74, 1, NULL, 0),
(534, 74, 9, NULL, 0),
(535, 74, 12, NULL, 0),
(536, 74, 18, NULL, 0),
(537, 74, 17, NULL, 0),
(538, 74, 23, NULL, 0),
(539, 75, 6, NULL, 0),
(540, 75, 9, NULL, 0),
(541, 75, 12, NULL, 0),
(542, 75, 15, NULL, 0),
(543, 75, 14, NULL, 0),
(544, 75, 20, NULL, 0),
(545, 75, 21, NULL, 0),
(546, 75, 22, NULL, 0),
(547, 76, 1, NULL, 0),
(548, 76, 9, NULL, 0),
(549, 76, 12, NULL, 0),
(550, 76, 18, NULL, 0),
(551, 76, 23, NULL, 0),
(552, 77, 7, NULL, 0),
(553, 77, 12, NULL, 0),
(554, 77, 15, NULL, 0),
(555, 77, 14, NULL, 0),
(556, 77, 23, NULL, 0),
(557, 78, 7, NULL, 0),
(558, 78, 12, NULL, 0),
(559, 78, 14, NULL, 0),
(560, 78, 20, NULL, 0),
(561, 78, 21, NULL, 0),
(562, 78, 15, NULL, 0),
(563, 78, 23, NULL, 0),
(564, 79, 7, NULL, 0),
(565, 79, 12, NULL, 0),
(566, 79, 14, NULL, 0),
(567, 79, 20, NULL, 0),
(568, 79, 21, NULL, 0),
(569, 79, 15, NULL, 0),
(570, 79, 23, NULL, 0),
(571, 80, 4, NULL, 0),
(572, 80, 10, NULL, 0),
(573, 80, 12, NULL, 0),
(574, 80, 18, NULL, 0),
(575, 80, 17, NULL, 0),
(576, 80, 21, NULL, 0),
(577, 80, 16, 'Isle Restore', 0),
(578, 80, 19, NULL, 0),
(579, 80, 22, NULL, 0),
(580, 81, 5, NULL, 0),
(581, 81, 10, NULL, 0),
(582, 81, 12, NULL, 0),
(583, 81, 18, NULL, 0),
(584, 81, 17, NULL, 0),
(585, 81, 21, NULL, 0),
(586, 81, 16, 'Isle Restore', 0),
(587, 81, 19, NULL, 0),
(588, 81, 22, NULL, 0),
(589, 82, 1, NULL, 0),
(590, 82, 9, NULL, 0),
(591, 82, 12, NULL, 0),
(592, 82, 18, NULL, 0),
(593, 82, 17, NULL, 0),
(594, 82, 23, NULL, 0),
(595, 83, 6, NULL, 0),
(596, 83, 10, NULL, 0),
(597, 83, 12, NULL, 0),
(598, 83, 14, NULL, 0),
(599, 83, 21, NULL, 0),
(600, 83, 20, NULL, 0),
(601, 83, 15, NULL, 0),
(602, 83, 19, NULL, 0),
(603, 83, 22, NULL, 0),
(604, 84, 1, NULL, 0),
(605, 84, 9, NULL, 0),
(606, 84, 12, NULL, 0),
(607, 84, 18, NULL, 0),
(608, 84, 20, NULL, 0),
(609, 84, 23, NULL, 0),
(610, 85, 1, NULL, 0),
(611, 85, 9, NULL, 0),
(612, 85, 12, NULL, 0),
(613, 85, 18, NULL, 0),
(614, 85, 17, NULL, 0),
(615, 85, 23, NULL, 0),
(616, 86, 1, NULL, 0),
(617, 86, 9, NULL, 0),
(618, 86, 12, NULL, 0),
(619, 86, 23, NULL, 0),
(620, 87, 1, NULL, 0),
(621, 87, 10, NULL, 0),
(622, 87, 13, NULL, 0),
(623, 87, 18, NULL, 0),
(624, 87, 17, NULL, 0),
(625, 87, 21, NULL, 0),
(626, 87, 16, 'Isle Restore', 0),
(627, 87, 19, NULL, 0),
(628, 87, 22, NULL, 0),
(629, 88, 1, NULL, 0),
(630, 88, 9, NULL, 0),
(631, 88, 12, NULL, 0),
(632, 88, 23, NULL, 0),
(633, 89, 4, NULL, 0),
(634, 89, 10, NULL, 0),
(635, 89, 12, NULL, 0),
(636, 89, 18, NULL, 0),
(637, 89, 17, NULL, 0),
(638, 89, 21, NULL, 0),
(639, 89, 16, 'Isle Restore', 0),
(640, 89, 19, NULL, 0),
(641, 89, 22, NULL, 0),
(642, 90, 7, NULL, 0),
(643, 90, 12, NULL, 0),
(644, 90, 14, NULL, 0),
(645, 90, 20, NULL, 0),
(646, 90, 21, NULL, 0),
(647, 90, 15, NULL, 0),
(648, 90, 23, NULL, 0),
(649, 91, 6, NULL, 0),
(650, 91, 9, NULL, 0),
(651, 91, 12, NULL, 0),
(652, 91, 17, NULL, 0),
(653, 91, 19, NULL, 0),
(654, 91, 22, NULL, 0),
(655, 92, 7, NULL, 0),
(656, 92, 12, NULL, 0),
(657, 92, 14, NULL, 0),
(658, 92, 20, NULL, 0),
(659, 92, 21, NULL, 0),
(660, 92, 15, NULL, 0),
(661, 92, 23, NULL, 0),
(662, 93, 1, NULL, 0),
(663, 93, 9, NULL, 0),
(664, 93, 12, NULL, 0),
(665, 93, 23, NULL, 0),
(666, 94, 1, NULL, 0),
(667, 94, 10, NULL, 0),
(668, 94, 12, NULL, 0),
(669, 94, 16, NULL, 0),
(670, 94, 14, NULL, 0),
(671, 94, 23, NULL, 0),
(672, 95, 6, NULL, 0),
(673, 95, 10, NULL, 0),
(674, 95, 13, NULL, 0),
(675, 95, 14, NULL, 0),
(676, 95, 20, NULL, 0),
(677, 95, 21, NULL, 0),
(678, 95, 15, NULL, 0),
(679, 95, 22, NULL, 0),
(680, 96, 6, NULL, 0),
(681, 96, 9, NULL, 0),
(682, 96, 12, NULL, 0),
(683, 96, 14, NULL, 0),
(684, 96, 20, NULL, 0),
(685, 96, 21, NULL, 0),
(686, 96, 15, NULL, 0),
(687, 96, 22, NULL, 0),
(688, 97, 1, NULL, 0),
(689, 97, 9, NULL, 0),
(690, 97, 12, NULL, 0),
(691, 97, 22, NULL, 0),
(692, 98, 3, NULL, 0),
(693, 98, 6, NULL, 0),
(694, 98, 12, NULL, 0),
(695, 98, 14, NULL, 0),
(696, 98, 20, NULL, 0),
(697, 98, 21, NULL, 0),
(698, 98, 15, NULL, 0),
(699, 98, 22, NULL, 0),
(700, 99, 1, NULL, 0),
(701, 99, 9, NULL, 0),
(702, 99, 12, NULL, 0),
(703, 99, 18, NULL, 0),
(704, 99, 23, NULL, 0),
(705, 100, 7, NULL, 0),
(706, 100, 12, NULL, 0),
(707, 100, 14, NULL, 0),
(708, 100, 20, NULL, 0),
(709, 100, 21, NULL, 0),
(710, 100, 15, NULL, 0),
(711, 100, 23, NULL, 0),
(712, 101, 1, NULL, 0),
(713, 101, 10, NULL, 0),
(714, 101, 13, NULL, 0),
(715, 101, 18, NULL, 0),
(716, 101, 17, NULL, 0),
(717, 101, 21, NULL, 0),
(718, 101, 16, 'Isle Restore', 0),
(719, 101, 19, NULL, 0),
(720, 101, 22, NULL, 0),
(721, 102, 3, NULL, 0),
(722, 102, 10, NULL, 0),
(723, 102, 13, NULL, 0),
(724, 102, 18, NULL, 0),
(725, 102, 17, NULL, 0),
(726, 102, 21, NULL, 0),
(727, 102, 16, NULL, 0),
(728, 102, 18, NULL, 0),
(729, 102, 22, NULL, 0),
(730, 103, 1, NULL, 0),
(731, 103, 9, NULL, 0),
(732, 103, 12, NULL, 0),
(733, 103, 18, NULL, 0),
(734, 103, 23, NULL, 0),
(735, 104, 1, NULL, 0),
(736, 104, 9, NULL, 0),
(737, 104, 12, NULL, 0),
(738, 104, 18, NULL, 0),
(739, 104, 23, NULL, 0),
(740, 105, 1, NULL, 0),
(741, 105, 9, NULL, 0),
(742, 105, 12, NULL, 0),
(743, 105, 18, NULL, 0),
(744, 105, 23, NULL, 0),
(745, 106, 1, NULL, 0),
(746, 106, 9, NULL, 0),
(747, 106, 12, NULL, 0),
(748, 106, 18, NULL, 0),
(749, 106, 23, NULL, 0),
(750, 107, 7, NULL, 0),
(751, 107, 12, NULL, 0),
(752, 107, 14, NULL, 0),
(753, 107, 20, NULL, 0),
(754, 107, 21, NULL, 0),
(755, 107, 15, NULL, 0),
(756, 107, 19, NULL, 0),
(757, 107, 23, NULL, 0),
(758, 108, 1, NULL, 0),
(759, 108, 9, NULL, 0),
(760, 108, 12, NULL, 0),
(761, 108, 18, NULL, 0),
(762, 108, 21, NULL, 0),
(763, 108, 23, NULL, 0),
(764, 109, 1, NULL, 0),
(765, 109, 10, NULL, 0),
(766, 109, 12, NULL, 0),
(767, 109, 18, NULL, 0),
(768, 109, 17, NULL, 0),
(769, 109, 21, NULL, 0),
(770, 109, 16, NULL, 0),
(771, 109, 19, NULL, 0),
(772, 109, 23, NULL, 0),
(773, 110, 7, NULL, 0),
(774, 110, 12, NULL, 0),
(775, 110, 14, NULL, 0),
(776, 110, 20, NULL, 0),
(777, 110, 21, NULL, 0),
(778, 110, 15, NULL, 0),
(779, 110, 23, NULL, 0),
(780, 111, 6, NULL, 0),
(781, 111, 9, NULL, 0),
(782, 111, 12, NULL, 0),
(783, 111, 14, NULL, 0),
(784, 111, 20, NULL, 0),
(785, 111, 21, NULL, 0),
(786, 111, 15, NULL, 0),
(787, 111, 22, NULL, 0),
(788, 112, 7, NULL, 0),
(789, 112, 12, NULL, 0),
(790, 112, 14, NULL, 0),
(791, 112, 20, NULL, 0),
(792, 112, 21, NULL, 0),
(793, 112, 15, NULL, 0),
(794, 112, 23, NULL, 0),
(795, 113, 6, NULL, 0),
(796, 113, 10, NULL, 0),
(797, 113, 12, NULL, 0),
(798, 113, 21, NULL, 0),
(799, 113, 19, NULL, 0),
(800, 113, 23, NULL, 0),
(801, 114, 1, NULL, 0),
(802, 114, 10, NULL, 0),
(803, 114, 13, NULL, 0),
(804, 114, 14, NULL, 0),
(805, 114, 20, NULL, 0),
(806, 114, 21, NULL, 0),
(807, 114, 15, NULL, 0),
(808, 114, 18, NULL, 0),
(809, 114, 22, NULL, 0),
(810, 115, 7, NULL, 0),
(811, 115, 12, NULL, 0),
(812, 115, 14, NULL, 0),
(813, 115, 20, NULL, 0),
(814, 115, 21, NULL, 0),
(815, 115, 15, NULL, 0),
(816, 115, 23, NULL, 0),
(817, 116, 1, NULL, 0),
(818, 116, 10, NULL, 0),
(819, 116, 12, NULL, 0),
(820, 116, 18, NULL, 0),
(821, 116, 17, NULL, 0),
(822, 116, 21, NULL, 0),
(823, 116, 16, 'Isle Restore', 0),
(824, 116, 19, NULL, 0),
(825, 116, 23, NULL, 0),
(826, 117, 1, NULL, 0),
(827, 117, 9, NULL, 0),
(828, 117, 12, NULL, 0),
(829, 117, 14, NULL, 0),
(830, 117, 21, NULL, 0),
(831, 117, 20, NULL, 0),
(832, 117, 15, NULL, 0),
(833, 117, 23, NULL, 0),
(834, 118, 6, NULL, 0),
(835, 118, 9, NULL, 0),
(836, 118, 12, NULL, 0),
(837, 118, 14, NULL, 0),
(838, 118, 20, NULL, 0),
(839, 118, 21, NULL, 0),
(840, 118, 15, NULL, 0),
(841, 118, 22, NULL, 0),
(842, 119, 6, NULL, 0),
(843, 119, 9, NULL, 0),
(844, 119, 12, NULL, 0),
(845, 119, 14, NULL, 0),
(846, 119, 21, NULL, 0),
(847, 119, 20, NULL, 0),
(848, 119, 15, NULL, 0),
(849, 119, 22, NULL, 0),
(850, 120, 10, NULL, 0),
(851, 120, 12, NULL, 0),
(852, 120, 23, NULL, 0),
(853, 121, 4, NULL, 0),
(854, 121, 9, NULL, 0),
(855, 121, 12, NULL, 0),
(856, 121, 18, NULL, 0),
(857, 121, 23, NULL, 0),
(858, 122, 1, NULL, 0),
(859, 122, 9, NULL, 0),
(860, 122, 12, NULL, 0),
(861, 122, 19, NULL, 0),
(862, 122, 18, NULL, 0),
(863, 122, 20, NULL, 0),
(864, 122, 23, NULL, 0),
(865, 123, 1, NULL, 0),
(866, 123, 9, NULL, 0),
(867, 123, 12, NULL, 0),
(868, 123, 19, NULL, 0),
(869, 123, 18, NULL, 0),
(870, 123, 23, NULL, 0),
(871, 124, 1, NULL, 0),
(872, 124, 9, NULL, 0),
(873, 124, 12, NULL, 0),
(874, 124, 18, NULL, 0),
(875, 124, 20, NULL, 0),
(876, 124, 19, NULL, 0),
(877, 124, 23, NULL, 0),
(878, 125, 6, NULL, 0),
(879, 125, 9, NULL, 0),
(880, 125, 12, NULL, 0),
(881, 125, 19, NULL, 0),
(882, 125, 17, NULL, 0),
(883, 125, 21, NULL, 0),
(884, 125, 16, NULL, 0),
(885, 125, 14, NULL, 0),
(886, 125, 22, NULL, 0),
(887, 126, 6, NULL, 0),
(888, 126, 9, NULL, 0),
(889, 126, 12, NULL, 0),
(890, 126, 14, NULL, 0),
(891, 126, 20, NULL, 0),
(892, 126, 21, NULL, 0),
(893, 126, 15, NULL, 0),
(894, 126, 19, NULL, 0),
(895, 126, 22, NULL, 0),
(896, 127, 6, NULL, 0),
(897, 127, 9, NULL, 0),
(898, 127, 12, NULL, 0),
(899, 127, 14, NULL, 0),
(900, 127, 21, NULL, 0),
(901, 127, 20, NULL, 0),
(902, 127, 16, NULL, 0),
(903, 127, 19, NULL, 0),
(904, 127, 22, NULL, 0),
(905, 128, 6, NULL, 0),
(906, 128, 9, NULL, 0),
(907, 128, 12, NULL, 0),
(908, 128, 14, NULL, 0),
(909, 128, 20, NULL, 0),
(910, 128, 21, NULL, 0),
(911, 128, 19, NULL, 0),
(912, 128, 22, NULL, 0),
(913, 129, 1, NULL, 0),
(914, 129, 9, NULL, 0),
(915, 129, 12, NULL, 0),
(916, 129, 14, NULL, 0),
(917, 129, 20, NULL, 0),
(918, 129, 21, NULL, 0),
(919, 129, 19, NULL, 0),
(920, 129, 23, NULL, 0),
(921, 130, 1, NULL, 0),
(922, 130, 9, NULL, 0),
(923, 130, 12, NULL, 0),
(924, 130, 19, NULL, 0),
(925, 130, 14, NULL, 0),
(926, 130, 23, NULL, 0),
(927, 131, 1, NULL, 0),
(928, 131, 9, NULL, 0),
(929, 131, 12, NULL, 0),
(930, 131, 18, NULL, 0),
(931, 131, 23, NULL, 0),
(932, 132, 5, NULL, 0),
(933, 132, 9, NULL, 0),
(934, 132, 12, NULL, 0),
(935, 132, 21, NULL, 0),
(936, 132, 14, NULL, 0),
(937, 132, 23, NULL, 0),
(938, 133, 1, NULL, 0),
(939, 133, 10, NULL, 0),
(940, 133, 12, NULL, 0),
(941, 133, 14, NULL, 0),
(942, 133, 21, NULL, 0),
(943, 133, 20, NULL, 0),
(944, 133, 15, NULL, 0),
(945, 133, 19, NULL, 0),
(946, 133, 23, NULL, 0),
(947, 134, 1, NULL, 0),
(948, 134, 10, NULL, 0),
(949, 134, 12, NULL, 0),
(950, 134, 17, NULL, 0),
(951, 134, 19, NULL, 0),
(952, 134, 23, NULL, 0),
(953, 135, 3, NULL, 0),
(954, 135, 10, NULL, 0),
(955, 135, 12, NULL, 0),
(956, 135, 14, NULL, 0),
(957, 135, 20, NULL, 0),
(958, 135, 21, NULL, 0),
(959, 135, 15, NULL, 0),
(960, 135, 19, NULL, 0),
(961, 135, 23, NULL, 0),
(962, 136, 6, NULL, 0),
(963, 136, 9, NULL, 0),
(964, 136, 12, NULL, 0),
(965, 136, 14, NULL, 0),
(966, 136, 20, NULL, 0),
(967, 136, 21, NULL, 0),
(968, 136, 15, NULL, 0),
(969, 136, 22, NULL, 0),
(970, 137, 7, NULL, 0),
(971, 137, 9, NULL, 0),
(972, 137, 12, NULL, 0),
(973, 137, 14, NULL, 0),
(974, 137, 20, NULL, 0),
(975, 137, 21, NULL, 0),
(976, 137, 15, NULL, 0),
(977, 137, 23, NULL, 0),
(978, 138, 7, NULL, 0),
(979, 138, 9, NULL, 0),
(980, 138, 12, NULL, 0),
(981, 138, 14, NULL, 0),
(982, 138, 20, NULL, 0),
(983, 138, 21, NULL, 0),
(984, 138, 15, NULL, 0),
(985, 138, 23, NULL, 0),
(986, 139, 7, NULL, 0),
(987, 139, 9, NULL, 0),
(988, 139, 12, NULL, 0),
(989, 139, 14, NULL, 0),
(990, 139, 20, NULL, 0),
(991, 139, 21, NULL, 0),
(992, 139, 15, NULL, 0),
(993, 139, 23, NULL, 0),
(994, 140, 6, NULL, 0),
(995, 140, 9, NULL, 0),
(996, 140, 12, NULL, 0),
(997, 140, 14, NULL, 0),
(998, 140, 21, NULL, 0),
(999, 140, 20, NULL, 0),
(1000, 140, 15, NULL, 0),
(1001, 140, 22, NULL, 0),
(1002, 141, 6, NULL, 0),
(1003, 141, 9, NULL, 0),
(1004, 141, 12, NULL, 0),
(1005, 141, 14, NULL, 0),
(1006, 141, 20, NULL, 0),
(1007, 141, 21, NULL, 0),
(1008, 141, 15, NULL, 0),
(1009, 141, 22, NULL, 0),
(1010, 142, 1, NULL, 0),
(1011, 142, 10, NULL, 0),
(1012, 142, 13, NULL, 0),
(1013, 142, 18, NULL, 0),
(1014, 142, 19, NULL, 0),
(1015, 142, 16, 'Isle Restore', 0),
(1016, 142, 17, NULL, 0),
(1017, 142, 21, NULL, 0),
(1018, 142, 22, NULL, 0),
(1019, 143, 6, NULL, 0),
(1020, 143, 9, NULL, 0),
(1021, 143, 12, NULL, 0),
(1022, 143, 14, NULL, 0),
(1023, 143, 20, NULL, 0),
(1024, 143, 21, NULL, 0),
(1025, 143, 15, NULL, 0),
(1026, 143, 19, NULL, 0),
(1027, 143, 22, NULL, 0),
(1028, 144, 1, NULL, 0),
(1029, 144, 10, NULL, 0),
(1030, 144, 13, NULL, 0),
(1031, 144, 18, NULL, 0),
(1032, 144, 19, NULL, 0),
(1033, 144, 17, NULL, 0),
(1034, 144, 16, NULL, 0),
(1035, 144, 21, NULL, 0),
(1036, 144, 22, NULL, 0),
(1037, 145, 1, NULL, 0),
(1038, 145, 10, NULL, 0),
(1039, 145, 13, NULL, 0),
(1040, 145, 18, NULL, 0),
(1041, 145, 21, NULL, 0),
(1042, 145, 16, NULL, 0),
(1043, 145, 17, NULL, 0),
(1044, 145, 19, NULL, 0),
(1045, 145, 22, NULL, 0),
(1046, 146, 1, NULL, 0),
(1047, 146, 9, NULL, 0),
(1048, 146, 12, NULL, 0),
(1049, 146, 21, NULL, 0),
(1050, 146, 20, NULL, 0),
(1051, 146, 23, NULL, 0),
(1052, 147, 4, NULL, 0),
(1053, 147, 9, NULL, 0),
(1054, 147, 12, NULL, 0),
(1055, 147, 18, NULL, 0),
(1056, 147, 19, NULL, 0),
(1057, 147, 16, NULL, 0),
(1058, 147, 17, NULL, 0),
(1059, 147, 21, NULL, 0),
(1060, 147, 22, NULL, 0),
(1061, 148, 7, NULL, 0),
(1062, 148, 9, NULL, 0),
(1063, 148, 12, NULL, 0),
(1064, 148, 14, NULL, 0),
(1065, 148, 21, NULL, 0),
(1066, 148, 20, NULL, 0),
(1067, 148, 23, NULL, 0),
(1068, 149, 1, NULL, 0),
(1069, 149, 9, NULL, 0),
(1070, 149, 12, NULL, 0),
(1071, 149, 18, NULL, 0),
(1072, 149, 23, NULL, 0),
(1073, 150, 7, NULL, 0),
(1074, 150, 9, NULL, 0),
(1075, 150, 12, NULL, 0),
(1076, 150, 14, NULL, 0),
(1077, 150, 20, NULL, 0),
(1078, 150, 21, NULL, 0),
(1079, 150, 15, NULL, 0),
(1080, 150, 23, NULL, 0),
(1081, 151, 4, NULL, 0),
(1082, 151, 10, NULL, 0),
(1083, 151, 12, NULL, 0),
(1084, 151, 17, NULL, 0),
(1085, 151, 16, NULL, 0),
(1086, 151, 19, NULL, 0),
(1087, 151, 18, NULL, 0),
(1088, 151, 23, NULL, 0),
(1089, 151, 22, NULL, 0),
(1090, 152, 1, NULL, 0),
(1091, 152, 10, NULL, 0),
(1092, 152, 12, NULL, 0),
(1093, 152, 14, NULL, 0),
(1094, 152, 20, NULL, 0),
(1095, 152, 21, NULL, 0),
(1096, 152, 15, NULL, 0),
(1097, 152, 23, NULL, 0),
(1098, 153, 1, NULL, 0),
(1099, 153, 51, NULL, 0),
(1100, 153, 12, NULL, 0),
(1101, 153, 14, NULL, 0),
(1102, 153, 20, NULL, 0),
(1103, 153, 21, NULL, 0),
(1104, 153, 15, NULL, 0),
(1105, 153, 23, NULL, 0),
(1106, 154, 1, NULL, 0),
(1107, 154, 10, NULL, 0),
(1108, 154, 13, NULL, 0),
(1109, 154, 19, NULL, 0),
(1110, 154, 18, NULL, 0),
(1111, 154, 16, NULL, 0),
(1112, 154, 17, NULL, 0),
(1113, 154, 18, NULL, 0),
(1114, 154, 22, NULL, 0),
(1115, 155, 1, NULL, 0),
(1116, 155, 9, NULL, 0),
(1117, 155, 12, NULL, 0),
(1118, 155, 20, NULL, 0),
(1119, 155, 18, NULL, 0),
(1120, 155, 23, NULL, 0),
(1121, 156, 1, NULL, 0),
(1122, 156, 9, NULL, 0),
(1123, 156, 12, NULL, 0),
(1124, 156, 18, NULL, 0),
(1125, 156, 23, NULL, 0),
(1126, 157, 1, NULL, 0),
(1127, 157, 9, NULL, 0),
(1128, 157, 12, NULL, 0),
(1129, 157, 18, NULL, 0),
(1130, 157, 23, NULL, 0),
(1131, 158, 1, NULL, 0),
(1132, 158, 10, NULL, 0),
(1133, 158, 12, NULL, 0),
(1134, 158, 19, NULL, 0),
(1135, 158, 16, NULL, 0),
(1136, 158, 21, NULL, 0),
(1137, 158, 17, NULL, 0),
(1138, 158, 18, NULL, 0),
(1139, 158, 22, NULL, 0),
(1140, 159, 7, NULL, 0),
(1141, 159, 9, NULL, 0),
(1142, 159, 12, NULL, 0),
(1143, 159, 14, NULL, 0),
(1144, 159, 15, NULL, 0),
(1145, 159, 21, NULL, 0),
(1146, 159, 20, NULL, 0),
(1147, 159, 23, NULL, 0),
(1148, 160, 7, NULL, 0),
(1149, 160, 9, NULL, 0),
(1150, 160, 12, NULL, 0),
(1151, 160, 14, NULL, 0),
(1152, 160, 20, NULL, 0),
(1153, 160, 21, NULL, 0),
(1154, 160, 15, NULL, 0),
(1155, 160, 23, NULL, 0),
(1156, 161, 1, NULL, 0),
(1157, 161, 9, NULL, 0),
(1158, 161, 12, NULL, 0),
(1159, 161, 17, NULL, 0),
(1160, 161, 18, NULL, 0),
(1161, 161, 23, NULL, 0),
(1162, 162, 7, NULL, 0),
(1163, 162, 9, NULL, 0),
(1164, 162, 12, NULL, 0),
(1165, 162, 14, NULL, 0),
(1166, 162, 20, NULL, 0),
(1167, 162, 21, NULL, 0),
(1168, 162, 19, NULL, 0),
(1169, 162, 15, NULL, 0),
(1170, 162, 23, NULL, 0),
(1171, 163, 7, NULL, 0),
(1172, 163, 9, NULL, 0),
(1173, 163, 12, NULL, 0),
(1174, 163, 14, NULL, 0),
(1175, 163, 20, NULL, 0),
(1176, 163, 21, NULL, 0),
(1177, 163, 19, NULL, 0),
(1178, 163, 15, NULL, 0),
(1179, 163, 23, NULL, 0),
(1180, 164, 1, NULL, 0),
(1181, 164, 10, NULL, 0),
(1182, 164, 13, NULL, 0),
(1183, 164, 17, NULL, 0),
(1184, 164, 19, NULL, 0),
(1185, 164, 16, NULL, 0),
(1186, 164, 18, NULL, 0),
(1187, 164, 21, NULL, 0),
(1188, 164, 22, NULL, 0),
(1189, 165, 1, NULL, 0),
(1190, 165, 10, NULL, 0),
(1191, 165, 12, NULL, 0),
(1192, 165, 18, NULL, 0),
(1193, 165, 19, NULL, 0),
(1194, 165, 23, NULL, 0),
(1195, 166, 1, NULL, 0),
(1196, 166, 3, NULL, 0),
(1197, 166, 10, NULL, 0),
(1198, 166, 13, NULL, 0),
(1199, 166, 17, NULL, 0),
(1200, 166, 16, NULL, 0),
(1201, 166, 17, NULL, 0),
(1202, 166, 21, NULL, 0),
(1203, 166, 22, NULL, 0),
(1204, 167, 1, NULL, 0),
(1205, 167, 9, NULL, 0),
(1206, 167, 12, NULL, 0),
(1207, 167, 18, NULL, 0),
(1208, 167, 17, NULL, 0),
(1209, 167, 23, NULL, 0),
(1210, 168, 6, NULL, 0),
(1211, 168, 9, NULL, 0),
(1212, 168, 12, NULL, 0),
(1213, 168, 21, NULL, 0),
(1214, 168, 20, NULL, 0),
(1215, 168, 17, NULL, 0),
(1216, 168, 23, NULL, 0)
ON DUPLICATE KEY UPDATE
  `breedId` = VALUES(breedId),
  `productId` = VALUES(productId),
  `lineType` = VALUES(lineType),
  `description` = VALUES(description);

INSERT INTO `breeds` (`id`, `breedEng`, `breedRus`, `coatTypeId`) VALUES
(1, 'Affenpinscher', 'Аффен-пинчер', 4),
(2, 'Afghan Hound', 'Афганская Борзая ', 2),
(3, 'Airedale Terrier', 'Эрдель Терьер', 4),
(4, 'Akita', 'Акита', 9),
(5, 'Alaskan Malamute', 'Аляскинский Маламут', 9),
(6, 'American Eskimo', 'Американский Эскимо (Эски)', 5),
(7, 'American Foxhound', 'Американский Фоксхаунд', 3),
(8, 'American Staffordshire Terrier', 'Американский стаффордширский терьер', 3),
(9, 'American Water Spaniel', 'Американский водяной спаниель', 6),
(10, 'Anatolian Shepherd', 'Анатолийская овчарка', 9),
(11, 'Australian Cattle Dog', 'Австралийская пастушья собака', 1),
(12, 'Australian Shepherd', 'Австралийская овчарка', 5),
(13, 'Australian Terrier', 'Австралийский терьер', 4),
(14, 'Basenji', 'Бассенджи', 1),
(15, 'Basset Hound', 'Бассет Хаунд', 1),
(16, 'Beagle', 'Бигль', 1),
(17, 'Bearded Collie', 'Бородатый колли', 2),
(18, 'Bedlington Terrier', 'Бедлингтон-терьер', 6),
(19, 'Belgian Laekenois', 'Лакенуа (Бельгийская овчарка)', 6),
(20, 'Belgian Malinois', 'Бельгийский Малинуа', 1),
(21, 'Belgian Sheepdog', 'Бельгийская овчарка', 10),
(22, 'Belgian Tervuren', 'Тервюрен (бельгийская овчарка)', 10),
(23, 'Bernese Mountain Dog', 'Бернский Зенненхунд', 10),
(24, 'Bichon Frise', 'Бишон-фризе', 6),
(25, 'Black and Tan Coonhound', 'Черно-подпалый кунхаунд', 1),
(26, 'Black Russian Terrier', 'Русский черный терьер', 10),
(27, 'Bloodhound', 'Бладхаунд', 1),
(28, 'Border Collie', 'Бордер Колли', 10),
(29, 'Border Terrier', 'Бордер Терьер ', 4),
(30, 'Borzoi', 'Русская Псовая Борзая', 10),
(31, 'Boston Terrier', 'Бостон Терьер', 3),
(32, 'Bouvier des Flandres', 'Фландрский бувье', 6),
(33, 'Boxer', 'Боксер', 3),
(34, 'Briard', 'Бриар', 2),
(35, 'Brittany', 'Бретонский эпаньоль', 10),
(36, 'Brussels Griffon Smooth Coat', 'Брюссельский гриффон гладкошерстный', 3),
(37, 'Brussels Griffon Wire Coat', 'Брюссельский гриффон(брабантский)ж/ш', 4),
(38, 'Bulldog', 'Бульдог', 3),
(39, 'Bullmastiff', 'Бульмастиф', 1),
(40, 'Bull Terrier Coloured', 'Бультерьер цветной', 3),
(41, 'Bull Terrier White', 'Бультерьер белый', 3),
(42, 'Cairn Terrier', 'Кёрн-терьер', 4),
(43, 'Canaan Dog', 'Ханаанская собака', 1),
(44, 'Cardigan Welsh Corgie', 'Вельш Корги Кардиган', 9),
(45, 'Cavalier King Charles Spaniel', 'Кавалер кинг чарльз спаниель', 10),
(46, 'Chesapeake Bay Retriever', 'Чесапик-Бей-Ретривер', 3),
(47, 'Chihuahua - Long Coat', 'Чихуахуа длинношерстный', 10),
(48, 'Chihuahua - Short Haired', 'Чихуахуа короткоошерстный', 3),
(49, 'Chinese Crested-Hairless', 'Китайская хохлатая собака', 2),
(50, 'Chinese Crested-Powderpuff', 'Китайская хохлатая собака (Пуховка)', 2),
(51, 'Chinese Shar-Pei', 'Шар-пей', 1),
(52, 'Chow Chow', 'Чау-Чау', 5),
(53, 'Clumber Spaniel', 'Кламбер-Спаниель', 8),
(54, 'Cocker Spaniel', 'Кокер Спаниель', 8),
(55, 'Collie Rough', 'Колли Длиношерстный', 9),
(56, 'Collie Smooth', 'Колли Гладкошерстный', 3),
(57, 'Corgi, Pembroke Welsh', 'Вельш Корги Пемброк', 9),
(58, 'Coton du Tulear', 'Котон Де Тулеар', 2),
(59, 'Curly Coated Retriever', 'Курчавошерстный Ретривер', 6),
(60, 'Dachshund - Long Coat', 'Такса Длинношерстная', 2),
(61, 'Dachshund - Smooth Coat', 'Такса Гладкошерстная', 3),
(62, 'Dachshund - Wire Coat', 'Такса Жетскошерстная', 4),
(63, 'Dalmatian', 'Далматин', 3),
(64, 'Dandie Dinmont Terrier', 'Денди-Даймонт-Терьер', 4),
(65, 'Doberman Pinscher', 'Доберман-пинчер', 3),
(66, 'English Cocker Spaniel', 'Английский Кокер Спаниель', 8),
(67, 'English Fox Hound', 'Английский Фоксхаунд', 3),
(68, 'English Setter', 'Английский сеттер', 8),
(69, 'English Springer Spaniel', 'Английский Спрингер-Спаниель', 8),
(70, 'English Toy Spaniel', 'Английский той-спаниель', 10),
(71, 'Field Spaniel', 'Филд-спаниель', 8),
(72, 'Finnish Spitz', 'Финский шпиц', 9),
(73, 'Flat-Coated Retriever', 'Прямошерстный ретривер', 10),
(74, 'German Pinscher', 'Немецкий пинчер', 3),
(75, 'German Shepherd', 'Немецкая овчарка', 9),
(76, 'German Shorthaired Pointer', 'Курцхаар', 3),
(77, 'German Wirehaired Pointer', 'Дратхаар/Немецкая жескошерстная легавая', 4),
(78, 'Giant Schnauzer', 'Ризеншнауцер', 4),
(79, 'Glen of Imaal Terrier', 'Глен оф имаал терьер', 4),
(80, 'Golden Retriever', 'Золотистый ретривер', 10),
(81, 'Gordon Setter', 'Сеттер-гордон', 10),
(82, 'Great Dane', 'Немецкий дог', 3),
(83, 'Great Pyrenees', 'Большая пиренейская собака', 5),
(84, 'Greater Swiss Mountain Dog', 'Большая швецарская овчарка', 1),
(85, 'Greyhound', 'Грейхаунд', 3),
(86, 'Harrier', 'Харьер', 1),
(87, 'Havanese', 'Хаванезе', 2),
(88, 'Ibizan Hound', 'Ибисская собака/Поденко Ибеценко', 3),
(89, 'Irish Setter', 'Ирландский сеттер', 8),
(90, 'Irish Terrier', 'Ирландский терьер', 4),
(91, 'Irish Water Spaniel', 'Ирландский водяной спаниель', 6),
(92, 'Irish Wolfhound', 'Ирландский волкодав', 4),
(93, 'Italian Greyhound', 'Малая итальянская борзая/Левретка', 3),
(94, 'Japanese Chin', 'Японский хин', 10),
(95, 'Keeshond', 'Кеесхонд/Вольф-шпиц', 5),
(96, 'Kerry Blue Terrier', 'Керри Блю Терьер', 6),
(97, 'Komondor', 'Коммондор', 7),
(98, 'Kuvasz', 'Кувас', 10),
(99, 'Labrador Retriever', 'Лабрадор Ретривер', 1),
(100, 'Lakeland Terrier', 'Лайкленд терьер', 4),
(101, 'Lhasa Apso', 'Лхаса Апсо', 2),
(102, 'Maltese', 'Мальтезе', 2),
(103, 'Manchester Terrier', 'Манчестерский терьер', 3),
(104, 'Mastiff', 'Мастиф', 3),
(105, 'Miniature Bull Terrier', 'Миниаюрный бультерьер', 3),
(106, 'Miniature Pinscher', 'Цвергпинчер', 3),
(107, 'Miniature Schnauzer', 'Цвергшнауцер', 4),
(108, 'Neаpolitan Mastiff', 'Мастино Наполетано', 3),
(109, 'Newfoundland', 'Ньюфаудленд', 5),
(110, 'Norfolk Terrier', 'Норфолк терьер', 4),
(111, 'Norwegian Elkhound', 'Норвежский элкхаунд', 9),
(112, 'Norwich Terrier', 'Норвич терьер', 4),
(113, 'Nova Scotia Duck Tolling Retriever', 'Новошотландский ретривер', 10),
(114, 'Old English Sheepdog', 'Староанглийская овчарка\\ Бобтейл', 2),
(115, 'Otterhound', 'Оттерхаунд', 4),
(116, 'Papillion', 'Папийон (папильон)', 10),
(117, 'Parson Russell Terrier', 'Парсон Рассел терьер', 3),
(118, 'Pekingese', 'Пекинес', 5),
(119, 'Pembroke Welsh Corgie', 'Вельш Корги Пемброк', 9),
(120, 'Petit Basset Griffon Vendeen', 'Малый бретонский(вандейский) бассет-гриффон', 9),
(121, 'Pharoah Hound', 'Фараонова собака', 3),
(122, 'Pit Bull Terrier', 'Пит Бультерьер', 3),
(123, 'Plott Hound', 'Плотт хаунд/Гончая плотта', 3),
(124, 'Pointer', 'Поинтер', 3),
(125, 'Polish Lowland Sheepdog', 'Польская низинная собака', 9),
(126, 'Pomeranian', 'Померанский шпиц', 5),
(127, 'Poodle', 'Пудель', 6),
(128, 'Portuguese Water Dog', 'Португальская водяная собака', 6),
(129, 'Pug', 'Мопс', 1),
(130, 'Puli', 'Пули', 7),
(131, 'Rhodesian Ridgeback', 'Родезийский риджбек', 3),
(132, 'Rottweiler', 'Ротвейлер', 1),
(133, 'Saint Bernard', 'Сентбернар', 5),
(134, 'Saluki', 'Салюки', 10),
(135, 'Samoyed', 'Самоедская лайка/Самоед', 5),
(136, 'Schipperke', 'Шипперке', 9),
(137, 'Scottish Deerhound', 'Шотландский дирхаунд(Оленья борзая)', 4),
(138, 'Scottish Terrier', 'Скотч-терьер/Шотландский терьер', 4),
(139, 'Sealyham Terrier', 'Селихем терьер', 4),
(140, 'Shetland Sheepdog', 'Шелти', 5),
(141, 'Shiba Inu', 'Шиба Ину', 9),
(142, 'Shih Tzu', 'Ши Тцу', 2),
(143, 'Siberian Husky', 'Сибирский Хаски', 9),
(144, 'Silky Terrier', 'Силки терьер', 2),
(145, 'Skye Terrier', 'Скай Терьер', 2),
(146, 'Smooth Fox Terrier', 'Гладкошерстный Фокс Терьер', 3),
(147, 'Soft Coated Wheaten Terrier', 'Ирландский Мягкошерстный Пшеничный Терьер', 6),
(148, 'Spinone Italiano', 'Итальянский спиноне', 4),
(149, 'Staffordshire Bull Terrier', 'Стаффордширский бультерьер', 3),
(150, 'Standard Schnauzer', 'Средний шнауцер', 4),
(151, 'Sussex Spaniel', 'Суссекс спаниель', 10),
(152, 'Tibetan Mastiff', 'Тибетский мастиф', 5),
(153, 'Tibetan Spaniel', 'Тибетский спаниель', 10),
(154, 'Tibetan Terrier', 'Тибетский терьер', 2),
(155, 'Toy Fox Terrier', 'Американский той фокс-терьер', 3),
(156, 'Vizsla', 'Венгерская выжла', 3),
(157, 'Weimaraner', 'Веймаранер', 3),
(158, 'Welsh Springer Spaniel', 'Вельш-спрингер-спаниель', 8),
(159, 'Welsh Terrier', 'Вельш терьер', 4),
(160, 'West Highland White Terrier', 'Вест хайленд уайт терьер', 4),
(161, 'Whippet', 'Уипет', 3),
(162, 'Wire Fox Terrier', 'Жесткошерстный Фокс Терьер', 4),
(163, 'Wirehaired Pointing Griffon', 'Жесткошерстный гриффон(грифон Кортальса)', 4),
(164, 'Yorkshire Terrier', 'Йоркширский терьер', 2),
(165, 'Cane Corso', 'Кане Корсо', 3),
(166, 'Biewer', 'Бивер', 2),
(167, 'Rusian Toy Dog - Short Haired', 'Той Терьер Гладкошерстный', 3),
(168, 'Rusian Toy Dog - Long Coat', 'Той Терьер Длинношерстный', 10)
 ON DUPLICATE KEY UPDATE
  `breedEng` = VALUES(breedEng),
  `breedRus` = VALUES(breedRus),
  `coatTypeId` = VALUES(coatTypeId);

INSERT INTO `cities` (`id`, `cityName`, `areaId`) VALUES
(1, 'Абаза ', 1),
(2, 'Абакан ', 1),
(3, 'Абдулино', 2),
(4, 'Абинск ', 3),
(5, 'Агидель ', 4),
(6, 'Агрыз ', 5),
(7, 'Адыгейск ', 6),
(8, 'Азнакаево ', 5),
(9, 'Азов ', 8),
(10, 'Ак-Довурак ', 9),
(11, 'Аксай ', 8),
(12, 'Алагир', 70),
(13, 'Алапаевск', 21),
(14, 'Алатырь', 66),
(15, 'Алдан', 65),
(16, 'Алейск', 32),
(17, 'Александров', 27),
(18, 'Александровск', 58),
(19, 'Александровск-Сахалинский', 30),
(20, 'Алексеевка', 33),
(21, 'Алексин ', 7),
(22, 'Алзамай', 28),
(23, 'Альметьевск ', 5),
(24, 'Амурск', 67),
(25, 'Анадырь', 69),
(26, 'Анапа ', 3),
(27, 'Ангарск', 28),
(28, 'Андреаполь ', 14),
(29, 'Анжеро-Судженск', 19),
(30, 'Анива', 30),
(31, 'Апатиты', 23),
(32, 'Апрелевка ', 12),
(33, 'Апшеронск ', 3),
(34, 'Арамиль', 21),
(35, 'Аргун', 71),
(36, 'Ардатов', 64),
(37, 'Ардон', 70),
(38, 'Арзамас', 34),
(39, 'Аркадак', 41),
(40, 'Армавир ', 3),
(41, 'Арсеньев', 31),
(42, 'Артём', 31),
(43, 'Артёмовск', 40),
(44, 'Артёмовский', 21),
(45, 'Архангельск', 29),
(46, 'Асбест', 21),
(47, 'Асино', 24),
(48, 'Астрахань', 46),
(49, 'Аткарск', 41),
(50, 'Ахтубинск', 46),
(51, 'Ачинск', 40),
(52, 'Аша', 44),
(53, 'Бабаево ', 16),
(54, 'Бабушкин', 47),
(55, 'Бавлы ', 5),
(56, 'Багратионовск', 36),
(57, 'Байкальск', 28),
(58, 'Баймак ', 4),
(59, 'Бакал', 44),
(60, 'Баксан', 50),
(61, 'Балабаново', 26),
(62, 'Балаково', 41),
(63, 'Балахна', 34),
(64, 'Балашиха ', 12),
(65, 'Балашов', 41),
(66, 'Балей', 49),
(67, 'Балтийск', 36),
(68, 'Барабинск', 37),
(69, 'Барнаул', 32),
(70, 'Барыш', 55),
(71, 'Батайск ', 8),
(72, 'Бежецк ', 14),
(73, 'Белёв ', 7),
(74, 'Белая Калитва ', 8),
(75, 'Белая Холуница ', 15),
(76, 'Белгород', 33),
(77, 'Белебей ', 4),
(78, 'Белинский', 48),
(79, 'Белово', 19),
(80, 'Белогорск', 53),
(81, 'Белозерск ', 16),
(82, 'Белокуриха', 32),
(83, 'Беломорск', 61),
(84, 'Белорецк ', 4),
(85, 'Белореченск ', 3),
(86, 'Белоярский', 68),
(87, 'Белый ', 14),
(88, 'Берёзовский', 19),
(89, 'Берёзовский', 21),
(90, 'Бердск', 37),
(91, 'Березники', 58),
(92, 'Беслан', 70),
(93, 'Бийск', 32),
(94, 'Бикин', 67),
(95, 'Билибино', 69),
(96, 'Биробиджан', 72),
(97, 'Бирск ', 4),
(98, 'Бирюсинск', 28),
(99, 'Бирюч', 33),
(100, 'Благовещенск', 53),
(101, 'Благовещенск ', 4),
(102, 'Благодарный', 57),
(103, 'Бобров', 52),
(104, 'Богданович', 21),
(105, 'Богородицк ', 7),
(106, 'Богородск', 34),
(107, 'Боготол', 40),
(108, 'Богучар', 52),
(109, 'Бодайбо', 28),
(110, 'Бокситогорск ', 13),
(111, 'Болгар ', 5),
(112, 'Бологое ', 14),
(113, 'Болотное', 37),
(114, 'Болохово ', 7),
(115, 'Болхов ', 11),
(116, 'Большой Камень', 31),
(117, 'Бор', 34),
(118, 'Борзя', 49),
(119, 'Борисоглебск', 52),
(120, 'Боровичи', 35),
(121, 'Боровск', 26),
(122, 'Бородино', 40),
(123, 'Братск', 28),
(124, 'Бронницы ', 12),
(125, 'Брянск', 25),
(126, 'Бугульма ', 5),
(127, 'Бугуруслан ', 2),
(128, 'Будённовск', 57),
(129, 'Бузулук ', 2),
(130, 'Буинск ', 5),
(131, 'Буй', 20),
(132, 'Буйнакск', 62),
(133, 'Бутурлиновка', 52),
(134, 'Валдай', 35),
(135, 'Валуйки', 33),
(136, 'Велиж', 38),
(137, 'Великие Луки', 51),
(138, 'Великий Новгород', 35),
(139, 'Великий Устюг ', 16),
(140, 'Вельск', 29),
(141, 'Венёв ', 7),
(142, 'Верещагино', 58),
(143, 'Верея ', 12),
(144, 'Верхнеуральск', 44),
(145, 'Верхний Тагил', 21),
(146, 'Верхний Уфалей', 44),
(147, 'Верхняя Пышма', 21),
(148, 'Верхняя Салда', 21),
(149, 'Верхняя Тура', 21),
(150, 'Верхотурье', 21),
(151, 'Верхоянск', 65),
(152, 'Весьегонск ', 14),
(153, 'Ветлуга', 34),
(154, 'Видное ', 12),
(155, 'Вилюйск', 65),
(156, 'Вилючинск', 74),
(157, 'Вихоревка', 28),
(158, 'Вичуга', 22),
(159, 'Владивосток', 31),
(160, 'Владикавказ', 70),
(161, 'Владимир', 27),
(162, 'Волгоград', 42),
(163, 'Волгодонск ', 8),
(164, 'Волгореченск', 20),
(165, 'Волжск', 75),
(166, 'Волжский', 42),
(167, 'Вологда', 16),
(168, 'Володарск', 34),
(169, 'Волоколамск ', 12),
(170, 'Волосово ', 13),
(171, 'Волхов ', 13),
(172, 'Волчанск', 21),
(173, 'Вольск', 41),
(174, 'Воркута', 63),
(175, 'Воронеж', 52),
(176, 'Ворсма', 34),
(177, 'Воскресенск ', 12),
(178, 'Воткинск', 76),
(179, 'Всеволожск ', 13),
(180, 'Вуктыл', 63),
(181, 'Выборг ', 13),
(182, 'Выкса', 34),
(183, 'Высоковск ', 12),
(184, 'Высоцк ', 13),
(185, 'Вытегра ', 16),
(186, 'Вышний Волочёк ', 14),
(187, 'Вяземский', 67),
(188, 'Вязники', 27),
(189, 'Вязьма', 38),
(190, 'Вятские Поляны ', 15),
(191, 'Гаврилов Посад', 22),
(192, 'Гаврилов-Ям ', 10),
(193, 'Гагарин', 38),
(194, 'Гаджиево', 23),
(195, 'Гай ', 2),
(196, 'Галич', 20),
(197, 'Гатчина ', 13),
(198, 'Гвардейск', 36),
(199, 'Гдов', 51),
(200, 'Геленджик ', 3),
(201, 'Георгиевск', 57),
(202, 'Глазов', 76),
(203, 'Голицыно ', 12),
(204, 'Горбатов', 34),
(205, 'Горно-Алтайск', 79),
(206, 'Горнозаводск', 58),
(207, 'Горняк', 32),
(208, 'Городец', 34),
(209, 'Городище', 48),
(210, 'Городовиковск', 77),
(211, 'Гороховец', 27),
(212, 'Горячий Ключ ', 3),
(213, 'Грайворон', 33),
(214, 'Гремячинск', 58),
(215, 'Грозный', 71),
(216, 'Грязи', 60),
(217, 'Грязовец ', 16),
(218, 'Губаха', 58),
(219, 'Губкин', 33),
(220, 'Губкинский', 80),
(221, 'Гудермес', 71),
(222, 'Гуково ', 8),
(223, 'Гулькевичи ', 3),
(224, 'Гурьевск', 36),
(225, 'Гурьевск', 19),
(226, 'Гусев', 36),
(227, 'Гусиноозёрск', 47),
(228, 'Гусь-Хрустальный', 27),
(229, 'Давлеканово ', 4),
(230, 'Дагестанские Огни', 62),
(231, 'Далматово', 59),
(232, 'Дальнегорск', 31),
(233, 'Дальнереченск', 31),
(234, 'Данилов ', 10),
(235, 'Данков', 60),
(236, 'Дегтярск', 21),
(237, 'Дедовск ', 12),
(238, 'Демидов', 38),
(239, 'Дербент', 62),
(240, 'Десногорск', 38),
(241, 'Дзержинск', 34),
(242, 'Дзержинский ', 12),
(243, 'Дивногорск', 40),
(244, 'Дигора', 70),
(245, 'Димитровград', 55),
(246, 'Дмитриев-Льговский', 56),
(247, 'Дмитров ', 12),
(248, 'Дмитровск ', 11),
(249, 'Дно', 51),
(250, 'Добрянка', 58),
(251, 'Долгопрудный ', 12),
(252, 'Долинск', 30),
(253, 'Домодедово ', 12),
(254, 'Донецк ', 8),
(255, 'Донской ', 7),
(256, 'Дорогобуж', 38),
(257, 'Дрезна ', 12),
(258, 'Дубна ', 12),
(259, 'Дубовка', 42),
(260, 'Дудинка', 40),
(261, 'Духовщина', 38),
(262, 'Дюртюли ', 4),
(263, 'Дятьково', 25),
(264, 'Егорьевск ', 12),
(265, 'Ейск ', 3),
(266, 'Екатеринбург', 21),
(267, 'Елабуга ', 5),
(268, 'Елец', 60),
(269, 'Елизово', 74),
(270, 'Ельня', 38),
(271, 'Еманжелинск', 44),
(272, 'Емва', 63),
(273, 'Енисейск', 40),
(274, 'Ершов', 41),
(275, 'Ессентуки', 57),
(276, 'Ефремов ', 7),
(277, 'Железноводск', 57),
(278, 'Железногорск', 40),
(279, 'Железногорск', 56),
(280, 'Железногорск-Илимский', 28),
(281, 'Железнодорожный ', 12),
(282, 'Жердевка', 54),
(283, 'Жигулёвск', 18),
(284, 'Жиздра', 26),
(285, 'Жирновск', 42),
(286, 'Жуков', 26),
(287, 'Жуковка', 25),
(288, 'Жуковский ', 12),
(289, 'Завитинск', 53),
(290, 'Заводоуковск', 39),
(291, 'Заволжск', 22),
(292, 'Заволжье', 34),
(293, 'Задонск', 60),
(294, 'Заинск ', 5),
(295, 'Закаменск', 47),
(296, 'Заозёрный', 40),
(297, 'Заозёрск', 23),
(298, 'Западная Двина ', 14),
(299, 'Заполярный', 23),
(300, 'Зарайск ', 12),
(301, 'Заречный', 48),
(302, 'Заречный', 21),
(303, 'Заринск', 32),
(304, 'Звенигово', 75),
(305, 'Звенигород ', 12),
(306, 'Зверево ', 8),
(307, 'Зеленогорск', 40),
(308, 'Зеленоградск', 36),
(309, 'Зеленодольск ', 5),
(310, 'Зеленокумск', 57),
(311, 'Зерноград ', 8),
(312, 'Зея', 53),
(313, 'Зима', 28),
(314, 'Златоуст', 44),
(315, 'Злынка', 25),
(316, 'Змеиногорск', 32),
(317, 'Знаменск', 46),
(318, 'Зубцов ', 14),
(319, 'Зуевка ', 15),
(320, 'Ивангород ', 13),
(321, 'Иваново', 22),
(322, 'Ивантеевка ', 12),
(323, 'Ивдель', 21),
(324, 'Игарка', 40),
(325, 'Ижевск', 76),
(326, 'Избербаш', 62),
(327, 'Изобильный', 57),
(328, 'Иланский', 40),
(329, 'Инза', 55),
(330, 'Инсар', 64),
(331, 'Инта', 63),
(332, 'Ипатово', 57),
(333, 'Ирбит', 21),
(334, 'Иркутск', 28),
(335, 'Исилькуль', 45),
(336, 'Искитим', 37),
(337, 'Истра ', 12),
(338, 'Ишим', 39),
(339, 'Ишимбай ', 4),
(340, 'Йошкар-Ола', 75),
(341, 'Кадников ', 16),
(342, 'Казань ', 5),
(343, 'Калач', 52),
(344, 'Калач-на-Дону', 42),
(345, 'Калачинск', 45),
(346, 'Калининград', 36),
(347, 'Калининск', 41),
(348, 'Калтан', 19),
(349, 'Калуга', 26),
(350, 'Калязин ', 14),
(351, 'Камбарка', 76),
(352, 'Каменка', 48),
(353, 'Каменногорск ', 13),
(354, 'Каменск-Уральский', 21),
(355, 'Каменск-Шахтинский ', 8),
(356, 'Камень-на-Оби', 32),
(357, 'Камешково', 27),
(358, 'Камызяк', 46),
(359, 'Камышин', 42),
(360, 'Камышлов', 21),
(361, 'Канаш', 66),
(362, 'Кандалакша', 23),
(363, 'Канск', 40),
(364, 'Карабаново', 27),
(365, 'Карабаш', 44),
(366, 'Карабулак', 78),
(367, 'Карасук', 37),
(368, 'Карачаевск', 73),
(369, 'Карачев', 25),
(370, 'Каргат', 37),
(371, 'Каргополь', 29),
(372, 'Карпинск', 21),
(373, 'Карталы', 44),
(374, 'Касимов', 43),
(375, 'Касли', 44),
(376, 'Каспийск', 62),
(377, 'Катав-Ивановск', 44),
(378, 'Катайск', 59),
(379, 'Качканар', 21),
(380, 'Кашин ', 14),
(381, 'Кашира ', 12),
(382, 'Кедровый', 24),
(383, 'Кемерово', 19),
(384, 'Кемь', 61),
(385, 'Кизел', 58),
(386, 'Кизилюрт', 62),
(387, 'Кизляр', 62),
(388, 'Кимовск ', 7),
(389, 'Кимры ', 14),
(390, 'Кингисепп ', 13),
(391, 'Кинель', 18),
(392, 'Кинешма', 22),
(393, 'Киреевск ', 7),
(394, 'Киренск', 28),
(395, 'Киржач', 27),
(396, 'Кириллов ', 16),
(397, 'Кириши ', 13),
(398, 'Киров', 15),
(399, 'Киров', 26),
(400, 'Кировград', 21),
(401, 'Кирово-Чепецк ', 15),
(402, 'Кировск ', 13),
(403, 'Кировск', 23),
(404, 'Кирс ', 15),
(405, 'Кирсанов', 54),
(406, 'Киселёвск', 19),
(407, 'Кисловодск', 57),
(408, 'Климовск ', 12),
(409, 'Клин ', 12),
(410, 'Клинцы', 25),
(411, 'Княгинино', 34),
(412, 'Ковдор', 23),
(413, 'Ковров', 27),
(414, 'Ковылкино', 64),
(415, 'Когалым', 68),
(416, 'Кодинск', 40),
(417, 'Козельск', 26),
(418, 'Козловка', 66),
(419, 'Козьмодемьянск', 75),
(420, 'Кола', 23),
(421, 'Кологрив', 20),
(422, 'Коломна ', 12),
(423, 'Колпашево', 24),
(424, 'Кольчугино', 27),
(425, 'Коммунар ', 13),
(426, 'Комсомольск', 22),
(427, 'Комсомольск-на-Амуре', 67),
(428, 'Конаково ', 14),
(429, 'Кондопога', 61),
(430, 'Кондрово', 26),
(431, 'Константиновск ', 8),
(432, 'Копейск', 44),
(433, 'Кораблино', 43),
(434, 'Кореновск ', 3),
(435, 'Коркино', 44),
(436, 'Королёв ', 12),
(437, 'Короча', 33),
(438, 'Корсаков', 30),
(439, 'Коряжма', 29),
(440, 'Костерёво', 27),
(441, 'Костомукша', 61),
(442, 'Кострома', 20),
(443, 'Котельники ', 12),
(444, 'Котельниково', 42),
(445, 'Котельнич ', 15),
(446, 'Котлас', 29),
(447, 'Котово', 42),
(448, 'Котовск', 54),
(449, 'Кохма', 22),
(450, 'Красавино ', 16),
(451, 'Красноармейск ', 12),
(452, 'Красноармейск', 41),
(453, 'Красновишерск', 58),
(454, 'Красногорск ', 12),
(455, 'Краснодар ', 3),
(456, 'Краснозаводск ', 12),
(457, 'Краснознаменск', 36),
(458, 'Краснознаменск ', 12),
(459, 'Краснокаменск', 49),
(460, 'Краснокамск', 58),
(461, 'Краснослободск', 42),
(462, 'Краснослободск', 64),
(463, 'Краснотурьинск', 21),
(464, 'Красноуральск', 21),
(465, 'Красноуфимск', 21),
(466, 'Красноярск', 40),
(467, 'Красный Кут', 41),
(468, 'Красный Сулин ', 8),
(469, 'Красный Холм ', 14),
(470, 'Кропоткин ', 3),
(471, 'Крымск ', 3),
(472, 'Кстово', 34),
(473, 'Кубинка ', 12),
(474, 'Кувандык ', 2),
(475, 'Кувшиново ', 14),
(476, 'Кудымкар', 58),
(477, 'Кузнецк', 48),
(478, 'Куйбышев', 37),
(479, 'Кулебаки', 34),
(480, 'Кумертау ', 4),
(481, 'Кунгур', 58),
(482, 'Купино', 37),
(483, 'Курган', 59),
(484, 'Курганинск ', 3),
(485, 'Курильск', 30),
(486, 'Курлово', 27),
(487, 'Куровское ', 12),
(488, 'Курск', 56),
(489, 'Куртамыш', 59),
(490, 'Курчатов', 56),
(491, 'Куса', 44),
(492, 'Кушва', 21),
(493, 'Кызыл ', 9),
(494, 'Кыштым', 44),
(495, 'Кяхта', 47),
(496, 'Лабинск ', 3),
(497, 'Лабытнанги', 80),
(498, 'Лагань', 77),
(499, 'Ладушкин', 36),
(500, 'Лаишево ', 5),
(501, 'Лакинск', 27),
(502, 'Лангепас', 68),
(503, 'Лахденпохья', 61),
(504, 'Лебедянь', 60),
(505, 'Лениногорск ', 5),
(506, 'Ленинск', 42),
(507, 'Ленинск-Кузнецкий', 19),
(508, 'Ленск', 65),
(509, 'Лермонтов', 57),
(510, 'Лесной', 21),
(511, 'Лесозаводск', 31),
(512, 'Лесосибирск', 40),
(513, 'Ливны ', 11),
(514, 'Ликино-Дулёво ', 12),
(515, 'Липецк', 60),
(516, 'Липки ', 7),
(517, 'Лиски', 52),
(518, 'Лихославль ', 14),
(519, 'Лобня ', 12),
(520, 'Лодейное Поле ', 13),
(521, 'Лосино-Петровский ', 12),
(522, 'Луга ', 13),
(523, 'Луза ', 15),
(524, 'Лукоянов', 34),
(525, 'Луховицы ', 12),
(526, 'Лысково', 34),
(527, 'Лысьва', 58),
(528, 'Лыткарино ', 12),
(529, 'Льгов', 56),
(530, 'Любань ', 13),
(531, 'Люберцы ', 12),
(532, 'Любим ', 10),
(533, 'Людиново', 26),
(534, 'Лянтор', 68),
(535, 'Магадан', 17),
(536, 'Магас', 78),
(537, 'Магнитогорск', 44),
(538, 'Майкоп ', 6),
(539, 'Майский', 50),
(540, 'Макаров', 30),
(541, 'Макарьев', 20),
(542, 'Макушино', 59),
(543, 'Малая Вишера', 35),
(544, 'Малгобек', 78),
(545, 'Малмыж ', 15),
(546, 'Малоархангельск ', 11),
(547, 'Малоярославец', 26),
(548, 'Мамадыш ', 5),
(549, 'Мамоново', 36),
(550, 'Мантурово', 20),
(551, 'Мариинск', 19),
(552, 'Мариинский Посад', 66),
(553, 'Маркс', 41),
(554, 'Махачкала', 62),
(555, 'Мглин', 25),
(556, 'Мегион', 68),
(557, 'Медвежьегорск', 61),
(558, 'Медногорск ', 2),
(559, 'Медынь', 26),
(560, 'Межгорье ', 4),
(561, 'Междуреченск', 19),
(562, 'Мезень', 29),
(563, 'Меленки', 27),
(564, 'Мелеуз ', 4),
(565, 'Менделеевск ', 5),
(566, 'Мензелинск ', 5),
(567, 'Мещовск', 26),
(568, 'Миасс', 44),
(569, 'Микунь', 63),
(570, 'Миллерово ', 8),
(571, 'Минеральные Воды', 57),
(572, 'Минусинск', 40),
(573, 'Миньяр', 44),
(574, 'Мирный', 29),
(575, 'Мирный', 65),
(576, 'Михайлов', 43),
(577, 'Михайловка', 42),
(578, 'Михайловск', 21),
(579, 'Михайловск', 57),
(580, 'Мичуринск', 54),
(581, 'Могоча', 49),
(582, 'Можайск ', 12),
(583, 'Можга', 76),
(584, 'Моздок', 70),
(585, 'Мончегорск', 23),
(586, 'Морозовск ', 8),
(587, 'Моршанск', 54),
(588, 'Мосальск', 26),
(589, 'Москва', 12),
(590, 'Московский ', 12),
(591, 'Муравленко', 80),
(592, 'Мураши ', 15),
(593, 'Мурманск', 23),
(594, 'Муром', 27),
(595, 'Мценск ', 11),
(596, 'Мыски', 19),
(597, 'Мытищи ', 12),
(598, 'Мышкин ', 10),
(599, 'Набережные Челны ', 5),
(600, 'Навашино', 34),
(601, 'Наволоки', 22),
(602, 'Надым', 80),
(603, 'Назарово', 40),
(604, 'Назрань', 78),
(605, 'Называевск', 45),
(606, 'Нальчик', 50),
(607, 'Нариманов', 46),
(608, 'Наро-Фоминск ', 12),
(609, 'Нарткала', 50),
(610, 'Нарьян-Мар', 81),
(611, 'Находка', 31),
(612, 'Невель', 51),
(613, 'Невельск', 30),
(614, 'Невинномысск', 57),
(615, 'Невьянск', 21),
(616, 'Нелидово ', 14),
(617, 'Неман', 36),
(618, 'Нерехта', 20),
(619, 'Нерчинск', 49),
(620, 'Нерюнгри', 65),
(621, 'Нестеров', 36),
(622, 'Нефтегорск', 18),
(623, 'Нефтекамск ', 4),
(624, 'Нефтекумск', 57),
(625, 'Нефтеюганск', 68),
(626, 'Нея', 20),
(627, 'Нижневартовск', 68),
(628, 'Нижнекамск ', 5),
(629, 'Нижнеудинск', 28),
(630, 'Нижние Серги', 21),
(631, 'Нижний Ломов', 48),
(632, 'Нижний Новгород', 34),
(633, 'Нижний Тагил', 21),
(634, 'Нижняя Салда', 21),
(635, 'Нижняя Тура', 21),
(636, 'Николаевск', 42),
(637, 'Николаевск-на-Амуре', 67),
(638, 'Никольск ', 16),
(639, 'Никольск', 48),
(640, 'Никольское ', 13),
(641, 'Новая Ладога ', 13),
(642, 'Новая Ляля', 21),
(643, 'Новоалександровск', 57),
(644, 'Новоалтайск', 32),
(645, 'Новоаннинский', 42),
(646, 'Нововоронеж', 52),
(647, 'Новодвинск', 29),
(648, 'Новозыбков', 25),
(649, 'Новокубанск ', 3),
(650, 'Новокузнецк', 19),
(651, 'Новокуйбышевск', 18),
(652, 'Новомичуринск', 43),
(653, 'Новомосковск ', 7),
(654, 'Новопавловск', 57),
(655, 'Новоржев', 51),
(656, 'Новороссийск ', 3),
(657, 'Новосибирск', 37),
(658, 'Новосиль ', 11),
(659, 'Новосокольники', 51),
(660, 'Новотроицк ', 2),
(661, 'Новоузенск', 41),
(662, 'Новоульяновск', 55),
(663, 'Новоуральск', 21),
(664, 'Новохопёрск', 52),
(665, 'Новочебоксарск', 66),
(666, 'Новочеркасск ', 8),
(667, 'Новошахтинск ', 8),
(668, 'Новый Оскол', 33),
(669, 'Новый Уренгой', 80),
(670, 'Ногинск ', 12),
(671, 'Нолинск ', 15),
(672, 'Норильск', 40),
(673, 'Ноябрьск', 80),
(674, 'Нурлат ', 5),
(675, 'Нытва', 58),
(676, 'Нюрба', 65),
(677, 'Нягань', 68),
(678, 'Нязепетровск', 44),
(679, 'Няндома', 29),
(680, 'Облучье', 72),
(681, 'Обнинск', 26),
(682, 'Обоянь', 56),
(683, 'Обь', 37),
(684, 'Одинцово ', 12),
(685, 'Ожерелье ', 12),
(686, 'Озёрск', 36),
(687, 'Озёрск', 44),
(688, 'Озёры ', 12),
(689, 'Октябрьск', 18),
(690, 'Октябрьский ', 4),
(691, 'Окуловка', 35),
(692, 'Олёкминск', 65),
(693, 'Оленегорск', 23),
(694, 'Олонец', 61),
(695, 'Омск', 45),
(696, 'Омутнинск ', 15),
(697, 'Онега', 29),
(698, 'Опочка', 51),
(699, 'Орёл', 11),
(700, 'Оренбург', 2),
(701, 'Орехово-Зуево ', 12),
(702, 'Орлов ', 15),
(703, 'Орск ', 2),
(704, 'Оса', 58),
(705, 'Осинники', 19),
(706, 'Осташков ', 14),
(707, 'Остров', 51),
(708, 'Островной', 23),
(709, 'Острогожск', 52),
(710, 'Отрадное ', 13),
(711, 'Отрадный', 18),
(712, 'Оха', 30),
(713, 'Оханск', 58),
(714, 'Очёр', 58),
(715, 'Павлово', 34),
(716, 'Павловск', 52),
(717, 'Павловский Посад ', 12),
(718, 'Палласовка', 42),
(719, 'Партизанск', 31),
(720, 'Певек', 69),
(721, 'Пенза', 48),
(722, 'Первомайск', 34),
(723, 'Первоуральск', 21),
(724, 'Перевоз', 34),
(725, 'Пересвет ', 12),
(726, 'Переславль-Залесский ', 10),
(727, 'Пермь', 58),
(728, 'Пестово', 35),
(729, 'Петров Вал', 42),
(730, 'Петровск', 41),
(731, 'Петровск-Забайкальский', 49),
(732, 'Петрозаводск', 61),
(733, 'Петропавловск-Камчатский', 74),
(734, 'Петухово', 59),
(735, 'Петушки', 27),
(736, 'Печора', 63),
(737, 'Печоры', 51),
(738, 'Пикалёво ', 13),
(739, 'Пионерский', 36),
(740, 'Питкяранта', 61),
(741, 'Плёс', 22),
(742, 'Плавск ', 7),
(743, 'Пласт', 44),
(744, 'Поворино', 52),
(745, 'Подольск ', 12),
(746, 'Подпорожье ', 13),
(747, 'Покачи', 68),
(748, 'Покров', 27),
(749, 'Покровск', 65),
(750, 'Полевской', 21),
(751, 'Полесск', 36),
(752, 'Полысаево', 19),
(753, 'Полярные Зори', 23),
(754, 'Полярный', 23),
(755, 'Поронайск', 30),
(756, 'Порхов', 51),
(757, 'Похвистнево', 18),
(758, 'Почеп', 25),
(759, 'Починок', 38),
(760, 'Пошехонье ', 10),
(761, 'Правдинск', 36),
(762, 'Приволжск', 22),
(763, 'Приморск ', 13),
(764, 'Приморско-Ахтарск ', 3),
(765, 'Приозерск ', 13),
(766, 'Прокопьевск', 19),
(767, 'Пролетарск ', 8),
(768, 'Протвино ', 12),
(769, 'Прохладный', 50),
(770, 'Псков', 51),
(771, 'Пугачёв', 41),
(772, 'Пудож', 61),
(773, 'Пустошка', 51),
(774, 'Пучеж', 22),
(775, 'Пушкино ', 12),
(776, 'Пущино ', 12),
(777, 'Пыталово', 51),
(778, 'Пыть-Ях', 68),
(779, 'Пятигорск', 57),
(780, 'Радужный', 27),
(781, 'Радужный', 68),
(782, 'Райчихинск', 53),
(783, 'Раменское ', 12),
(784, 'Рассказово', 54),
(785, 'Ревда', 21),
(786, 'Реж', 21),
(787, 'Реутов ', 12),
(788, 'Ржев ', 14),
(789, 'Родники', 22),
(790, 'Рославль', 38),
(791, 'Россошь', 52),
(792, 'Ростов ', 10),
(793, 'Ростов-на-Дону ', 8),
(794, 'Рошаль ', 12),
(795, 'Ртищево', 41),
(796, 'Рубцовск', 32),
(797, 'Рудня', 38),
(798, 'Руза ', 12),
(799, 'Рузаевка', 64),
(800, 'Рыбинск ', 10),
(801, 'Рыбное', 43),
(802, 'Рыльск', 56),
(803, 'Ряжск', 43),
(804, 'Рязань', 43),
(805, 'Салават ', 4),
(806, 'Салаир', 19),
(807, 'Салехард', 80),
(808, 'Сальск ', 8),
(809, 'Самара', 18),
(810, 'Санкт-Петербург', 13),
(811, 'Саранск', 64),
(812, 'Сарапул', 76),
(813, 'Саратов', 41),
(814, 'Саров', 34),
(815, 'Сасово', 43),
(816, 'Сатка', 44),
(817, 'Сафоново', 38),
(818, 'Саяногорск ', 1),
(819, 'Саянск', 28),
(820, 'Светлогорск', 36),
(821, 'Светлоград', 75),
(822, 'Светлый', 36),
(823, 'Светогорск ', 13),
(824, 'Свирск', 28),
(825, 'Свободный', 53),
(826, 'Себеж', 51),
(827, 'Северо-Курильск', 30),
(828, 'Северобайкальск', 47),
(829, 'Северодвинск', 29),
(830, 'Североморск', 23),
(831, 'Североуральск', 21),
(832, 'Северск', 24),
(833, 'Севск', 25),
(834, 'Сегежа', 61),
(835, 'Сельцо', 25),
(836, 'Семёнов', 34),
(837, 'Семикаракорск ', 8),
(838, 'Семилуки', 52),
(839, 'Сенгилей', 55),
(840, 'Серафимович', 42),
(841, 'Сергач', 34),
(842, 'Сергиев Посад ', 12),
(843, 'Сердобск', 48),
(844, 'Серов', 21),
(845, 'Серпухов ', 12),
(846, 'Сертолово ', 13),
(847, 'Сибай ', 4),
(848, 'Сим', 44),
(849, 'Сковородино', 53),
(850, 'Скопин', 43),
(851, 'Славгород', 32),
(852, 'Славск', 36),
(853, 'Славянск-на-Кубани ', 3),
(854, 'Сланцы ', 13),
(855, 'Слободской ', 15),
(856, 'Слюдянка', 28),
(857, 'Смоленск', 38),
(858, 'Снежинск', 44),
(859, 'Снежногорск', 23),
(860, 'Собинка', 27),
(861, 'Советск', 36),
(862, 'Советск ', 15),
(863, 'Советск ', 7),
(864, 'Советская Гавань', 67),
(865, 'Советский', 68),
(866, 'Сокол ', 16),
(867, 'Сокольники ', 7),
(868, 'Солигалич', 20),
(869, 'Соликамск', 58),
(870, 'Солнечногорск ', 12),
(871, 'Соль-Илецк ', 2),
(872, 'Сольвычегодск', 29),
(873, 'Сольцы', 35),
(874, 'Сорочинск ', 2),
(875, 'Сорск ', 1),
(876, 'Сортавала', 61),
(877, 'Сосенский', 26),
(878, 'Сосновка ', 15),
(879, 'Сосновоборск', 40),
(880, 'Сосновый Бор ', 13),
(881, 'Сосногорск', 63),
(882, 'Сочи ', 3),
(883, 'Спас-Деменск', 26),
(884, 'Спас-Клепики', 43),
(885, 'Спасск', 48),
(886, 'Спасск-Дальний', 31),
(887, 'Спасск-Рязанский', 43),
(888, 'Среднеколымск', 65),
(889, 'Среднеуральск', 21),
(890, 'Сретенск', 49),
(891, 'Ставрополь', 57),
(892, 'Старая Купавна ', 12),
(893, 'Старая Русса', 35),
(894, 'Старица ', 14),
(895, 'Стародуб', 25),
(896, 'Старый Оскол', 33),
(897, 'Стерлитамак ', 4),
(898, 'Стрежевой', 24),
(899, 'Строитель', 33),
(900, 'Струнино', 27),
(901, 'Ступино ', 12),
(902, 'Суворов ', 7),
(903, 'Суджа', 56),
(904, 'Судогда', 27),
(905, 'Суздаль', 27),
(906, 'Суоярви', 61),
(907, 'Сураж', 25),
(908, 'Сургут', 68),
(909, 'Суровикино', 42),
(910, 'Сурск', 48),
(911, 'Сусуман', 17),
(912, 'Сухиничи', 26),
(913, 'Сухой Лог', 21),
(914, 'Сызрань', 18),
(915, 'Сыктывкар', 63),
(916, 'Сысерть', 21),
(917, 'Сычёвка', 38),
(918, 'Сясьстрой ', 13),
(919, 'Тавда', 21),
(920, 'Таганрог ', 8),
(921, 'Тайга', 19),
(922, 'Тайшет', 28),
(923, 'Талдом ', 12),
(924, 'Талица', 21),
(925, 'Тамбов', 54),
(926, 'Тара', 45),
(927, 'Тарко-Сале', 80),
(928, 'Таруса', 26),
(929, 'Татарск', 37),
(930, 'Таштагол', 19),
(931, 'Тверь', 14),
(932, 'Теберда', 73),
(933, 'Тейково', 22),
(934, 'Темников', 64),
(935, 'Темрюк ', 3),
(936, 'Терек', 50),
(937, 'Тетюши ', 5),
(938, 'Тимашевск ', 3),
(939, 'Тихвин ', 13),
(940, 'Тихорецк ', 3),
(941, 'Тобольск', 39),
(942, 'Тогучин', 37),
(943, 'Тольятти', 18),
(944, 'Томари', 30),
(945, 'Томмот', 65),
(946, 'Томск', 24),
(947, 'Топки', 19),
(948, 'Торжок ', 14),
(949, 'Торопец ', 14),
(950, 'Тосно ', 13),
(951, 'Тотьма ', 16),
(952, 'Трёхгорный', 44),
(953, 'Троицк ', 12),
(954, 'Троицк', 44),
(955, 'Трубчевск', 25),
(956, 'Туапсе ', 3),
(957, 'Туймазы ', 4),
(958, 'Тула', 7),
(959, 'Тулун', 28),
(960, 'Туран ', 9),
(961, 'Туринск', 21),
(962, 'Тутаев ', 10),
(963, 'Тында', 53),
(964, 'Тырныауз', 50),
(965, 'Тюкалинск', 45),
(966, 'Тюмень', 39),
(967, 'Уварово', 54),
(968, 'Углегорск', 30),
(969, 'Углич ', 10),
(970, 'Удачный', 65),
(971, 'Удомля ', 14),
(972, 'Ужур', 40),
(973, 'Узловая ', 7),
(974, 'Улан-Удэ', 47),
(975, 'Ульяновск', 55),
(976, 'Унеча', 25),
(977, 'Урай', 68),
(978, 'Урень', 34),
(979, 'Уржум ', 15),
(980, 'Урус-Мартан', 71),
(981, 'Урюпинск', 42),
(982, 'Усинск', 63),
(983, 'Усмань', 60),
(984, 'Усолье', 58),
(985, 'Усолье-Сибирское', 28),
(986, 'Уссурийск', 31),
(987, 'Усть-Джегута', 73),
(988, 'Усть-Илимск', 28),
(989, 'Усть-Катав', 44),
(990, 'Усть-Кут', 28),
(991, 'Усть-Лабинск ', 3),
(992, 'Устюжна ', 16),
(993, 'Уфа ', 4),
(994, 'Ухта', 63),
(995, 'Учалы ', 4),
(996, 'Уяр', 40),
(997, 'Фатеж', 56),
(998, 'Фокино', 25),
(999, 'Фокино', 31),
(1000, 'Фролово', 42),
(1001, 'Фрязино ', 12),
(1002, 'Фурманов', 22),
(1003, 'Хабаровск', 67),
(1004, 'Хадыженск ', 3),
(1005, 'Ханты-Мансийск', 68),
(1006, 'Харабали', 46),
(1007, 'Харовск ', 16),
(1008, 'Хасавюрт', 62),
(1009, 'Хвалынск', 41),
(1010, 'Хилок', 49),
(1011, 'Химки ', 12),
(1012, 'Холм', 35),
(1013, 'Холмск', 30),
(1014, 'Хотьково ', 12),
(1015, 'Цивильск', 66),
(1016, 'Цимлянск ', 8),
(1017, 'Чёрмоз', 58),
(1018, 'Чадан ', 9),
(1019, 'Чайковский', 58),
(1020, 'Чапаевск', 18),
(1021, 'Чаплыгин', 60),
(1022, 'Чебаркуль', 44),
(1023, 'Чебоксары', 66),
(1024, 'Чегем', 50),
(1025, 'Чекалин ', 7),
(1026, 'Челябинск', 44),
(1027, 'Чердынь', 58),
(1028, 'Черемхово', 28),
(1029, 'Черепаново', 37),
(1030, 'Череповец ', 16),
(1031, 'Черкесск', 73),
(1032, 'Черноголовка ', 12),
(1033, 'Черногорск ', 1),
(1034, 'Чернушка', 58),
(1035, 'Черняховск', 36),
(1036, 'Чехов ', 12),
(1037, 'Чистополь ', 5),
(1038, 'Чита', 49),
(1039, 'Чкаловск', 34),
(1040, 'Чудово', 35),
(1041, 'Чулым', 37),
(1042, 'Чусовой', 58),
(1043, 'Чухлома', 20),
(1044, 'Шагонар ', 9),
(1045, 'Шадринск', 59),
(1046, 'Шали', 71),
(1047, 'Шарыпово', 40),
(1048, 'Шарья', 20),
(1049, 'Шатура ', 12),
(1050, 'Шахтёрск', 30),
(1051, 'Шахты ', 8),
(1052, 'Шахунья', 34),
(1053, 'Шацк', 43),
(1054, 'Шебекино', 33),
(1055, 'Шелехов', 28),
(1056, 'Шенкурск', 29),
(1057, 'Шилка', 49),
(1058, 'Шимановск', 53),
(1059, 'Шиханы', 41),
(1060, 'Шлиссельбург ', 13),
(1061, 'Шумерля', 66),
(1062, 'Шумиха', 59),
(1063, 'Шуя', 22),
(1064, 'Щёкино ', 7),
(1065, 'Щёлково ', 12),
(1066, 'Щербинка ', 12),
(1067, 'Щигры', 56),
(1068, 'Щучье', 59),
(1069, 'Электрогорск ', 12),
(1070, 'Электросталь ', 12),
(1071, 'Электроугли ', 12),
(1072, 'Элиста', 77),
(1073, 'Энгельс', 41),
(1074, 'Эртиль', 52),
(1075, 'Юбилейный ', 12),
(1076, 'Югорск', 68),
(1077, 'Южа', 22),
(1078, 'Южно-Сахалинск', 30),
(1079, 'Южно-Сухокумск', 62),
(1080, 'Южноуральск', 44),
(1081, 'Юрга', 19),
(1082, 'Юрьев-Польский', 27),
(1083, 'Юрьевец', 22),
(1084, 'Юрюзань', 44),
(1085, 'Юхнов', 26),
(1086, 'Ядрин', 66),
(1087, 'Якутск', 65),
(1088, 'Ялуторовск', 39),
(1089, 'Янаул ', 4),
(1090, 'Яранск ', 15),
(1091, 'Яровое', 32),
(1092, 'Ярославль', 10),
(1093, 'Ярцево', 38),
(1094, 'Ясногорск ', 7),
(1095, 'Ясный ', 2),
(1096, 'Яхрома ', 12)
ON DUPLICATE KEY UPDATE
  `cityName` = VALUES(cityName),
  `areaId` = VALUES(areaId);

INSERT INTO `coatTypes` (`id`, `coatType`, `coatTypeEng`, `description`) VALUES
(1, 'Короткая шерсть', 'Short', NULL),
(2, 'Естественный Длинношерстный', 'Natural Long-Haired', NULL),
(3, 'Гладкошерстный', 'Smooth', NULL),
(4, 'Жесткошерстный', 'Wire', NULL),
(5, 'Тяжелый', 'Heavy Coated', NULL),
(6, 'Кучерявый и волнистый', 'Curly & Wavy', NULL),
(7, 'Проволочная', 'Corded', NULL),
(8, 'Шелковистый', 'Silky', NULL),
(9, 'Двойной', 'Double', NULL),
(10, 'Комбинированный', 'Combination', NULL)
ON DUPLICATE KEY UPDATE
  `coatType` = VALUES(coatType),
  `coatTypeEng` = VALUES(coatTypeEng),
  `description` = VALUES(description);

INSERT INTO `distributors` (`id`, `city`, `cityId`, `distributorName`, `distributorCompany`, `address`, `phone`, `phone2`, `cellPhone`, `shopPhone`, `site`, `email`, `description`, `show_on_site`) VALUES
(1, 'Астрахань', 48, 'Выборнова Галина', '', '', '+7(917)186-1035', '', '', '', '', 'red_sen@list.ru', NULL, 1),
(6, 'Барнаул', 69, 'Бочарникова Юлия Николаевна', '', '', '+7(923)642-5799', '', '', '', '', 'bocharjul@yandex.ru', NULL, 1),
(7, 'Волгоград', 162, 'Циркунова Валентина Александровна', '', '', '+7(927)061-5648', '+7(961)673-2760', '', '', '', '', NULL, 0),
(8, 'Воронеж', 175, '', 'Магазин «Нора»', 'ул. Фридриха Энгельса 39', '+7(4732)918-111', '', '', '', 'http://www.vrn-nora.ru', '', NULL, 1),
(9, 'Екатеринбург', 266, 'Олеся Коновалова', '', 'Сурикова 24 зоомагазин Верные друзья<br>\r\nБардина 40/1 -зоомагазин Верные друзья<br>\r\nпер. Черноморский 3 зоомагазин Лиана<br>', '+73433459599', '', '', '', '', '', NULL, 1),
(10, 'Казань', 342, 'Крайкова Ольга', '', 'ул. 2-ая Югозападная, 3 , зоосалон "Дай лапу"<br>\r\n"Зоолавка" ТЦ Парк Хаус 2-ой этаж', '+7(917)266-4827', '', '', '', '', 'olgaex@mail.ru', NULL, 0),
(11, 'Киров', 398, 'Юрлов Александр Владимирович', '', '', '+7(905)871-9082', '', '', '', '', 'myaddib@gmail.com', NULL, 0),
(12, 'Липецк', 515, 'Гладких Анастасия Константиновна', '', '', '+7(905)681-0434', '', '', '', '', 'irbis2312@mail.ru', NULL, 0),
(13, 'Москва', 589, '', 'Зоосалон «Белый Волк»', 'Ул. Орджоникидзе д. 7, Метро «Ленинский проспект» 10 минут пешком', '+7(495)792-61-12', '', '', '', 'http://www.zoosaloon.com', '', NULL, 0),
(14, 'Москва', 589, '', 'ООО Торговая компания «Зоомикс»', '', '+7(499)127-56-13', '', '', '', '', '', NULL, 1),
(15, 'Москва', 589, '', 'Торговая фирма «ГрумСтиль» РКФ', 'Москва, ул. Гостиничная , дом 9, корп. 4, подъезд 4, этаж 2, офис 229(Здание РКФ)', '8(495)482-16-18', '8(495)482-22-26', '8(916)520-2559', '', '', '', NULL, 1),
(16, 'Москва', 589, '', 'Ветеринарная клиника «Хатико»', 'Ул. Авиационная, д.70, кор.1 вход со двораМетро «Щукинская» 5 минут пешком', '8(495)504-55-71', '', '', '', 'http://www.hatiko-vet.ru', '', NULL, 0),
(17, 'Москва', 589, '', 'Студия Груминга Анны Бардышевой', 'Метро «Новые Черемушки»ул. Вавилова д. 97', '+7(926)532-6627', '+7(495)7408736', '', '', '', 'anna.bardysheva@gmail.com', NULL, 0),
(18, 'Москва', 589, '', 'Интернет-магазин Pet Gear', 'Метро «Речной Вокзал»', '', '+7(985)455-0199', '', '', 'http://www.petgear.ru', '', NULL, 1),
(19, 'Москва', 589, '', 'Интернет-магазин Наши зверушки', '', '8(906)076-9989', '8(916)777-3063', '', '', 'http://www.nashi-zverushki.alltrades.ru', '', NULL, 0),
(20, 'Мурманск', 593, 'Беляева Наталья Николаевна', '', '', '+7(908)605-6000', '', '', '', '', 'natalya390@gmail.com', NULL, 1),
(21, 'Мурманск', 593, '', 'Зал ринговой подготовки "Мой Чемпион"', 'ул. Книповича, дом 46', '+7(960)020-9150 - Наталья', '+7(921)272-7805 - Галина', '', '', '', '', NULL, 1),
(22, 'Находка', 611, 'Есина Мария', 'Салон"Глория Шик"', 'Советская, 7-в, здание клиники\r\n"Ника-вет"', '+7(902)525-8691', '', '', '', '', '', NULL, 1),
(23, 'Нижний Новгород', 632, '', 'ИП Макарова', 'ул.Пискунова 3/4', '423-40-23', '', '', '', '', '', NULL, 1),
(24, 'Новокузнецк', 650, 'Елена Зыкова', '', '', '+7(903)909-6435', '', '', '', '', '', NULL, 1),
(25, 'Омск', 695, 'Екатерина Антоненко', '', '', '+7(905)942-3371', '+7(3812)725555', '', '', '', '', NULL, 1),
(26, 'Орел', 699, '', 'Зоосалон "Грумстиль"', 'пер.Ягодный,2', '+7(920)287-2472', '+7(920)818-1842', '', '8(4862)420-369', '', '', NULL, 1),
(27, 'Пермь', 727, 'Малинина Алёна', '', '', '+7(919)497-0414', '', '', '', 'http://shop.dog59.ru', 'malininaalena@mail.ru', NULL, 1),
(28, 'Петропавловск-Камчатский', 733, 'Гаврилова Галина Валентиновна', '', '', '+7(914)020-9276', '', '', '', '', '', NULL, 1),
(29, 'Рязань', 804, 'Сергей', '', 'ул. Новоселов, д.14\\16, прикассовая зона\r\nм-на АТАК', '+7(910)639-4617', '', '', '', '', '246921@mail.ru', NULL, 0),
(30, 'Самара', 809, 'Радаева Дарья Александровна', '', '', '+7(927)018-7415', '', '', '', '', 'vodnui-mir@yandex.ru', NULL, 1),
(31, 'Саратов', 813, 'Марина Кольцова', '', 'ул.Советская,д.20/28', '+7(927)223-9420', '8(8452)599-788', '', '', '', 'marinakoltcova@mail.ru', NULL, 0),
(32, 'Тула', 958, 'Центр Шоу Дог - хендлинг зал и груминг салон', '', 'ул. Павшинский мост дом  2', '8(903)658-1159', '8(920)275-9685', '', '', '', '', NULL, 0),
(33, 'Уфа', 993, 'Щербакова Елена Владимировна', '', '', '8(917)758-2883', '8(937)168-8163', '', '', '', 'elena8118@yandex.ru', NULL, 1),
(34, 'Челябинск', 1026, '', 'ООО "БиоРос" (ZOOритм)', 'ул. Ильменская, д.2;\r\nпр. Космольский, д.37', '+7(912)316-9030', '+7(906)866-3504', '', '+7(3512)706-661', '', 'szvd@bk.ru', NULL, 1),
(35, 'Челябинск', 1026, 'Синельникова Елена Александровна', '', '', '+7(963)074-7001', '', '', '', '', 'norverika@yandex.ru', NULL, 0),
(36, 'Иркутск', 334, 'зоомагазин «Какаду»', NULL, 'ул.Маяковского, 19', '+7(3952) 744-192', '', '', '', '', NULL, NULL, 1),
(37, 'Иркутск', 334, '', 'Зоомагазин Онлайн', '', '+7(3952)404-434', '', '', '', 'http://www.petstoreonline.ru', NULL, NULL, 1),
(38, 'Шелехов', 1055, '', 'Зоомагазин Онлайн', '', '+7(3952)404-434', '', '', '', 'http://www.petstoreonline.ru', '', NULL, 1),
(39, 'Ангарск', 27, '', 'Зоомагазин Онлайн', '', '+7(3952)404-434', '', '', '', 'http://www.petstoreonline.ru', '', NULL, 1),
(40, 'Архангельск', 45, 'Прилуцкая Наталья Владимировна', '', '', '8(911)680-2106', '', '', '', '', '', NULL, 1),
(41, 'Краснодар', 455, '', 'интернет-магазин La Bel''kantes', '', '8(861)225-9559', '8(961)522-9721', '8(918)686-3845', '', 'http://www.belkantes.ru', '', NULL, 1),
(42, 'Санкт-Петербург', 810, 'Петрова Екатерина', '', '', '8(911)775-8075', '', '', '', '', 'e.v._petrova@mail.ru', NULL, 1),
(43, 'Санкт-Петербург', 810, '', 'Интернет-магазин «София»', '', '8(812)971-8611', '8(812)313-9321', '8(812)925-0726', '', 'http://www.sofiya-spb.ru', 'sofiya.spb@gmail.com', NULL, 1),
(44, 'Курск', 488, 'Сазонова Наталья Эдуардовна', '', '', '8(951)073-9492', '8(951)323-0791', '', '', '', 'tus.nata2013@yandex.ru', NULL, 1),
(45, 'Саратов', 813, 'Викторова Ольга', '', '', '+7(927)155-8456', '8(8452)46-45-62', '', '', '', '', NULL, 1),
(46, 'Балаково', 62, 'Викторова Ольга', '', '', '+7(927)155-8456', '8(8452)46-45-62', '', '', '', '', NULL, 1),
(47, 'Хабаровск', 1003, '', 'Интернет-магазин «Хабсобака»', 'г. Хабаровск, ул. Гамарника 72, офис 101', '+7(4212)24-24-50', '', '', '', 'www.khabsobaka.ru', 'shop@khabsobaka.ru', NULL, 1),
(48, 'Казань', 342, '', 'ИП Равилов Рустам Хаметович', '', '', '', '', '', '', 'alenaruzanova@gmail.com', NULL, 1),
(49, 'Киров', 398, 'ИП Синицын Л.Г.', '', '', '8(905)871-6727', '8(905)871-5549', '', '', '', 'ptici@mail.ru', NULL, 1)
ON DUPLICATE KEY UPDATE
  `city` = VALUES(city),
  `cityId` = VALUES(cityId),
  `distributorName` = VALUES(distributorName),
  `distributorCompany` = VALUES(distributorCompany),
  `address` = VALUES(address),
  `phone` = VALUES(phone),
  `phone2` = VALUES(phone2),
  `cellPhone` = VALUES(cellPhone),
  `shopPhone` = VALUES(shopPhone),
  `site` = VALUES(site),
  `email` = VALUES(email),
  `description` = VALUES(description),
  `show_on_site` = VALUES(show_on_site);

INSERT INTO `kennelList` (`id`, `name`, `email`, `sent`) VALUES
(1, 'null', 'tatyan-vyborov@yandex.ru', 0),
(2, 'null', 'tutsi008@rambler.ru', 0),
(3, 'null', '7379524@mail.ru', 0),
(4, 'null', 'mu4a4olka@mail.ru', 0),
(5, 'null', 'vohumana-dog@yandex.ru', 0),
(6, 'null', 'sekretudachi@mail.ru', 0),
(7, 'null', 'lenna_4ca@pochta.ru', 0),
(8, 'null', 'flv@woskresensk.ru', 0),
(9, 'null', 'loidisolga@ya.ru', 0),
(10, 'null', 'FlaiFlau@yandex.ru', 0),
(11, 'null', 'shevchenko@sdm.ru', 0),
(12, 'null', 'cadebou-khv@yandex.ru', 0),
(13, 'null', 'fomina.svetlana@list.ru', 0),
(14, 'null', 'aev_dialog@mail.ru', 0),
(15, 'null', 'an1970bn@yandex.ru', 0),
(16, 'null', 'elenagartman@narod.ru', 0),
(17, 'null', 'kerung@rambler.ru', 0),
(18, 'null', 'galina-vlada@yandex.ru ', 0),
(19, 'null', 'yarsay71@mail.ru', 0),
(20, 'null', 'restors@gmail.com', 0),
(21, 'null', 'zaksor_natasha@mail.ru', 0),
(22, 'null', 'dogproffi@yandex.ru', 0),
(23, 'null', 'kardigana@mail.ru', 0),
(24, 'null', 'antyaneto4ka@gmail.com', 0),
(25, 'null', 'patefonn@mail.ru', 0),
(26, 'null', 'olga@belissimo-bravo.ru', 0),
(27, 'null', 'yan1399@bk.ru', 0),
(28, 'null', 'minu_neige@list.ru', 0),
(29, 'null', 'natali-puma2008@yandex.ru', 0),
(30, 'null', 'leha7930@yandex.ru', 0),
(31, 'null', 'mlapa@yandex.ru', 0),
(32, 'null', 'nyarstrong@rambler.ru', 0),
(33, 'null', 'olegrokatrin@mail.ru', 0),
(34, 'null', 'angela-handler@rambler.ru', 0),
(35, 'null', 'mooner361@mail.ru', 0),
(36, 'null', 'ret-river@inbox.ru', 0),
(37, 'null', 'dog-aivengo@yandex.ru', 0),
(38, 'null', 'mono_ptiz@yahoo.com', 0),
(39, 'null', 'nas98491093@yandex.ru', 0),
(40, 'null', 'Svetlana_Elf@mail.ru', 0),
(41, 'null', 'vikentiya.lis@mail.ru', 0),
(42, 'null', 'ekaterina-poznyak@yandex.ru', 0),
(43, 'null', 'mopsohaus@mail.ru', 0),
(44, 'null', 'ljudmillan@mail.ru', 0),
(45, 'null', 'vicky_kvn@mail.ru', 0),
(46, 'null', 'dobergerda@mail.ru', 0),
(47, 'null', 'chuprinko@hotbox.ru', 0),
(48, 'null', 'allakulikovskay.@mail.ru', 0),
(49, 'null', '75alisia@mail.ru', 0),
(50, 'null', 'faratora@mail.ru', 0),
(51, 'null', 'volchitca_13@inbox.ru', 0),
(52, 'null', 'showforever@mail.ru', 0),
(53, 'null', 'www.lesko06@rol.ru', 0),
(54, 'null', 'postir1@mail.ru', 0),
(55, 'null', 'us19192@bk.ru', 0),
(56, 'null', 'ljusjah@list.ru', 0),
(57, 'null', 'ditman61@mail.ru', 0),
(58, 'null', 'elf336@inbox.ru', 0),
(59, 'null', 'fridens_collies@hotmail.com', 0),
(60, 'null', 'denfris@hotmail.com', 0),
(61, 'null', 'kazulsky66@mail.ru', 0),
(62, 'null', 'iossifova@mail.ru', 0),
(63, 'null', 'atletika-servis@rambler.ru', 0),
(64, 'null', 'winsal@yandex.ru', 0),
(65, 'null', 'nauanna@mail.ru', 0),
(66, 'null', 'IRON_LADY@MAIL.RU', 0),
(67, 'null', 'irishkabarbie@yandex.ru', 0),
(68, 'null', 'chikova39@rambler.ru', 0),
(69, 'null', 'klvlev@yandex.ru', 0),
(70, 'null', 'sousol74@mail.ru', 0),
(71, 'null', 'Kunakhfan@rambler.ru', 0),
(72, 'null', 'GLYK-9317@yandex.ru', 0),
(73, 'null', 'alena.k@e1.ru', 0),
(74, 'null', 'urs_@mail.ru', 0),
(75, 'null', 'mahnyasha@ya.ru', 0),
(76, 'null', 'akita-tore@mail.ru', 0),
(77, 'null', 'lesya731@rambler.ru', 0),
(78, 'null', 'julika-13@mail.ru', 0),
(79, 'null', 'bolvdushe@mail.ru', 0),
(80, 'null', 'molli_natascha@mail.ru', 0),
(81, 'null', 'l.a.kisa@mail.ru', 0),
(82, 'null', 'bers---mobi@yandex.ru', 0),
(83, 'null', 'kesa-godzen@bigmir.net', 0),
(84, 'null', 'lisonok147@mail.ru', 0),
(85, 'null', 'stels38@yandex.ru', 0),
(86, 'null', 'Alex-diskus@yandex.ru', 0),
(87, 'null', 'heaven666@yandex.ru', 0),
(88, 'null', 'lariadna@mail.ru', 0),
(89, 'null', 'Malanin.Andrei@rambler.ru', 0),
(90, 'null', 'marie.stiffwind@rambler.ru', 0),
(91, 'null', 'leonovas@list.ru', 0),
(92, 'null', 'romaska_mik@mail.ru', 0),
(93, 'null', 'Diana_sirius@rambler.ru', 0),
(94, 'null', 'hunterlara@mail.ru', 0),
(95, 'null', 'sun_nats@mail.ru', 0),
(96, 'null', 'vais2005@rambler.ru', 0),
(97, 'null', 'kirra.87@mail.ru', 0),
(98, 'null', 'irinarona@mail.ru', 0),
(99, 'null', 'julia@liibela.ee', 0),
(100, 'null', 'romanenko@donapex.net', 0),
(101, 'null', 'NaFAnailka@yandex.ru', 0),
(102, 'null', 'polia-st@inbox.ru', 0),
(103, 'null', 'berta_1996@mail.ru', 0),
(104, 'null', 'tanya@dogbrt.ru', 0),
(105, 'null', 'alena486@mail.ru', 0),
(106, 'null', 'dikaya-babochka@mail.ru', 0),
(107, 'null', 'svetla-savickaya@yandex.ru', 0),
(108, 'null', 'larchik-l@list.ru', 0),
(109, 'null', 'nem@online.debryansk.ru', 0),
(110, 'null', 'Alinyxa@yandex.ru', 0),
(111, 'null', 'kiselev10@yandex.ru', 0),
(112, 'null', 'elefanta-new@mail.ru', 0),
(113, 'null', 'sizovvs@yandex.ru', 0),
(114, 'null', 'elis-3008@yandex.ru', 0),
(115, 'null', 'grinka@gmail.com', 0),
(116, 'null', 'anastasia-stolbova@yandex.ru', 0),
(117, 'null', 'ellada812@mail.ru', 0),
(118, 'null', 'tarlar71@yandex.ru', 0),
(119, 'null', 'root@tat.tsk.ru', 0),
(120, 'null', 'Olivs@rambler.ru', 0),
(121, 'null', 'gfgbkmjy@rambler.ru', 0),
(122, 'null', 'Ajikina@mail.ru', 0),
(123, 'null', 'alyonka0183@mail.ru', 0),
(124, 'null', 'viki_fl@mail.ru', 0),
(125, 'null', 'lak960@yandex.ru', 0),
(126, 'null', 'AZAZZELL2@GMAIL.COM', 0),
(127, 'null', 'a-viktory@yandex.ru', 0),
(128, 'null', 'kaktusgreen@gmail.com', 0),
(129, 'null', 'bochkarevam@mail.ru', 0),
(130, 'null', 'morozyunya@rambler.ru', 0),
(131, 'null', 'k-sveta63@mail.ru', 0),
(132, 'null', 'ss_alena@mail.ru', 0),
(133, 'null', 'liss.555@mail.ru', 0),
(134, 'null', 'ottavi@rambler.ru', 0),
(135, 'null', 'astsamuraj@lisn.ru', 0),
(136, 'null', 'Dasha151515@mail.ru', 0),
(137, 'null', 'bastindadob@mail.ru', 0),
(138, 'null', 'irina-lesnaya26a@yandex.ru', 0),
(139, 'null', 'lenanensi@mail.ru', 0),
(140, 'null', 'sigitova@mail.ru', 0),
(141, 'null', 'kuzin_perevod@mail.ru', 0),
(142, 'null', 'larsik777@inbox.ru', 0),
(143, 'null', 'cvet.83@inbox.ru', 0),
(144, 'null', 'saaburo@yandex.ru', 0),
(145, 'null', 'gapagolub@rambler.ru', 0),
(146, 'null', 'polina_leskova@mail.ru', 0),
(147, 'null', 'pit70@list.ru', 0),
(148, 'null', 'Katka1988@inbox.ru', 0),
(149, 'null', 'bunanna@mail.ru', 0),
(150, 'null', 'natasha.baranova@convergent-usa.com', 0),
(151, 'null', '903156@mail.ru', 0),
(152, 'null', 'big-papa@mail.ru', 0)
ON DUPLICATE KEY UPDATE
  `name` = VALUES(name),
  `email` = VALUES(email),
  `sent` = VALUES(sent);

INSERT INTO `lineTypes` (`id`, `line`) VALUES
(1, 'Линия основного ухода'),
(2, 'Средства для укладки (Стайлинг)'),
(3, 'Серия салонной косметики'),
(4, 'Серия "Натуральная Роскошь"'),
(5, 'Серия «Everyday»'),
(6, 'Серия «Naturaluxury»')
ON DUPLICATE KEY UPDATE
  `line` = VALUES(line);

INSERT INTO `menuCatalog` (`id`, `title`) VALUES
(1, 'Шампуни'),
(2, 'Кондиционеры'),
(3, 'Спреи для грумминга'),
(4, 'Добавки для шерсти'),
(5, 'Средства для укладки'),
(6, 'Дезодорант'),
(7, 'Подарки и подарочные наборы')
ON DUPLICATE KEY UPDATE
  `title` = VALUES(title);

INSERT INTO `products` (`id`, `engTitle`, `rusTitle`, `shortDescription`, `fullDescription`, `application`, `ingredients`, `imgName`, `catalogID`, `lineId`, `keywords`) VALUES
(1, 'No. 10 Evening Primrose Oil Shampoo', 'Шампунь № 10 „Масло Вечерней Примулы”', 'Предназначен для улучшения структуры шерсти, питает сухую кожу,\r\nдобавляет блеск, способствует исцелению, облегчает расчесывание.\r\nПодходит для использования каждый день. Содержит 1% масла\r\nВечерней Примулы. Богат жирными кислотами Омега 6. Масло \r\nВечерней Примулы творит чудеса на коже и шерсти.\r\nдобавляет блеск, способствует исцелению, облегчает расчесывание.\r\nПодходит для использования каждый день. Содержит 1% масла\r\nВечерней Примулы. Богат жирными кислотами Омега 6. Масло \r\nВечерней Примулы творит чудеса на коже и шерсти.', 'Этот шампунь для собак уникален тем, что  удалось растворить масло Вечерней примулы в воде и при этом довести концентрацию до 1%. Таким образом, шампунь,  вымывая естественные масла из шерсти,  заменит их маслом Вечерней Примулы,  необходимым для здоровой и блестящей шерсти. Масло Вечерней Примулы является успокаивающим по своей природе и помогает в выздоровлении сухой и шелушащейся кожи. Если шерсть имеет нормальное, правильное содержание масел, то она будет хорошо противостоять попаданию и закреплению частичек грязи, отталкивая их,  будет меньше пачкаться и не будет страдать от внешних атмосферных и тепловых воздействий, сохраняя надолго красивый, здоровый вид.', 'Хорошо намочите шерсть, нанесите шампунь, хорошо пропитайте,  помогая руками тщательно распределиться по всей шерсти. Оставьте шампунь на 2-5 минут, а затем тщательно смойте. Используйте кондиционер  No.50 или No.51, затем промойте и просушите. Если шерсть Вашей собаки очень грязная, то может потребоваться повторное мытье.', 'мягкая вода, лаурет сульфат натрия, диэтаноламин кокамид, сополимер акрилата, полиэтиленгликоль-3 дистеарат, масло энотеры двухлетней (энотеры), ароматизирующее вещество, ДМДМ гидантоин, лодопропинил бутилкарбамат, лимонная кислота, хлорид натрия', '10-Evening-Primrose-Oil-Shampoo', 1, 1, 'Шампунь для собак, шампунь для собак всех пород, щампунь для йоркширского терьера, шампунь для собак, шампунь для собак, шампунь для собак, шампунь для собак'),
(2, 'No. 12 High  Grade Evening Primrose Oil Shampoo ', 'Шампунь № 12 „Масло Вечерней Примулы". Тройная Сила.', 'Данный шампунь содержит в три раза больше  масла Вечерней Примулы, чем шампунь No.10. Этот лечебный, питательный продукт, заботящийся о шерсти собаки, позволяет избавиться от зуда, шелушащейся кожи и восстановить здоровую, естественную красоту волос. Богат жирными кислотами Омега 6.', 'Данный шампунь содержит в три раза больше  масла Вечерней Примулы, чем шампунь No.10. Этот лечебный, питательный продукт, заботящийся о шерсти собаки, позволяет избавиться от зуда, шелушащейся кожи и восстановить здоровую, естественную красоту волос. Богат жирными кислотами Омега 6. Активным ингредиентом, делающим этот продукт уникальным, является эффективное масло Вечерней Примулы, предписанное в клинических исследованиях для исправления сухой кожи, не закупоривающее, но стимулирующее структурные изменения в коже. Масло Вечерней Примулы богато гамма - линолевой кислотой, которая была в ходе научных исследований определена как наиболее важная жирная кислота в балансировании простагландинов (регулирующая молекула, влияющая на воспалительные процессы) у собак с аллергическими признаками. Приводит к улучшению гидратации кожи, защите кожи от внешних воздействий и помогает при воспалительных процессах. ', 'Хорошо намочите шерсть, нанесите шампунь, хорошо пропитайте помогая руками тщательно распределиться по всей шерсти. Оставьте шампунь на 2-5 минут, а затем ее необходимо основательно смыть. Используйте кондиционер Formula No.50 или No.51, затем промойте и просушите. Если шерсть Вашей собаки очень грязная, то может потребоваться повторное мытье. \n\nМожет разбавляться водой в соотношении 10:1\n', 'мягкая вода, лаурет сульфат натрия, диэтаноламин кокамид, сополимер акрилата масло энотеры двухлетней (энотеры), полиэтиленгликоль-3, дистеарат, ароматизирующее вещество, ДМДМ гидантоин, лодопропинил бутилкарбамат, лимонная кислота, хлорид натрия', '12-High-Grade-Evening-Primrose-Oil-Shampoo', 1, 1, ''),
(3, 'No. 16 White Coat Evening Primrose Oil Shampoo', 'Шампунь № 16 „Масло Вечерней Примулы  Для Белой Шерсти”', 'Предназначен для белой шерсти, но также может использоваться\nна кремовой. Подходит для ежедневного использования.\nШампунь для белой шерсти отличается от других подобных \nотбеливающих шампуней тем, что не содержит отбеливателей \nи вредных химических веществ, которые могут нанести вред шерсти \nВашей собаки. Шампунь придает  шерсти  невероятно  белый   цвет.\n\n\n\n\n\n\n\n\n', 'Шампунь для белой шерсти, отличается от других подобных отбеливающих шампуней, тем, что не содержит отбеливателей и вредных химических веществ, которые могут нанести вред шерсти Вашей собаки. Основа его схожа с No.10 (1%). Нам удалось добиться смешивания пигмента с маслом. Поэтому когда шерсть впитывает масло, она впитывает вместе с маслом пигмент присутствующий в масле. Синий пигмент преломляет яркий свет, придавая шерсти невероятно яркий белый цвет. Прекрасное свойство этого шампуня заключается в том, что Вам не придется беспокоиться об отбеливании других цветов шерсти. Можно мыть вашу собаку хоть каждый день этим шампунем, не нанося никакого ущерба шерсти. Вы только заметите, как шерсть будет становиться все лучше и лучше. ', 'Хорошо намочите шерсть, нанесите шампунь, хорошо пропитайте помогая руками тщательно распределиться по всей шерсти. Оставьте шампунь на 2-5 минут, а затем ее необходимо основательно смыть. Используйте кондиционер Formula No.50 или No.51, затем промойте и просушите. Если шерсть Вашей собаки очень грязная, то может потребоваться повторное мытье. \nМожет разбавляться водой в соотношении 10:1\n', 'мягкая вода, лаурет сульфат натрия, диэтаноламин кокамид, сополимер акрилата масло энотеры двухлетней (энотеры), полиэтиленгликоль-3, дистеарат, ароматизирующее вещество, ДМДМ гидантоин, лодопропинил бутилкарбамат, лимонная кислота, хлорид натрия', '16-EPO-White-Coat-Shampoo', 1, 1, 'Шампунь для белой шерсти, шампунь для белых собак, шампунь для белой шерсти, оттеночный шампунь для белой шерсти, оттеночный шампунь для белой шерсти, шампунь для белой шерсти'),
(4, 'No. 17 Copper Coat Evening Primrose Oil Shampoo ', 'Шампунь № 17 „Масло Вечерней Примулы  Для Медной Шерсти”', 'Предназначен для шерсти медного и шоколадного окраса. \nУсиливает цвет. Не сушит шерсть, так как не содержит красителей и \nхны. Предназначен для улучшения структуры шерсти, облегчает \nрасчесывание, придает блеск, предупреждает сухость кожи.\nПодходит для ежедневного использования. \n\n\n\n\n\n\n\n\n\n\n\n', 'Данный продукт базируется на Formula No.10 (1%). Этот шампунь для коричневой шерсти всех оттенков отличается от других продуктов для усиления цвета тем, что не содержит красители или хну. Шерсть, пропитываясь маслом будет впитывать пигмент. Коричневый пигмент будет создавать оптический эффект преломляя все оттенки коричневого цвета, усиливая, делая богаче и ярче. Прекрасное свойство этого шампуня заключается в том, что вам не стоит беспокоиться о потере других цветов шерсти. Этот продукт прекрасно показал себя на трехцветном Английском Кокер Спаниеле, а также на Мягкошерстном Пшеничном Терьере. Этим шампунем можно мыть вашу собаку хоть каждый день, совершенно не боясь причинить вреда шерсти. С каждым днем шерсть будет становиться только лучше и лучше.', 'Хорошо намочите шерсть, нанесите шампунь, хорошо пропитайте помогая руками тщательно распределиться по всей шерсти. Оставьте шампунь на 2-5 минут, а затем ее необходимо основательно смыть. Используйте кондиционер Formula No.50 или No.51, затем промойте и просушите. Если шерсть Вашей собаки очень грязная, то может потребоваться повторное мытье. \nМожет разбавляться водой в соотношении 10:1\n', 'мягкая вода, лаурет сульфат натрия, диэтаноламин кокамид, сополимер акрилата, полиэтиленгликоль-3 дистеарат, масло энотеры двухлетней (энотеры), ароматизирующее вещество, ДМДМ гидантоин, лодопропинил бутилкарбамат, лимонная кислота, хлорид натрия, бензофенон-4, синий краситель №1, красный краситель № 33', '17-Copper-Coat-Evening-Primrose-Oil-Shampoo', 1, 1, 'Шампунь для черной шерсти, шампунь для черных собак, шампунь для черной шерсти, оттеночный шампунь для черной шерсти, оттеночный шампунь для черной шерсти, шампунь для черной шерсти'),
(5, 'No. 18 Black Coat Evening Primrose Oil Shampoo', 'Шампунь № 18 „Масло Вечерней Примулы  Для Черной Шерсти”', 'Предназначен для черной или очень темной шерсти, таких окрасов\nкак темный красновато-коричневый или махагоновый. Содержит 1%\nмасла Вечерней Примулы. Прекрасное свойство этого шампуня \nзаключается в том, что вам не стоит беспокоиться о потере других \nцветов шерсти. Подходит для ежедневного мытья Вашей собаки.\n\n\n\n\n\n\n\n\n\n\n', 'Данный продукт базируется на Formula No.10 (1%). Этот шампунь для черной шерсти всех оттенков отличается от других продуктов для усиления цвета тем, что не содержит красители или хну, лишь присутствующие в масле. Шерсть, пропитываясь маслом будет впитывать пигмент. Черный цветной пигмент будет создавать оптический эффект преломляя все оттенки коричневого цвета, усиливая и делая богаче и ярче. Прекрасное свойство этого шампуня заключается в том, что вам не стоит беспокоиться о потере других цветов шерсти. Данный продукт прекрасно работает на шерсти черных и всех темных расцветок, таких как Ирландский Сеттер или Руби Кинг Чарльз Спаниель (черный пигмент придаст шерсти этих пород богатые цвета красного дерева). Этим шампунем можно мыть вашу собаку хоть каждый день, совершенно не боясь причинить вреда шерсти. С каждым днем шерсть будет становиться только лучше и лучше.', 'Хорошо намочите шерсть, нанесите шампунь, хорошо пропитайте помогая руками тщательно распределиться по всей шерсти. Оставьте шампунь на 2-5 минут, а затем ее необходимо основательно смыть. Используйте кондиционер Formula No.50 или No.51, затем промойте и просушите. Если шерсть Вашей собаки очень грязная, то может потребоваться повторное мытье. \nМожет разбавляться водой в соотношении 10:1\n', 'мягкая вода, лаурет сульфат натрия, диэтаноламин кокамид, сополимер акрилата, полиэтиленгликоль-3 дистеарат, масло энотеры двухлетней (энотеры), ароматизирующее вещество, ДМДМ гидантоин, лодопропинил бутилкарбамат, лимонная кислота, хлорид натрия, бензофенон-4, синий краситель №1, красный краситель № 40, жёлтый краситель № 6, кислотный синий № 74\n', '18-EPO-Black-Coat-Shampoo', 1, 1, ''),
(6, 'No. 20 Royal Jelly Shampoo', 'Шампунь № 20 „Королевское Желе”', 'Способствует росту волос. Кроме того добавляет объем существующей\nшерсти. Особенно рекомендуется собакам во время сезонной линьки,\nпосле ложной беременности или родов. Стимулирует рост волос, \nпри регулярном использовании. Содержит комплекс белков, жиров\nи витаминов, которые обеспечивают регенерацию для более густой шерсти.\n', 'Маточное молочко является питательным веществом, которым рабочие пчелы кормят королеву пчел. Таким образом, он содержит не только натуральные жиры, но и целый ряд чистых белков. Эти белки попадают в слой эпидермиса корней волос, добавляя объем текстуру. Этот шампунь великолепно подходит для сук потерявших шерсть после родов, и собакам после линьки. Этот шампунь можно комбинировать с шампунями усиливающими окраску (№ 16, № 17 и № 18), для того чтобы увеличением объема и усилить цвета. ', 'Хорошо намочите шерсть, нанесите шампунь, хорошо пропитайте помогая руками тщательно распределиться по всей шерсти. Оставьте шампунь на 2-5 минут, а затем ее необходимо основательно смыть. Используйте кондиционер Formula No.50 или No.51, затем промойте и просушите. Если шерсть Вашей собаки очень грязная, то может потребоваться повторное мытье.\n\nМожет разбавляться водой в соотношении 10:1\n', 'мягкая вода, лаурет сульфат натрия, диэтаноламин кокамид, кокамидопропилбетаин, полиэтиленгликоль-3 дистеаратб пчелиное молочко, полисорбат 20, ароматизирующее вещество, ДМДМ гидантоин, лодопропинил бутилкарбамат, лимонная кислота, хлорид натрия, карамельный краситель.', '20-Royal-Jelly-Shampoo', 1, 1, ''),
(7, 'No. 33 Coarse Coat Shampoo ', 'Шампунь № 33 „Для Жесткой Шерсти”', 'Идеально подходит для собак с жесткой и грубой шерстью, таких как терьеры,\nа так же собакам, которым необходимо поднять шерсть, например, Колли и\nЧау Чау. Основан на экстракте морских водорослей, которые будут увлажнять\nшерсть, при том не смягчая структуру.', 'Этот шампунь идеально подходит для собак с жесткой или грубой структурой шерсти, таких как терьеры, а так же собакам, которым необходимо поднять шерсть, например, Колли и Чау Чау. Основан на экстракте морских водорослей, которые будут увлажнять шерсть, при этом не смягчая текстуру.', 'Хорошо намочите шерсть, нанесите шампунь, хорошо пропитайте помогая руками тщательно распределиться по всей шерсти. Оставьте шампунь на 2-5 минут, а затем ее необходимо основательно смыть. Используйте кондиционер Formula No.50 или No.51, затем промойте и просушите. Если шерсть Вашей собаки очень грязная, то может потребоваться повторное мытье.\n\nМожет разбавляться водой в соотношении 10:1\n', 'Вода, лаурет сульфат натрия, диэтаноламин кокамид, кокамидопропилбетаин, полиэтиленгликоль-3 дистеарат, полисорбат 20, ароматизирующее вещество, экстракт из морских водорослей, ДМДМ гидантоин,лодопропинил бутилкарбамат, лимонная кислота, хлорид натрия, голубой краситель №1, жёлтый краситель № 5', '33-Coarse-Coat-Shampoo', 1, 1, ''),
(8, 'Intensely Nourishing Gloss Shampoo', '„Шампунь Для Блеска” Серии „Натуральная Роскошь”', 'Содержит высокую концентрацию успокоительных для кожи эфирных масел,\nв числе которых Итальянский Бергамот и Мадагаскарская Розовая\nГерань. В результате Вы сможете получить невероятную мягкость и блеск.\n', 'Для создания этого уникального травяного  Gloss шампуня мы использовали лепестки гибискуса sabdariffa,  собранного зимой. Этот метод заготовки гарантирует, что наша формула обеспечит максимальный блеск и натуральность. Высокая концентрация терапевтически успокоительных для кожи эфирных масел, в числе которых Итальянский Бергамот и Мадагаскарская Розовая Герань позволит Вам расширить горизонт достижений в уходе за шерстью Вашей собаки. В результате Вы получите невероятную мягкость и блеск, а в дополнение приятный ритуал связывающий Вас и вашу собаку.', 'Тщательно промочить. Шампунь втереть в волосы и кожу. Для увеличения намыливания, добавить немного воды. Смыть полностью. Весьма рекомендуется для здоровья и красоты Вашей собаки применять с NaturaLuxury Nutrient Masque.', 'вода, децил глюкозид, лауроамфоацетат натрия, метил кокоил таурат натрия, экстракт гибискуса, пшеничные аминокислоты, гидролизованные протеины пшеницы и линолевая кислота, гиалуроновая кислота, сорбит, масло пшеницы обыкновенной (Зародышей пшеницы), масло китайского букуса (жожоба), пантенол, токоферол, дрожжевой экстракт, Ди (лаурил диметил аммоний гидроксипропил) децил глюкозид, лимонная кислота, бегенамидопропил гидроксиэтил димониум хлорид, полиэтиленгликоль-150 пентаэритритил тетранитрат, глюконолактон, бензоат натрия', 'NaturaLuxury-Gloss-Shampoo', 1, 4, ''),
(9, 'No. 50 Light Management Conditioner', '№ 50 Кондиционер Легкого Действия', 'Этот кондиционер содержит продукты кокоса, которые не утяжеляют \nшерсть. Удерживает масла и влагу после мытья шампунем.\nОн придаст шерсти Вашей собаки блеск и здоровый вид. ', 'Этот кондиционер содержит продукты кокоса, которые не пригибают шерсть вниз. Она закрывает слой кутикулы волосяного покрова, удерживая масла и влагу попавшие из наших шампуней на шерсть. Разводите кондиционер в соотношении 10:1 с водой или больше в зависимости от шерсти. Он придаст шерсти Вашей собаки блеск и здоровый вид. ', 'Нанесите достаточное количество кондиционера на шерсть и кожу, подождите 5 минут, после чего тщательно промойте. Просушите шерсть. \n\nМожет разбавляться водой в соотношении 10:1\n\nСОВЕТ: Если вы хотите, чтобы шерсть росла лучше, подержите кондиционер на шерсти от 15 до 20 минут перед полосканием. Это позволит кондиционеру полностью пропитать кожу и шерсть. Делайте это регулярно в течении месяца результаты Вас удивят. \n', 'вода, цетиариловый спирт, полиэтиленгликоль-40 касторовое масло, стеаралкониум хлорид, цетиловый спирт, бегентримониум-метосульфат, масло энотеры двухлетней (энотеры), ДМДМ гидантоин, лодопропинил бутилкарбамат, ароматизирующее вещество, красный краситель № 33', '50-Light-Management-Conditioner', 2, 1, 'Кондиционер для собак, кондиционер для собак, кондиционер для собак, кондиционер для собак, кондиционер для собак, легкий кондиционер для собак'),
(10, 'No. 51 Heavy Management Conditioner', '№ 51 Кондиционер Сильного Действия', 'Делает шерсть более гладкой. Идеально подходит для сухой и тусклой\nшерсти, породам с двойной шерстью, а также для пород с ниспадающей\nшерстью.', 'Этот кондиционер немного тяжелее, чем другие наши легкие кондиционеры. Она закрывает слой кутикулы волосяного покрытия, делая шерсть более гладкой. Идеально подходит для сухой и тусклой шерсти, породам с двойной шерстью, а также для ниспадающей шерсти, которая должна свисать вниз. ', 'Нанесите достаточное количество кондиционера на шерсть и кожу, подождите 5 минут, после чего тщательно промойте. Просушите шерсть.\n\nМожет разбавляться водой в соотношении 10:1\n\nСОВЕТ: Если вы хотите, чтобы шерсть росла лучше, подержите кондиционер на шерсти от 15 до 20 минут перед полосканием. Это позволит кондиционеру полностью пропитать кожу и шерсть. Делайте это регулярно в течении месяца и результаты Вас удивят.\n', 'вода, цетиариловый спирт, полиэтиленгликоль-40 касторовое масло, стеаралкониум хлорид, бегентримониум-метосульфат, пантенол, сок листа алоэ-вера, экстракт листа розмарина лекарственного (розмарина), экстракт листа лаванды узколистной (лаванды), масло энотеры двухлетней (энотеры), ДМДМ гидантоин, лодопропинил бутилкарбамат, ароматизирующее вещество, голубой краситель №1, жёлтый краситель № 5', '51-Heavy-Management-Conditioner', 2, 1, 'кондиционер сильного действия для собак, кондиционер сильного действия для собак,  кондиционер сильного действия для собак, кондиционер сильного действия для собак, кондиционер сильного действия для собак,'),
(11, 'Intensely Nourishing Nutrient Masque', '„Питательная Маска” Серии „Натуральная Роскошь”', 'Основное питание для волос, которое может применяться в качестве\nфинишной обработки после каждого купания Вашей собаки.\nМаска высокой концентрации и глубокого кондиционирования.\n', 'Высокой концентрации, исключительно глубокого кондиционирования восстанавливаюший структуру и прочность всех типов волос, уменьшает ломкость и выпадение, а также эффективно предотвращает спутывание. Пшеничный протеин и витамины, богатые жирными кислотами придают природную красоту, всецело укрепляя здоровье волос. Основное питание для волос, которое должно применяться в качестве финишной обработки после каждого купания, даже если ваша собака имеет хорошее состояние шерсти.', 'После мытья шампунем нанести большое количество Nutrient Masque на шерсть. Глубоко втереть в шерсть и оставить на 3-5 минут. Смыть полностью.\n\n', 'вода, бегентримониум-метосульфат (рапсовое масло) и цетиловый спирт (без ГМО продуктов), гидролизованные протеины пшеницы и олигосахарид пшеницы, пантенол (витамин В5) и гидролизованные протеины пшеницы и линолевая кислота, гиалуроновая кислота (растительного происхождения), сорбит (органичный увлажнитель), масло пшеницы обыкновенной (Зародышей пшеницы), масло китайского букуса (жожоба), токоферол (витамин Е), дегидрацетовая кислота, бензиловый спирт', 'NaturaLuxury-Nutrient-Masque', 2, 4, ''),
(12, 'No. 62 Evening Primrose Oil Conditioning Mist', '№ 62 Масло Вечерней Примулы  Спрей-Кондиционер', 'Обладает легким ароматом. Отлично подходит для расчесывания в \nпериод между купаниями или между выставками. Успокаивает и увлажняет\nкожу, придает блеск любой шерсти. Пользуется большой популярностью у\nзаводчиков.', 'Кондиционирующий спрей содержащий масло Вечерней Примулы и растительные экстракты, которые позволяют успокоить кожу, предотвратить шелушение кожи и придать блеск любой шерсти. Этот продукт увлажняет шерсть и кожу и обладает легким ароматом. Он отлично подходит для расчесывания в период между купаниями или между выставками, а так же пользуется большой популярностью среди заводчиков.', 'Перед применением необходимо хорошо взболтать. Слегка нанесите спрей на шерсть и щетку. Беречь от попадания в глаза собаки. Незаменим при устранении неприятных запахов и прекрасно помогает при расчесывании между купаниями.', 'вода, СД спирт 40-Б, полиэтиленгликоль-12 полидиметилсилоксан, пантенол, полисорбат 20, масло энотеры двухлетней (энотеры), экстракт листа розмарина лекарственного (розмарина), экстракт цветков ромашки лекарственной экстракт тимьяна обыкновенного (тимьяна), ароматизированное вещество.', '62-Evening-Primrose-Oil-Grooming-Spray', 3, 1, ''),
(13, 'No. 63 Detangle Conditioning Mist', 'Распутывающий Спрей-Кондиционер', 'Идеально подходит для собак с длинной шерстью и шерстью средней\nдлины. Помогает распутать шерсть и поддерживать ее в аккуратном состоянии.\n', 'Идеально подходит для собак с длинной шерстью и шерстью средней длины. Помогает распутывать шерсть и поддерживает ее в аккуратном и чистом состоянии. Остается на шерсти, чтобы предотвратить запутывание и образование колтунов, кроме того, не будет склеивать ее.', 'Сбрызните запутанную или свалявшуюся область шерсти как минимум за две минуты до расчесывания. Не оставляет остатков на шерсти. Используйте так часто, как это необходимо. Избегайте попадания в глаза собаки.', 'мягкая вода, лаурет сульфат натрия, диэтаноламин кокамид, сополимер акрилата, полиэтиленгликоль-3 дистеарат, масло энотеры двухлетней (энотеры), ароматизирующее вещество, ДМДМ гидантоин, лодопропинил бутилкарбамат, лимонная кислота, хлорид натрия', '63-Detangle-Conditioning-Mist', 3, 1, ''),
(14, 'Isle Hold ', 'Пенка Для Фиксации', 'Кондиционирующая пенка мусс или гель для укладки без каких-либо \nаэрозолей. Богатая питательным соевым белком, обеспечивает \nневероятный объем и легкую укладку. Не сушит шерсть, но добавляет \nблеск.', 'Кондиционирующая пенка мусс или гель для укладки без каких либо аэрозолей, . Богатая питательным соевым белком, обеспечивает невероятный объем и облегчающий контроль за укладкой волос, не оставляя липкого остатка на шерсти. Она не сушит шерсть, но добавляет блеск. Прекрасно работает поверх Isle Thicken для создания максимального обьема.', 'Выдавите на ладони пенку двумя-тремя нажатиями. Нанесите на нужные участки увлажненной шерсти, после чего просушите и уложите так, кА Вам это необходимо.\n\nПодсказка: Нанесите на короткую шерсть ног Вашей собаки и придайте им вид и выразительную форму. Так же прекрасно работает на голове, щеках и других частях тела. \n', 'вода, полисорбат 20, СД спирт 40-Б, поликватерниум-11, поливинилпирролидон,\nкокамидопропилбетаин, пантенол, протеин глицина сои (соевых бобов), цианокобаламин (витамин В12), масло семян китайского букуса (жожоба), диэтаноламин кокамид, полиэтиленгликоль-40 касторовое масло, масло сладкого (Испанского) апельсина, пропилен гликоль, диазолидинил мочевина, метилпарабен, пропилпарабен, ароматизирующее вещество.\n', 'Isle-Hold', 5, 2, ''),
(15, 'Isle Lift', 'Спрей Для Объема', 'Придает структуру от корней волос, обеспечивает дополнительный \nобъем и поднимает шерсть. Рекомендован для таких пород, как Пудель,\nПекинес, Терьер, Колли и Шелти. Прекрасно работает для фиксации\nшерсти на холке для придания красивой линии верха.', 'Без аэрозольный, богатый белком спрей придает структуру от корней волос, обеспечивает дополнительный объем и поднимает шерсть.\n\nЭтот продукт идеально подходит для пород, которые нуждаются в поднятой шерсти, такие как Пекинес, Пудель, Терьер, Шелти и Колли. Прекрасно работает для фиксации шерсти на холке для придания красивой линии верха. Прекрасное свойство этого продукта в том, что он наносится на корни волос и так же как и все наши другие продукты не оставляет ощущения липкости на ощупь. Так же, как Hold и Isle Style производится в экономичном исполнении.\n', 'Спрей наносится на корни и подшерсток, после чего сушится и придается форма как обычно. Может быть нанесено на руки, а затем на нужные участки головы и ног для придания формы.', 'вода, СД спирт 40-Б, ВП/ВА сополимер, поливинилпирролидон, полиэтиленгликоль-40  гидрогенизированное  касторовое масло, протеин глицина сои (соевых бобов), пантенол, цианокобаламин (витамин В12), масло семян китайского букуса (жожоба), полиэтиленгликоль-12 полидиметилсилоксан, медь PCA, экстракт глицина семян сои (соевых бобов), экстракт листа алоэ-вера, хлорид четвертичной соли аммония, ацетат токоферола, ароматизирующее вещество', 'Isle-Lift-Formerly-Root-Lift', 5, 2, ''),
(16, 'Isle Repair', 'Восстанавливающий Кондиционер', 'Великолепный кондиционер для ниспадающей шерсти является\nфантастическим продуктом для завершающей отделки, устранения \nстарых и поврежденных волос. ', 'Великолепный кондиционер для ниспадающей шерсти может быть разбавлен в бутылке для спрея и является фантастическим продуктом для завершающей отделки, устранения старых и поврежденных волос , а так же в качестве сильного антистатического средства. Продолжительное использование помогает исцелить сухие и поврежденные волосы, усиливая блеск с течением времени. Заводчики Английского Сеттера пришли к выводу, что распыление Isle Repair в местах попадания мочи на шерсть помогает защитить от окрашивания и предотвратить порчу.', 'Для поврежденной шерсти мы рекомендуем применение продукта без разбавления нанеся на влажную шерсть перед укладкой и сушкой. За день шоу, разбавив 1-2 столовые ложки средства на 250 милилитров воды в бутылке для спрея, нанесите на шерсть и хорошо просушите. Коэффициент разбавления может быть изменен для достижения наилучшего эффекта.\n\nНебольшая подсказка: Когда будете разбавлять, то начните с небольшого количества воды, примерно до первого деления, налив в бутылку спрей, после чего добавьте необходимое количество продукта, хорошо взболтайте, а затем добавьте оставшуюся воду. \n', 'вода, гидроксиэтилцеллюлоза, амодиметикон, октоксинол-40, изолаурет 6, хлорид четвертичной соли аммония, пантенол, экстракт цветков ромашки лекарственной, экстракт грейпфрута, экстракт плодов шиповника собачьего, экстракт тысячелистника обыкновенного, эмульгирующийся воск НФ, гидроксипропил-тримоний-хлорид гуар, ДМДМ гидантоин, метил глюцет-20, метилпарабен, пропилен гликоль, ароматизированное вещество/парфюм, пропилпарабен, лимонная кислота, бензофенон-4, красный краситель № 40, оранжевый краситель № 4.', 'Isle-Repair-Formerly-Smooth-Finish', 5, 2, ''),
(17, 'Isle Revive', 'Регенерирующий Кондиционер', 'Данный продукт был специально разработан для усиления эффекта \nкудрявых и волнистых волос, также делает более эластичными прямые \nволосы, не распрямляя их. Прекрасно помогает в ситуации, когда нет \nвремени и в последний момент надо сделать неотразимый вид шерсти.', 'ПРОДУКТ СНЯТ С ПРОИЗВОДСТВА! Данный продукт был специально разработан для усиления эффекта кудрявых и волнистых волос, также делает более эластичными прямые волосы, не распрямляя их. Мы еще его называем мгновенным ликвидатором тусклости, сухости и безжизненности волос, как будто вдруг пришла "Весна" и шерсть преобразилась моментально. Прекрасно помогает в ситуации, когда нету времени и в последний момент надо сделать неотразимый вид шерсти.', 'Для использования его в качестве аэрозоли, разбавить 1-2 столовые ложки средства на 250 мл. воды в бутылке для спрея, нанести на шерсть и уложить расческой используя низкотемпературный фен и средние скорости воздушного потока. Может быть использован для максимального эффекта на влажной шерсти, нанесите руками и хорошо распределите, после чего уложите как обычно.\n\nНебольшая подсказка: Когда будете разбавлять, то начните с небольшого количества воды, примерно до первого деления, налив в бутылку спрей, после чего добавьте необходимое количество продукта, хорошо взболтайте, а затем добавьте оставшуюся воду. \n', 'мягкая вода, винил капролактам / поливинилпирролидон / диметиламиноэтил метакрилат сополимер, глицерин, пантенол, пантенил гипрокспропил, дистеарилдимоний хлорид, гидролизованный протеин риса, экстракт лопуха большого (лопуха), экстракт плюща обыкновенного (плюща), экстракт пажитника сенного (пажитника), миристиновокислый изопропил, бутилен гликоль, экстракт красных водорослей, триэтаноламин, акрилаты/С10-30 алкил акрилат кроссполимер, ноноксинол-10, твёрдый тримониум хлорид, амодинэтикон, лодопропинил бутилкарбамат, ДМДМ гидантоин, бензофенон-4, двунатриевая этилендиаминтетрауксусная кислота, синий краситель №1', 'Isle-Revive-Formerly-Body-Enhancer', 5, 2, ''),
(40, 'Lush Coating Shampoo', 'Шампунь «LUSH COATING»', NULL, 'Может использоваться для пуделей, шпицов, овчарок, вельш-корги, акит, колли шелти, самоедов, маламутов, сибирских хаски и других пород которым важно сохранить текстуру и объем шерсти. Экстракт листьев цветков календулы и листьев розмарина питают шерсть и добавляют блеск.', 'Тщательно намочите шерсть водой, нанесите шампунь, вотрите его в шерсть и кожу, тщательно смойте водой.\r\nПри очень грязной шерсти может потребоваться повторное мытье или использование Шампуня «Clean Coating» для первого мытья и « Lush Coating» для второго мытья.\r\nВоспользуйтесь кондиционерами Lush Conditioner (слабого\r\nдействия или Silky Conditioner (сильного действия), а также спреями для расчесывания. Lush или Silky.', NULL, 'lush-coating-shampoo', 1, 5, ''),
(18, 'Isle Straighten ', 'Разглаживающий Кондиционер', 'Разработан специально для пород, которым требуется приглаженная шерсть\nи необходимо сохранить шелковитость шерсти. Этот продукт содержит экстракт\nкоры березы, что помогает выпрямить и разгладить волосы и в то же время \nзащищает шерсть от термоповреждений. Также может использоваться\nдля распутывания шерсти и снятия статики. ', 'Этот продукт содержит экстракт коры березы, что помогает выпрямить и разгладить волосы и в то же время защищает шерсть от термо повреждений. Если вам нужно сделать гладкую, завивающуюся шерсть, слегка нанесите средство на щетку и разгладьте ей шерсть вниз. Это придаст невероятный блеск шерсти. Также может использоваться в качестве распутывающего спрея для спутанной шерсти(для этого наносить продукт в таких количествах, сколько это необходимо на сухую шерсть, расчесать расческой колтуны и запутанные волосы, завершить купанием).', 'Удерживая на расстоянии 25 см. слегка нанесите на влажную шерсть. Сушить и укладывать как обычно. Использовать умеренно, и не торопиться. ', 'циклометикон, изопропил пальминат, диметилконол, октил метоксициннамат, экстракт берёзовой коры, экстракт лимонника, масло жожоба, ацетат токоферола, ароматизирующее вещество', 'Isle-Straighten', 5, 2, ''),
(19, 'Isle Strengthen', 'Укрепляющий Спрей-Кондиционер', 'Кондиционер спрей, не требующий смывания для длинношерстных пород, \nпредотвращает ломкость и повышает гибкость, уменьшает вред от\nпостоянного расчесывания. Придает блеск без утяжеления, облегчает \nраспутывание волос. Может использоваться ежедневно.', 'Кондиционер спрей, не требующий смывания для длинношерстных пород, предотвращает ломкость и повышает гибкость, уменьшает вред от постоянного расчесывания и укладки помогая шерсти расти более длинной и крепкой.\n\nСодержит белки, которые увеличивают прочность волос, а компоненты кондиционирования увлажняют их. Этот не требующий смывания кондиционер может использоваться ежедневно, перед расчесыванием в период между купаниями.\n', 'Нанести спрей на мокрую или сухую шерсть перед расчесыванием. Может быть также разбавлен в пропорции 2:1 с водой и использоваться для повторного увлажнения. ', 'вода, хлорид четвертичной соли аммония, мёд гидроксипропилтримониум, поликватерниум-11, гидролизованный шёлк, амодиметикон, аминокислоты шёлка, поликватерниум-4, экстракт хвоща полевого, сок листа алоэ-вера, экстракт листа ромашки медицинской, этилэксил метоксициннамат фитантриол, ацетат токоферола, аскорбиновая кислота, тридецет-12, ароматизирующее вещество/парфюм, C11-15 парет-7, C12-16 парет-9, глицерин, полисорбат-20, метилхлороизотиазолинон, метилизотиазолинон, синий краситель №1, жёлтый краситель № 5', 'Isle-Strengthen-Formerly-Strengthener', 5, 2, ''),
(20, 'Isle Style', 'Айл Стайл', 'Спрей, который сделает шерсть абсолютно невесомой. Он был специально\nразработан для подготовки шерсти к стрижке или для придания шерсти \nнемного дополнительной структуры. Идеально подходит для подготовки шерсти\nк стрижке ножницами и укладке. Также подходит для быстрого набивания шерсти,\nиспользуется как основа для пудры. Рекомендуется для закрепления волос\nпород с ниспадающей шерстью и для укладки волос на голове терьеров.', 'Спрей, который сделает шерсть абсолютно невесомой. Он был специально разработан для подготовки шерсти к стрижке или для придания шерсти немного дополнительной текстуры. Этот продукт не будет пачкать и не испортит Ваши ножниц, а шерсть не станет липкой на ощупь. Этот продукт идеально подходит для шерсти таких пород, как Пудель, Португальская Водянае собака и Бишон-фризе, и дает фантастические результаты на ногах шнауцеров и Керри Блю терьеров. Идеально подходит для подготовки шерсти к стрижке ножницами и укладке.', 'Распылить на влажную или сухую шерсть с расстояния 15-20см. и тщательно расчесать щеткой или гребнем. Может быть использована как на влажной, так и на сухой шерсти.\n\nСовет: Попробуйте использовать для набивания шерсти, например распыляя на ноги и расчесывается против шерсти. Так же может как основа для пудры. \n', 'СД спирт 40-Б, вода, октилакриламид /акрилаты/сополимер бутиламиноэтил метакрилата, винилацетат/кротонаты/ сополимер винил неодеканоат, кокамидопропилбетаин, полиэтиленгликоль-12 диметикон, протеин глицина сои (соевых бобов), пантенол, цианокобаламин (витамин В12), масло семян китайского букуса (жожоба), аминометил пропанол, полисорбат 20, токоферил ацетат, бензофенон-4, пропиленгликоль, экстракт листьев шалфея, бутиленгликоль, экстракт крапивы, экстракт розмарина, карбомер, ароматизирующее вещество.', 'Isle-Style', 5, 2, ''),
(21, 'Isle Thicken', 'Кондиционер Для Объема (Усилитель Объема)', 'Данный продукт был разработан для добавления фантастического объема\nшерсти. Он попадает в эпидермис и каждый отдельный волос, придавая\nневероятный объем.', 'Данный продукт был разработан для добавления фантастического объема шерсти. Он попадает в эпидермис и каждый отдельный волос, придавая шерсти невероятно большой объем, при этом шерсть не будет иметь ощущения присутствия каких либо косметических средств. Он может быть использован в чистом виде или разбавленным как спрей.', 'Если используется в чистом виде, то лучше всего наносить на влажную шерсть и использовать в небольшом количестве. При разбавлении пропорция зависит от типа шерсти и может быть где-то от 1/2 до 2 столовых ложек разбавленными с 250мл воды в бутылке распылителе. Распылить на шерстяной покров и высушить воздухом.\n\nНебольшая подсказка: Когда будете разбавлять, то начните с небольшого количества воды, примерно до первого деления, налив в бутылку спрей, после чего добавьте необходимое количество продукта, хорошо взболтайте, а затем добавьте оставшуюся воду.\nДополнительно: Используется для придания вида мощного костяка на ногах. \n', 'вода, глицерин, глицерил стеарат, цетиловый спирт, VP/VA сополимер, глицерин, стеаралкониум хлорид, полиэтиленгликоль-150 дистеарат, полиэтиленгликоль-100 стеарат, центримониум хлорид, гликоль стеарат, полиэтиленгликоль-12 полидиметилсилоксан, метилпарабен, дицетилдимониум хлорид, ароматизирующее вещество/парфюм, ДМДМ гидантоин, аминокислоты пшеницы, пропилпарабен, красный краситель № 40, оранжевый краситель № 4', 'Isle-Thicken-Formerly-Thickening-Volume-Boost', 5, 2, ''),
(22, 'No. 91 Royal Jelly Coat Supplement', '№ 91 Добавка Для Шерсти Королевское Желе', 'Эта добавка содержит маточное молочко. Его белки способствуют\nросту волос и снижают вероятность их потери. ISLE OF DOGS рекомендует\nдобавлять в рацион эту добавку ежедневно, для поддержания роста волос.', 'Эта добавка для шерсти содержит маточное молочко, взвешенное в растительных маслах. Белки, содержащиеся в маточном молочке способствуют росту волос и снижают вероятность их потери.', 'Полное руководство по применению, дозам в соотношении к размерам питомца можно прочитать на бутылке.', 'масло канолы, пчелиное молочко, этилпарабен, метилпарабен, пропилпарабен', '91-Royal-Jelly-Coat-Supplement', 4, 1, ''),
(23, 'No. 92 EFA Blend Coat Supplement', '№ 92 Добавка Для Шерсти Основные Жирные Кислоты', 'Добавка на основе масла Вечерней Примулы обладает успокаивающим \nдействием. Особенно эффективна при шелушении и зуде кожи.\nБогатая жирными кислотами является крайне важной для здоровья кожи, \nблеска шерсти, и хорошим регулятором необходимых масел в шерсти.\n', 'Добавка на основе масла Вечерней примулы особенно эффективна при шелушении кожи, зуде кожи и обладает природной, успокаивающей способностью. Богатая жирными кислотами является крайне важной для здоровья кожи, блеска шерсти, и хорошим регулятором необходимых масел в шерсти. Предназначен для использования в сочетании непосредственно с продуктами ISLE OF DOGS. Перед применением необходимо хорошо взболтать. ', 'Полное руководство по применению, дозам в соотношении к размерам питомца можно прочитать на бутылке.', 'масло канолы, линолевая кислота, этилфарабен, метилпарабен, пропилпарабен', '92-Essential-Fatty-Acid-Coat-Supplement', 4, 1, ''),
(24, 'Sit Still Shampoo', 'Шампунь «Сит Стил»', 'Создан для мягкого очищения и увлажнения, делает шерсть гладкой и послушной. Идеально подходит для укладки с эффектом „мокрых” волос. Увлажняет шерсть, делая ее сильной и повышая ее эластичность, что защищает шерсть от повреждений. Также подходит для сухой или поврежденной шерсти любого типа.', 'Данный продукт относится к разряду салонной косметики. Разработан специально для груминг салонов, профессиональных грумеров и крупных питомников. Предназначен для нежной очистки и увлажнения оставляя ощущение мягкости и гладкости шерсти. Добавляет увлажняющие свойства, способствует укреплению волос и увеличивает эластичность для предотвращения повреждений покрова. Кроме того, хорошо работает на сухой и поврежденной шерсти всех типов.', 'Разбавить с водой в соотношении до 20:1. Смочить шерсть, нанести шампунь, тщательно втереть и тщательно промыть. При необходимости повторить. Для особо загрязненной шерсти лучше предварительно искупать используя "Шампунь Для Создания Текстуры и Объема", после чего искупать используя данный продукт.', 'Вода, лаурет сульфат аммония, лаурил сульфат аммония, кокамидопропилбетаин, лаурет сульфат соды, полиэтиленгликоль-3 дистеарат, глюкозид кокоса, глицерил олеат, глицерин, пантено, пропиленгликоль, экстракт алоэ-вера, ДМДМ гидантоин, иодопропинил битилкарбамат, полисорбат 20, лимонная кислота, хлорид соды, ароматическое вещество.', 'sit-(still)-shampoo', 1, 3, ''),
(25, 'Stand Up Shampoo', 'Шампунь «Стэнд Ап»', 'Прекрасное шампунь, придающий объем и плотность мягкой шерсти, что облегчает укладку и стрижку. Также помогает сохранить свойства и качества жесткой шерсти.', 'Данный продукт относится к разряду салонной косметики. Разработан специально для груминг салонов, профессиональных грумеров и крупных питомников. Превосходный моющий продукт, который добавляет тектуру и объем мягкому типу шерсти и облегчает укладку и стрижку. Сохраняет качество и характер жесткой шерсти. Придаст шерсти больше объема.', 'Разбавить с водой в соотношении до 20:1. Смочить шерсть, нанести шампунь, тщательно втереть и тщательно промыть. Некоторые типы шерсти требуют повторной мойки для достижения наилучшего результата.', 'Вода, лаурет сульфат аммония, кокамид диэтаноламин, кокамидопропилбетаин, поликватерниум-10, пропиленгликоль, экстракт лепестков календулы, экстракт розмарина, эвкалиптовое масло, ДМДМ гидантоин, иодопропинил битилкарбамат, бензофенон-4, полисорбат 20, лимонная кислота, хлорид соды, ароматическое вещество,  желтый №6.', 'stand-(up)-shampoo', 1, 3, ''),
(26, 'Stay Clean Shampoo', 'Шампунь «Оставайся Чистым»', 'Деликатный очищающий шампунь, удаляет грязь и запах, надолго сохраняет эффект, позволяя реже купать собаку. Можно применять отдельно или перед использованием любого нашего шампуня. ', 'Данный продукт относится к разряду салонной косметики. Разработан специально для груминг салонов, профессиональных грумеров и крупных питомников. Мягкий, но глубокий очистки шампунь для удаления грязи и запаха, а также увеличивает время между купаниями. Хорошо работает сам по себе, а также может быть использован в первую очередь, с последующим применением других шампуней. Является смесью клубники, жасмина и игристого вина.', 'Разбавить с водой в соотношении до 20:1. Смочить шерсть, нанести шампунь, тщательно втереть и тщательно промыть. При необходимости повторить. Для особо загрязненной шерсти лучше предварительно искупать используя "Шампунь Для Создания Текстуры и Объема", после чего искупать используя данный продукт.', 'Вода, лаурет сульфат аммония, кокамидопропилбетаин,\nкокамид диэтаноламин, экстракт семян камелии (зеленый чай),\nпантенол, экстракт алоэ барбадензис, экстракт гамамелиса, пропиленгликоль, ДМДМ гидантоин, иодопропинил битилкарбамат, лимонная кислота, хлорид соды, ароматическое вещество.\n', 'stay-(clean)-shampoo', 1, 3, ''),
(27, '2 Build Conditioner', 'Кондиционер «2 Билд»', 'Омолаживающий кондиционер на основе протеина, помогает восстановить шерсть от повреждений, вызванных диетой, механических повреждений. Добавляет объем и делает шерсть более послушной для укладки и стрижки. ', 'Данный продукт относится к разряду салонной косметики. Разработан специально для груминг салонов, профессиональных грумеров и крупных питомников. Омолаживающий кондиционер на основе протеина, способствующий восстановлению повреждений вызванных неправильной диетой или парикмахерскими инструментами. Увеличивает объем и облегчает стрижку и укладку. Не смягчает покров настолько, насколько его смягчают другие кондиционеры.', 'Может быть разбавлен с водой до 5:1 или использован \r\nв чистом виде. нанести продукт на чистую, влажную \r\nшерсть и оставить на 2-3 минуты, после чего смыть. \r\nДанный кондиционер подходит для шерсти, которой важно сохранить \r\nтекстуру и объём. Для достижения эффекта объема \r\nиспользуйте после шампуня ''Стэнд Ап''.', 'Вода, цетиариловый спирт, полиэтиленгликоль-40 касторовое масло, хлорид стеарилалкония, хлорид бегентримониума, масло энотеры двухлетней, масло семян китайского букуса (жожоба), кератиновые аминокислоты, пантенол, токоферил ацетат, ретинил пальмитат, ДМДМ гидантоин, иодопропинил битилкарбамат, бензофенон-4, ароматическое вещество,  карамель.', '2-build-conditioner', 2, 3, ''),
(28, '2 Heal Conditioner', 'Кондиционер «2 Хил»', 'Глубоко проникающий кондиционер, созданный для увлажнения, защиты и предотвращения повреждений шерсти, придает блеск. Делает шерсть более мягкой, гладкой и послушной. Постоянное применение придаст шерсти более роскошный вид.', 'Данный продукт относится к разряду салонной косметики. Разработан специально для груминг салонов, профессиональных грумеров и крупных питомников. Может использоваться для всех пород собак, которым необходимо увлажнить шерсть.\r\nСодержит протеины, которые делают шерсть управляемой,\r\nшелковистой и блестящей. Препятствует ломкости шерсти.\r\nПридает приятный запах, продлевает интервалы между мытьем.', 'Может быть разбавлен с водой до 5:1 или использован \r\nв чистом виде. Для достижения натлучших результатов \r\nнанести продукт на чистую, влажную шерсть и \r\nоставить на 2-3 минуты, после чего смыть. Может \r\nиспользоваться в сочетании с Шампунем "Сит Стил". \r\nДанный кондиционер подходит для ниспадающей шерсти собак или \r\nдля шерсти, которой требуется дополнительное\r\nпитание.', 'Вода, цетиариловый спирт, полиэтиленгликоль-40 касторовое масло, хлорид стеарилалкония, хлорид бегентримониума, пантенол, полиэтиленгликоль -12 полидиметилсилоксан, экстракт алоэ барбадензис, токоферил ацетат, ретинил пальмитат, ДМДМ гидантоин, иодопропинил битилкарбамат, этилгексил метоксиннамат, ароматическое вещество.\n\n', '2-Heal-conditioner', 2, 3, ''),
(29, '4 Control Grooming Spray', 'Спрей Для Контролируемого Ухода', 'Кондиционер-спрей, помогает избавиться от статического электричества и избавляет шерсть от спутывания, не повреждая ее. Повышает упругость шерсти, что предотвращает ломкость. Придает заметную гладкость длинной шерсти и блеск всем видам шерсти. Отталкивает грязь, позволяя шерсти дольше оставаться чистой. ', 'Данный продукт относится к разряду салонной косметики. Разработан специально для груминг салонов, профессиональных грумеров и крупных питомников. Кондиционер-спрей, помогает избавиться от статического электричества и избавляет шерсть от спутывания, не повреждая ее. Повышает упругость шерсти, что предотвращает ломкость. Придает заметную гладкость длинной шерсти и блеск всем видам шерсти. Отталкивает грязь, позволяя шерсти дольше оставаться чистой. Отлично подходит для распыления на шерсть непосредственно перед стрижкой, так как смазывает шерсть.', 'Может наноситься на влажную или сухую шерсть. Использовать в чистом виде или разбавить в соотношении от 2:1 до 3:1 и нанести на шерсть перед стрижкой. Хорошо сочетается с одновременным использованием "Шампуня Для Нежной Очистки и Увлажнения" и "Глубоко Проникающего Кондиционера".', 'Вода, дикокоилетил гидроксиэтилмоний, метосульфат,\nпропиленгликоль, пантенол, полисорбат 20, глюкозид кокоса, глицерил олеат, протеин сердцевины овса обыкновенного, экстракт цветов ромашки лекарственной, экстракт розмарина, аминокислоты шелка, гидролизованный протеин пшеницы пропиленгликоль-пропил силанетриол, токоферол ацетат, ретинил пальмитат, тетранатрий ЭДТК, ДМДМ гидантоин, иодопропинил битилкарбамат, ароматическое вещество.\n', '4-control-grooming-spray', 3, 3, ''),
(30, '4 Style Grooming Spray', 'Спрей Для Укладки', 'Укрепляющий спрей, придающий объем и плотность, что облегчает укладку и стрижку.', 'Данный продукт относится к разряду салонной косметики. Разработан специально для груминг салонов, профессиональных грумеров и крупных питомников. Текстурирующий спрей увеличивающий объем и структуру. Облегчает укладку и стрижку. Облегчает стрижку поднимая мягкую шерсть. Помогает предотвратить расслоение кончиков волос. Позволяет получить милую, маленькую и округлую головку у Йоркширстых терьеров и Шиа-Тсу.', 'Может наноситься на влажную или сухую шерсть. Для достижения максимального эффекта использовать в чистом виде или разбавить с водой для достижения меньшего эффекта.Может применяться в сочетании с  "Шампунем Для Создания Текстуры и Объема" и "Омолаживающим Кондиционером На Основе Протеина"', 'Вода, дикокоилетил гидроксиэтилмоний, метосульфат,\nпропиленгликоль, пантенол, полисорбат 20, глюкозид кокоса, глицерил олеат, протеин сердцевины овса обыкновенного, экстракт цветов ромашки лекарственной, экстракт розмарина, аминокислоты шелка, гидролизованный протеин пшеницы пропиленгликоль-пропил силанетриол, токоферол ацетат, ретинил пальмитат, тетранатрий ЭДТК, ДМДМ гидантоин, иодопропинил бутилкарбамат, ароматическое вещество. ', '4-style-grooming-spray', 3, 3, ''),
(31, 'Royal Jelly Spring Cleaning Kit ', NULL, NULL, NULL, NULL, NULL, 'Royal-Jelly-Spring-Cleaning-Kit', 7, 0, ''),
(32, 'Skin Rejuvenation Kit ', NULL, NULL, NULL, NULL, NULL, 'Skin-Rejuvenation-Kit', 7, 0, ''),
(33, 'Isle of Dogs фартук ', NULL, NULL, NULL, NULL, NULL, 'Isle-of-Dogs', 7, 0, ''),
(34, 'Isle of Dogs экологически чистая сумочка из ткани ', NULL, NULL, NULL, NULL, NULL, 'Isle-of-Dogs', 7, 0, ''),
(35, 'Curly, Wavy, or Double Coats ', NULL, NULL, NULL, NULL, NULL, 'Curly-Wavy-or-Double-Coats', 7, 0, ''),
(36, 'Long-Hair or High-Maintenance Coats ', NULL, NULL, NULL, NULL, NULL, 'Long-Hair-or-High-Maintenance-Coats', 7, 0, ''),
(37, 'Short, Medium, or Combination Coats ', NULL, NULL, NULL, NULL, NULL, 'Short-Medium-or-Combination-Coats', 7, 0, ''),
(38, 'Spray Bottle ', NULL, NULL, NULL, NULL, NULL, 'Spray-Bottle', 7, 0, ''),
(39, 'Clean Coating Shampoo', 'Шампунь «CLEAN COATING»', NULL, 'Может использоваться для всех пород собак\r\nМягкий суперочищающий шампунь, удаляющий любые загрязнения с шерсти Вашей собаки, устраняющий неприятный запах, продлевающий интервалы между мытьем. В его составе экстракт зеленого чая,сок листьев Алоэ, которые придают шерсти приятный легкий аромат.', 'Тщательно намочите шерсть водой, нанесите шампунь,\r\nвотрите его в шерсть и кожу, тщательно смойте водой.\r\nПри очень грязной шерсти может потребоваться повторное \r\nмытье.\r\nВоспользуйтесь кондиционерами Lush Conditioner (слабого \r\nдействия или Silky Conditioner (сильного действия), а также \r\nспреями для расчесывания Lush  или Silky.', NULL, 'clean-coating-shampoo', 1, 5, ''),
(41, 'Silky Coating Shampoo', 'Шампунь «SILKY COATING»', NULL, 'Может использоваться для йоркширских терьеров, ши-тцу, чихуа-хуа, папийонов, биглей, китайской хохлатой, такс и других пород собак, которым важно увлажнять и питать шерсть.\r\nПантенол, сок листьев Алоэ укрепляют шерсть и делают ее блестящей и придают шерсти приятный аромат.', 'Тщательно намочите шерсть водой, нанесите шампунь, вотрите его в шерсть и кожу, тщательно смойте водой.\r\nПри очень грязной шерсти может потребоваться повторное мытье или использование Шампуня «Clean Cоating» для первого мытья и « Silky Coating» для второго мытья.\r\nВоспользуйтесь кондиционером Silky Coating Conditioner, а также спреем для расчесывания Silky Coating Spray.', NULL, 'silky-coating-shampoo', 1, 5, ''),
(42, 'Lush Coating Conditioner', 'Кондиционер «LUSH COATING»', NULL, 'Может использоваться для пуделей, шпицов, овчарок, вельш-корги, акит, самоедов, маламутов, сибирских хаски, терьеров и других пород, которым важно сохранить текстуру и объем шерсти. Может использоваться для жесткошерстных собаках. Не смягчает шерсть.\r\nОмолаживающий кондиционер на основе протеина с маслом вечерней примулы и маслом жожова, и аминокислотами помогает укрепить и увлажнить сухую шерсть.', 'Нанесите кондиционер после использования шампуня, вотрите в шерсть и кожу, тщательно смойте водой. Воспользуйтесь спреем Lush Coating Spray.', NULL, 'lush-coating-conditioner', 2, 5, ''),
(43, 'Silky Coating Conditioner', 'Кондиционер «SILKY COATING»', NULL, 'Может использоваться для всех пород собак, которым необходимо увлажнить шерсть.\r\nСодержит протеины, которые делают шерсть управляемой,\r\nшелковистой и блестящей. Препятствует ломкости шерсти.\r\nПридает приятный запах, продлевает интервалы между мытьем. В его составе, сок листьев Алоэ. Питает шерсть от корней\r\nдо кончиков и защищает ее от негативного воздействия окружающей среды.', 'Нанесите кондиционер после использования шампуня, вотрите в шерсть и кожу, тщательно смойте водой. При необходимости сильного увлажнения подержите на шерсти 1-2 минуты, затем тщательно смойте\r\nВоспользуйтесь спреем Silky Coating Spray.', NULL, 'silky-coating-conditioner', 2, 5, ''),
(44, 'Lush Coating Brush Spray', 'Спрей Для Расчесывания «LUSH COATING»', NULL, 'Может использоваться для пуделей, шпицов, овчарок, вельш-корги, акит, самоедов, маламутов, сибирских хаски и других пород, которым важно сохранить текстуру и объем шерсти.\r\nЭтот спрей для ежедневного расчесывания шерсти собак придает шерсти мягкость и увлажнение. Содержит протеины, шелковые аминокислоты, которые помогают питать волосы, не утяжеляя их и сохраняя объем.', 'Нанесите на влажную или сухую шерсть после мытья или между мытьем. Расшешите шерсть. По возможности используйте\r\nдля мытья собаки шампунь и кондиционер той же Серии.', NULL, 'lush-coating-spray', 3, 5, ''),
(45, 'Silky Coating Brush Spray', 'Спрей Для Расчесывания «SILKY COATING»', NULL, 'Может использоваться для всех пород собак, которым необходимо увлажнить шерсть Содержит цветы ромашки и экстракт листьев розмарина, которые препятствуют спутыванию шерсти и снимают статику. Препятствует ломкости шерсти. Придает шерсти приятный запах, продлевает интервалы между мытьем. Питает шерсть от корней до кончиков и защищает от негативного воздействия окружающей среды. Помогает продлить интервал между мытьем.', 'Нанесите на влажную или сухую шерсть после мытья или между мытьем. Расчешите шерсть. По возможности используйте\r\nдля мытья собаки шампунь и кондиционер той же Серии.', NULL, 'silky-coating-spray', 3, 5, ''),
(46, 'VIOLET +SEA MIST REPLASCENT', 'Дезодорант для собак', NULL, 'Имеет очень нежный приятный запах.\r\nМожет использоваться для устранения неприятного запаха с шерсти собаки, а также для устранения неприятного запаха во всех местах обитания собаки: дезодорирования помещений , обработки\r\nподстилок, туалетов, вольеров и т.д.\r\nПридает шерсти приятный запах.Освежает шерсть собаки после прогулки.', NULL, NULL, 'violets-odorReplascent', 6, 5, '')
ON DUPLICATE KEY UPDATE
  `engTitle` = VALUES(engTitle),
  `rusTitle` = VALUES(rusTitle),
  `shortDescription` = VALUES(shortDescription),
  `fullDescription` = VALUES(fullDescription),
  `application` = VALUES(application),
  `ingredients` = VALUES(ingredients),
  `imgName` = VALUES(imgName),
  `catalogID` = VALUES(catalogID),
  `lineId` = VALUES(lineId),
  `keywords` = VALUES(keywords);


INSERT INTO `productTypes` (`id`, `productType`) VALUES
(1, 'Шампунь'),
(2, 'Кондиционер'),
(3, 'Спреи для грумминга'),
(4, 'Средства для стайлинга'),
(5, 'Пищевая добавка')
ON DUPLICATE KEY UPDATE
  `productType` = VALUES(productType);

INSERT INTO `review` (`id`, `name`, `email`, `phone`, `city_entered`, `region_city_id`, `breed_id`, `review`, `active`, `hash`, `add_date`) VALUES
(3, 'Лариса', '', '', 'Москва', 589, 2, 'Очень долго у моего Афгана были проблемы с шерстью. Перепробовала много средств, но не могла найти ничего достойного. У собаки регулярно появлялись колтуны. Случайно увидела косметику на выставке. Для начала купила маленькие объемы шампуня и кондиционера, но консультант убедил взять еще 63 спрей, обещал, что колтунов не будет вообще если использовать все в комплексе, я долго сомневалась, но в итоге взяла 90 мл. на пробу. Сначала промыла свою собаку. Очень понравилось, что средства малопенящиеся и очень хорошо разбавляются с водой, на мой взгляд это очень экономично. После мытья высушила свою собаку. Качество шерсти мне понравилось сразу, но для меня важно, чтобы результат сохранялся как можно дольше. Использовала 2 раза в неделю 63 спрей, шерсть по качеству не изменилась. Проблемы с шерстью вообще исчезли. В целом результат превзошел все мои ожидания.', 1, '27c15e62214b9d6d1e2e5c76c498b7ad', '2013-06-25 16:00:59'),
(4, 'Лиза', '', '', 'Дубна', 589, 164, 'Купила косметику в Москве. 10 шампунь разводила где-то 1:6, кондиционер не разводила вообще. Шерсть блестящая и шелковистая. Качество шерсти очень нравится. Недавно докупила еще 63 спрей, теперь моемся реже, а качество супер. Спасибо большое за рекомендацию косметики Isle Of Dogs.', 1, '5f0c8d90ae09fa802d323b405715efdf', '2013-06-25 16:02:13'),
(5, 'Елена', '', '', 'Великий Новгород', 138, 126, 'Летом на выставке взяла пробники косметики. Никогда не получала такого эффекта от использования косметических средств. Дождалась России, там затарилась литровыми бутылками, еще и подарок подарили. Там же купила Тикен, просто балдею от него, такой объем для шерсти не одно средство больше не дает, а держится еще неделю после выставки.', 1, '82d6a0b4d02fa1549b57b2d1866290e0', '2013-06-25 16:03:16'),
(6, 'Юля', '', '', 'Москва', 589, 73, 'Пишу, если что - я совсем не профессиональный грумер, да и времени на сушку не было особо. Пробное мытье, без остального груминга (стрижки): Сначала помылись №20, смыли. Нанесли на выгоревшие участки оттеночный шампунь другой марки, рекомендованный продавцом магазина, держали 5 минут, смыли. Нанесли №17, для медной шерсти. Подержали около 3 мин, смыли. Нанесли кондиционер №51, прополоскали. Все средства очень хорошо размешиваются. После мытья протерлись полотенцем и подсушились феном. Результат: сразу после подсушки шерсть осталась мягковатой и фактурной, приобрела объем, легла, в общем-то хорошо (особенно видно по зародышу юбки, до помывки там проходит "шов", разделяющий шерсть на корпусе и отрастающую украшайку). Цвет выгоревших участков практически не изменился. Вообще результат понравился, собака из подростка сразу как-то заматерела, что ли - это больше ощущение при личном осмотре.', 1, '1a29fb71ec49af9b0ec0e678928a2548', '2013-06-25 16:04:25'),
(7, 'Виктория', '', '', 'Санкт-Петербург', 810, 4, 'Мне понравилась косметика. Спасибо за пробники и консультацию.', 1, 'a6ae7009d098ff51d0529a3160f80993', '2013-06-25 16:05:34'),
(8, 'Марина', '', '', 'Тула', 958, 12, 'Косметика очень подходит породе. Это просто чудо!!! Спасибо за помощь в подготовке собаки к выставке!!!', 1, '4b427a5e265d928ae58160b2ec7cd0f2', '2013-06-25 16:06:11'),
(9, 'Наталья', '', '', 'Воронеж', 175, 143, 'Спасибо за прекрасную собаку породы хаски питомнику "Хаски Хэвн". Отдельное спасибо за возможность пользоваться прекрасной косметикой для собак! Запах -великолепный! Результат- потрясающий!', 1, '52d22274adbd9b6238cfe609dd63a94f', '2013-06-25 16:07:19'),
(10, 'Алексей', '', '', 'Нижний Новгород', 632, 143, 'Хочу поблагодарить, что приехали к нам на ЦАЦИБ и привезли чудо-косметику.', 1, 'ebea1dcac1e469677070148c91786331', '2013-06-25 16:08:04'),
(11, 'Елена', '', '', 'Новокузнецк', 383, 143, 'Первый раз взяла небольшие объёмы(250 мл) шампунь№20 и кондиционер №50. Попробовала на одной собаке.Результат не заставил себя долго ждать! На выставке многие отметили здоровый блеск и белизну шерсти собаки! Сейчас купила всё в галлонах,так как очень выгодно! Очень нравятся запахи!Очень тонкие и очень приятные! Ну,и результат-замечательный! Собаки выглядят великолепно! Спасибо огромное за возможность пользоваться такой чудо-косметикой!!! Рекомендую всем!', 1, '5c1d3a6824b996bff37543b5cb04a09a', '2013-06-25 16:08:54'),
(12, 'Алена', '', '', 'Москва', 589, 164, 'Супер. Сегодня на Йорк Шоу купила у Вас маленькие бутылочки. Может помните, минут 15 мы с вами спорили. Только что помыла. Такого эффекта я еще не получала. Шерсть аж блестит вся, жаль фотку отправить нельзя. Сен бернар отдыхает. Очень понравился запах. Завтра приеду за литровыми.', 1, '6fe0c16385b9dd6895b51c9cb46d70f1', '2013-06-25 16:09:52'),
(13, 'Ольга', '', '', 'Тверь', 931, 164, 'Очень понравилось. Шерсть блестит. Красотищщщаа... А запах!!! просто отличный. Когда используем наши малюсенькие бутылочки - приду за бутылками побольше. Спасибо вам за возможность пользоваться этими средствами!', 1, 'fb0799ce091b7f9fe143ff910135f232', '2013-06-25 16:12:17'),
(14, 'Алла', '', '', 'Москва', 589, 164, 'Брала пробники на Йорк Шоу. Косметика понравилась. Разводила 1:10 мыла два раза собаку. Шерсть блестит и излучает здоровье. В выходные приеду в магазин.', 1, 'e39f3a6633db077fc695597e9b4fb6a9', '2013-06-25 16:12:58'),
(15, 'Вероника', '', '', 'Москва', 589, 143, 'Косметика просто великолепная! Самый лучший и видимый результат я заметила на хаски от шампуня №20 Ройал джелли! Просто потрясающий шампунь! Он дает невероятный объем и отличный рост шерсти! Так же очень нравится как блестит шерсть от шампуня для черногй шерсти и для белой! Одним словом - косметика работает на все 100%!', 1, '21f72a90bea57b9d5ad76f61b42da179', '2013-06-25 16:13:54'),
(16, 'Анна', '', '', 'Воронеж', 175, 142, 'Пишу, как и обещала. Косметика понравилась. Спасибо за образцы.', 1, '8075f02299b03651b4ddb296c45b8d10', '2013-06-25 16:14:29'),
(17, 'Катерина', '', '', 'Электросталь', 589, 164, 'Вчера взяла у Вас пробники и сразу помыла свою девочку.Я в восторге(и Аська тоже)!!!!Шерсть мягкая и легкая.Спасибо Вам!Ждем приезда своего грумера и сразу за косметикой к вам', 1, 'e108e612e25e41cde4ed75b6dbaa1648', '2013-06-25 16:15:14'),
(18, 'Мария', '', '', 'Москва', 589, 164, 'Ну что сказать...Чистая собачка - всегда красиво и приятно. Но в целом ничего особенного. Да, пахнет хорошо. Но простой Perfect Coat по приятности запаха не уступает, а по стойкости обгоняет. Да, шерсть гладкая и блестящая, но, например, Mr.Bruno, хотя в 10 раз дешевле, ничуть не хуже, не говоря уж о вышеозначенном Перфект Коуте и безусловно хорошем Сен Бернаре . Так что пользоваться, безусловно, можно, но все остальное - реклама. Интересно, удалят такой отзыв с сайта или нет?', 1, '654cf7aa23f4f079d5e1019092563ff0', '2013-06-25 16:16:06'),
(19, 'Оксана', '', '', 'Новосибирск', 657, 164, 'Замечательная косметика! Я поверила рекомендациям продавца на йорк-шоу и приобрела сразу по 1 литру шампуня №10, кондиционера №51 и распутывающего спрея. Особенно хорош спрей, спутанная шерсть расчесывается моментально. Запах очень тонкий, собачка после мытья как облачко душистое. В общем, одобряю!', 1, '4199cccd8d9fb5d17bb9dce0b93f5c49', '2013-06-25 16:16:53'),
(20, 'Елена Никитина', '', '', 'Москва', 589, 118, 'Я счастлива,что познакомилась с косметикой этой фирмы. Много лет я держу пекинесов, собак очень тяжелых в уходе. Много было зкспериментов с всевозможной косметикой, но все было не то. Сейчас я удотворена полностью, хорошо легко моются , легко расчесываются, приятно пахнут. Большое спасибо.', 1, '7dea75cd9f64ddfb5de85495ab1b4e61', '2013-06-25 16:18:06'),
(21, 'Яковлева Виктория', '', '', 'Москва', 589, 144, 'Я пробовала косметику когда еще не было представительства в России. Присылали пробники знакомые из Латвии. Косметика очень понравилась. Я на своих Силки перепробовала множество фирм, но в Isle Of Dogs нравится, что результат держится в течении недели, шерсть не путается и легко расчесывается без всяких распутывающих спреев. Единственно, мы пользуемся серией для салонов, а не той которую советует производитель.', 1, '7a1c61f2c90a6ed61854b8990888b59c', '2013-06-25 16:19:08'),
(22, 'Олеся', '', '', 'Новокузнецк', 383, 138, 'Спасибо большое. Косметика очень понравилась, пользуюсь шампунем №10 и кондиционером №51. Хочу отметить, что шерсть дольше сохраняется в шоу кондиции. На мой взгляд, идеальное состояние шерсти для шоу через 2 дня после помывки))', 1, 'eeb48b735050dfb800afebe4dedfcbb3', '2013-06-25 16:19:47'),
(23, 'Ольга', '', '', 'Саратов', 813, 127, 'Очень понравилась Ваша косметика, большое спасибо! Использовала пробники шампуня №20 и кондиционер №50. Вид шерсти потрясающий!', 1, '09b2e74fceb270feba01e1dddff203ad', '2013-06-25 16:20:14'),
(24, 'Юлия', '', '', 'Хабаровск', 1003, 0, 'Использую на кокерах, йорках, ши тцу, шпицах, хаски, маламутах, чау, сеттерах, бобтейлах, ЮРО. Мне нравится. Комбинации и варианты разные. Очень быстро оживляет поврежденную шерсть. На длинной (кокер, ши тцу) не возникает статики и шерсть отлично работает! Я довольна. Но пользуюсь на 70% профлинией.', 1, 'b3391b9293f95538765e44d6ffd4e71e', '2013-06-25 16:21:26'),
(25, 'Таня и йорк Лаки', '', '', 'Москва', 589, 164, 'Первый раз попробовали пользоваться этими средствами летом. Купили пробники шампуня №10, кондея №51 и спрея для расчесывания №63 на выставке ЙоркШоу 2009. Не думали, что настолько потрясающий эффект будет. Очень понравилась косметика. Купили позже в магазине на Орджоникидзе уже литровые банки и очень, очень довольны. К тому же много подарков получили- пробники шампунь-блеска и шампуня для лапок. Спасибо огромное Марине за дельные советы и помощь в выборе косметики и аксессуаров.', 1, '015c94a828499242710d47b6692c9395', '2013-06-25 16:23:01'),
(26, 'Наталья', '', '', 'Владимир', 161, 160, 'Мы познакомились с этой линией косметики получив в подарок пробники на выставке, весной 2009 года. Очень понравились и шампунь и кондиционер. Шампунь прекрасно очищает и отбеливает шерсть, кондиционер №50 обладает приятным ароматом и восстанавливает поврежденные участки шерсти. И самое главное - Isle Of Dogs не вызывает аллергии! Большое спасибо.', 1, 'e8229fa7b88663bb2702e55653bbf1a1', '2013-06-25 16:23:39'),
(27, 'Надежда', '', '', 'Мурманск', 593, 164, 'Приобрела эту косметику на Чемпионате Мира в Братиславе. Замечательный результат! Очень понравилась косметика. Repair порадовал на юбке! Шерсть выглядит лучше, шелковистей! Запах приятный!', 1, '8ab588e1675e3f5479f2d61ef754fac1', '2013-06-25 16:25:33'),
(28, 'Лина', '', '', 'москва', 589, 164, 'Добрый день,посетители сайта! Хочу поделиться впечатлением от использования данной косметики.Приобрела ее по совету знакомой на выставке 30.01.10(шампунь №12,кондиционер№51),в подарок дали пробники шампуня и маски из серии "Натуральная роскошь".Сегодня помыла ребенка (шерсть длиная,без папильоток) данной серией-очень довольна видимым эффектом:шерсть блестит,мягкая,но не пухлявая,очень приятная на ощупь.Надеюсь использование другой серии даст тот же результат,а эту обьязательно приобрету,а может попробую себе(шутка....,а может быть и нет).', 1, '8b9bd15a22cd9d3736be908e7c9342da', '2013-06-25 16:26:44'),
(29, 'Жанна', '', '', 'Калуга', 349, 164, 'Спасибо большое Мариночке,что выслали почтой. Нам очень понравилась эта косметика мы брали Шампунь№10 и Кондиционер№51. Результат не заставил себя ждать,шерсть очень хорошо расчесывается даже в мокром виде очень частой расчесткой. Хорошо блестит и очень хорошо лежит. Спасибо Вам большое за эту косметику. Будем делать заказ на большие бутылки.', 1, '7b5becc6fbf3118f27482cadd9ced4b3', '2013-06-25 16:27:24'),
(30, 'Наталья', '', '', 'Обнинск', 349, 17, 'Приобрела шампунь салонной серии для Нежной очистки и увлажнения и кондиционер Глубоко проникающий. Помыла собаку, прошла неделя, а шерсть в отличном состоянии!!! Очень довольна результатом! Марина, спасибо, за возможность приобрести косметику высокого класса.', 1, '0d7290764b40ec32a4ecebb4e6e8d4ba', '2013-06-25 16:28:51'),
(31, 'Лина', '', '', 'Москва', 589, 164, 'Добрый день,девочки (и мальчики),а так же ваши мохнатые детишки! Я уже писала сдесь отзывы по данной косметике (натуральная роскошь),сегодня помыла ребятенка №12 + №51. Эффект то же очень понравился: шерстка блестит,мягкая,хорошо расчесывается,нежный запах приятной чистой шерсти. Предыдущая помывка была 2 нед.назад и не смотря на то,что ребенок живет полноценной "деревенской" собачьей жизнью,выглядел как "новенький",можно было даже еще подождать,но у мамы завтра Д.Р. надо быть совсем красивой. Хочу поблагодарить Марину за ее внимание,доброту и терпение при общении с клиентами, а главное за то,что не навязывает свой продукт,а просто рекомендует и даже предупреждает о возможных негативных моментах ( на вкус и цвет.....)! Желю всем здоровой и красивой шерстки!', 1, 'ad580d6d160c33110a1b1167fe5a23a0', '2013-06-25 16:29:37'),
(32, 'Лина', '', '', 'Москва', 589, 164, 'И снова здравствуйте (как в том анекдоте). Ребенок досох окончательно - ВКУСНЕНЬКИЙЙЙЙ !!!!!!', 1, 'dce4657426c26550ce39073befa01115', '2013-06-25 16:30:03'),
(33, 'Анна', '', '', 'Москва', 589, 5, 'Отлично подходит для маламутов в комплексе №16 и №20,а если шерсть старая и уставшая,бесподобно обновляет,выпрямляет и делает эластичной №50,но если у маламута шерсть эластичная и мягковатая,то не очень подходит. ISLE HOLD-супер пенка для объема на лапах и линии верха,на руках не ощущается дает отличный объем и текстуру. А вот с ISLE STYLE,что то напутали в переводе,согласна, что подходит для жесткой укладки и зафиксировать пудру на лапах,но для структуры и подготовки для стрижки ни как не подходит не только маламутам,но и им подобным породам,это типа жидкого лака,не стоит его применять там где может эксперт ощупать собаку,средство липнет к рукам.', 1, 'b53b7aecb8aa2631b4348c4d43074f2c', '2013-06-25 16:30:51'),
(34, 'Ольга', '', '', 'Санкт-Петербург', 810, 143, 'Очень довольна №20 и №50 . Опробовали уже много раз, прежде чем отзыв написать))) все руки не доходили, а только глаза любовались результатом. Шерсть мягкая, объемная, блестящая. Еще №16 хорошо отбеливает, но мою редко, так как и №20 отбеливает белую шерсть отлично. Стайлинг крем ISLE THICKEN делает шерсть на ощупь более плотной, но наносим на шерсть только, если выставлять собаку. Спасибо питомнику "Хаски Хэвен" за возможность попробовать косметику. Отдельное Спасибо Марине за консультацию и советы! :))', 1, 'e751cf50c8541cb85e6c700c3826bd05', '2013-06-25 16:31:51'),
(35, 'Татьяна', '', '', 'Мурманск', 593, 49, 'Для голышей взяла пока только ежедневную формулу Silk, очень довольна результатом,волос очень шелковистый,мягкий,с большим объёмом без использования средств для объёма,а отфенивается раньше чем включила фен очень быстро! Вот теперь хочу попробовать серию для шоу. И на пухе и на другой породе.', 1, 'b6eeff94900da94fe00f6731c1246809', '2013-06-25 16:32:41'),
(36, 'Яна', '', '', 'Нижний Новгород', 632, 99, 'Первый раз попробовала эту косметику. Честно говоря, не верила в положительный результат и была очень приятно удивлена после того как увидела собаку "чистой". У меня палевый кобель - появился очень чёткий контраст БЕЛЫХ лап и МЕДНОЙ спинки. Он у меня теперь ходит по улицам и светится чистотой. Большое спасибо.', 1, '8c520c014b098d87c6253329c6b3e568', '2013-06-25 16:33:20'),
(37, 'Смирнова Ольга', '', '', 'Саров', 632, 60, 'Приобрела косметику ISLE OF DOGS на Евразии-10. Искала что-то профессиональное и не стандартное, т.к. имею опыт работы с косметикой разных фирм, но так, чтоб "душа развернулась" - такого нет. Сразу скажу, что в момент покупки отнеслась несколько скептически. Очень порадовали внимание к клиентам и культура общения консультантов. Используем шампунь №10 и кондиционер №51. На момент покупки у собаки были проблемы с шерстью. После первой же помывки шерсть выглядела здоровой и ухоженной. Как в первый же вечер помывки, так и спустя полгода - разочарования нет. Шерсть эластичная, блестящая, хорошо структурированная и струящаяся. Без статитики.На здоровой шерсти - эффект еще более потрясающий. Самое главное, что эта косметика позволяет легко довести собаку до кондиции, которая необходима нам для выступления на крупнейших шоу. Ежедневно используем добавку для шерсти № 91. Тоже очень довольная. Спасибо Марине за консультации и возможность работать с этой косметикой.', 1, 'e0e5bb256a9445041cf03604fcdce3bb', '2013-06-25 16:34:11'),
(38, 'Даша', '', '', 'Таллин', 0, 60, 'Подруга подарила на пробу по 2 тестора No. 51 Heavy Management Conditioner и No. 20 Royal Jelly Shampoo.Уж и незнала что может закрыть судье глаза на сильно вылиневшую шерсть.Тесторы ISLE OF DOGS было наше спасение.Мы не просто хорошо выставились,МАЛЬЧИШКА СТАЛ ЛУЧШИМ ПРЕДСТАВИТЕЛЕМ ПОРОДЫ,А НАША ДЕВОЧКА ЛУЧШЕЙ ПРЕДСТАВИТЕЛЬНИЦЕЙ ПОРОДЫ ПРОТИВОРОЛОЖНОГО ПОЛА!Косметика прото сказочная.От нее так и веет Качеством!!!СПАСИБО ЗА ТО ЧТО ОНА ЕСТЬ!!!!', 1, 'e1148b377de700048d1a2fd79748ed26', '2013-06-25 16:35:10'),
(39, 'Елена', '', '', 'Северск', 946, 141, 'Первый раз попробывала косметику на собаки находяшейся в линьки.Когда осталась практически одна ость.Использовала шампунь "Королевское Желе"№20,кондиционер №50 и кондиционер Isle Thicken.Супер!мне очень понравилось то,что я увидела в конечном результате.Собака была идеальна.Спасибо ОГРОМНОЕ!!!!Закажу еще.', 1, '88fd081bdf79acfc3c5f0a3b02719b4c', '2013-06-25 16:35:37'),
(40, 'Кристина', '', '', 'Тольятти', 809, 37, 'Впервые, взяла на пробу. Результат: шерсть блестит, очень жесткая, при этом не хрустит как от многих других. Для бороды кондиционер №51, тоже очень понравился...нежный, приятны запах. Спасибо нашему региональному представителю Туркиной Элине.', 1, 'c8a128a4f17826556970e6fd511fd709', '2013-06-25 16:36:43'),
(41, 'Кристина', '', '', 'Тольятти', 809, 142, 'Я очень довольна что нашла эту косметику. Ведь у многих длиношерстных собак одна проблема-статика. Попробуя все что рекомендует производитель я осталась очень давольна. Спасибо Элине Туркиной-нашему региональному представителю...', 1, '54f68769912c28e6d07787a01180ed4d', '2013-06-25 16:37:15'),
(42, 'Елена', '', '', 'Северск', 946, 141, 'Благодаря вашей косметике,после одного применения,моя собака,находящаяся в линьки,закрыла ЮЧР,стала BIG-2,BIJ-3 и это при сильнейшей конкуренции.Спасибо огромное.', 1, 'a933edc72067e3df3086aa0d2ce67755', '2013-06-25 16:37:44'),
(43, 'Наталья', '', '', 'Лиски', 175, 102, 'После первого применения шампуня №16 шерсть приобрела блеск и шелковистость, ушла желтизна, шампунь имеет прекрасный запах. Спасибо продавцам в магазине за рекомендацию этой линии косметики для собак.', 1, '5cbf4552c3db8fdc658e38a473d3b116', '2013-06-25 16:39:54'),
(44, 'Олеся', '', '', 'Красноярск', 466, 145, 'Познакомились с кометикой год назад, сразу приобрела линейку для своих скотчей и ская. спустя год - очень довольны, эффект виден сразу, собака в шоу подготовке и через несколько дней после мытья. так же огромное спасибо представителю косметики уделившему нам время на Евразии!ваши советы очень пригодились!', 1, 'b9a25b3ca3e6e769a326539e6cee91b3', '2013-06-25 16:40:20'),
(45, 'Ольга', '', '', 'Новосибирск', 657, 145, 'No. 51 Heavy Management Conditioner - после первого применения оставил весьма и весьма приятные впечатления! Хорошо наносится. Собака поразительно легко расчессывается, шерсть после применения выглядит идеально - гладкая, блестящая и приятная!', 1, '4fbcfc9ed36d9f7c752ebeb825cc575a', '2013-06-25 16:40:43'),
(46, 'Ольга', '', '', 'Нижний Новгород', 632, 102, 'Попробовала косметику на разлив. мальтезе засияла. Шерсть мягкая, шелковистая, эластичная, очень белоснежная. Блестит и разлетается красиво. Никакой статики. И это всего лишь после ш-ня №10 и кондиционера №51. Прошла неделя после мытья. Собака - белоснежная. И шерсть не превращается в сосочки... Я довольна. Зрею на большие упаковки', 1, 'f9c4fb6f212e6129c142a9ca0547480d', '2013-06-25 16:41:20'),
(47, 'Юлия', '', '', 'Новокузнецк', 383, 23, 'Просто в восторге от этой косметике! Шерсть великолепная. Пробывали шампунь №20 и кондиционер №50. Собака выглядит отлично! Спасибо Вам!', 1, '813022c4292ff9cbdb956facf91fd11a', '2013-06-25 16:41:49'),
(48, 'Мирослава', '', '', 'Волгоград', 162, 52, 'Всем здравствуйте! Сегодня попробовала эту косметику. Осталась очень довольна и приобрету еще раз. Мылись Королевским желе и бальзамом №50. Еще купила 2 спрея для расчесывания. Теперь буду смотреть, как будет выглядеть шерсть после спреев! Шерстка выглядит очень здорово, собака идеально чистая и прекрасно пахнет! Очень рекомендую! Нам с сыном все понравилось! Мы красивые, пушистые и очень нарядные!))))Спасибо большое!', 1, '43576e8fcc5cc84c4fc1bf2325207d77', '2013-06-25 16:42:43'),
(49, 'Иван', '', '', 'Москва', 589, 12, 'Косметику попробовал, собака и правда выглядит очень красиво. Использовал № 20 и № 50, №50 разводил как Вы говорили шерсть лежит, блестит красота.', 1, 'bb8ae53b69b8226d6c318ddd35c19f9a', '2013-06-25 16:43:10'),
(50, 'Настя', '', '', 'Пенза', 721, 164, 'учшая косметика для Йорков, из всех что мне попадалась. По уходу регулярно пользуюсь номерами 10, 51 если у собаки сваливается шерсть мгновенно помогает номер 63, спасибо.', 1, '4fd380db25b4ed9d1dc0bd7a5e0ece75', '2013-06-25 16:43:40'),
(51, 'Елена', '', '', 'Санкт-Петерьург', 0, 126, 'Для шпица важно, чтобы был очень мощный объем. Попробовала Thicken и Пенку после мытья, очень круто получилось. Обыграли даже кобеля из очень известного питомника. Мылись кстати 33 шампунем, шерсть стала такой жесткой и блестящей.', 1, '68216e222220b99d48c833d988c23128', '2013-06-25 16:44:16'),
(52, 'Тамара', '', '', 'Киров', 398, 54, 'Для юбки кокера лучше ничего нет, чем шампунь 12 и маска натуральная роскошь и Repair. Это лучшая комбинация для кокера на свете. Уход за шерстью занимает 2 часа в неделю.', 1, 'df264d0f69b7f52eb86011377b1323df', '2013-06-25 16:44:44'),
(53, 'Эвелина', '', '', 'Великий Новгород', 138, 60, 'Для моих Такс я использовала и шампунь 10 и 12 и натуральную роскошь, могу сказать одно берите 10 и не думайте он дешевле всего, но по качеству ничем не отличается от остальных. Вот маска на меня произвела неизгладимое впечатление. В общем таксятникам рекомендую.', 1, 'd2f27bb0a1d1cc47dcbf95ab71193740', '2013-06-25 16:45:31'),
(54, 'Катя', '', '', 'Липецк', 515, 109, '5 часов мы мылись и наконец помылись... выглядели так, что нам отдали Бест Ин Шоу... Спасибо за косметику.', 1, 'd6f479450e19790a84f2106c8c7a5689', '2013-06-25 16:45:54'),
(55, 'Лариса', '', '', 'Ярославль', 1092, 164, 'Огромное спасибо, что уговорили взять литровые бутылки 12 и 51, шерсть просто фантастическая... Даже чесать теперь собаку одно удовольствие. А какой запах, прелесть!!!', 1, 'e759270abd8d0466e9e44fd01a29e652', '2013-06-25 16:46:33'),
(56, 'Николай', '', '', 'Пермь', 727, 52, 'Блестящий вид, сильный объем.', 1, '055919bf37f7153546b57ab1ca181c94', '2013-06-25 16:47:15'),
(57, 'Ольга', '', '', 'Казань', 342, 127, 'Блеск от 16, 17 и 18 шампуней на соответствующем окрасе - это просто песня, и не нужно ничем брызгать помылся, на чесался и пошел в ринг, эсперт таких собак выделяет сразу. Я взяла лучшего кобеля в классе победителем Евразии, а это не хухры мухры... В описании эксперт отметил ВЕЛИКОЛЕПНУЮ ШЕРСТЬ!!!', 1, '7a2d2b15b57217fc4bd372ce1e6580fc', '2013-06-25 16:47:39'),
(58, 'Карина', '', '', 'Москва', 589, 140, 'Разводим шампуни очень сильно, в принципе если мыться раз в неделю и особо не пачкаться (это от собаки зависит, некоторые и дома изваляются) то 250 мл хватает на 3 месяца для 2х собак...', 1, '3a3a57a97f32d6db9f8a850e313e80c7', '2013-06-25 16:48:27'),
(59, 'Полина', '', '', 'Кострома', 442, 164, 'Мне кажется я единственный человек, в городе, кто пользуется этой косметикой, со мной уже никто из собаководов не разговаривает, потому что моя собака то группу возьмет, то бест. Дороговато конечно получился полный набор из шампуня, кондиционера, спрея, но оно того стоит.', 1, '0fc1f03e4ac3ba8e59cef80fecc65743', '2013-06-25 16:49:42'),
(60, 'Дарья', '', '', 'Магнитогорск', 1026, 138, 'Repair для юбки скоча - это просто палочка выручалочка.', 1, '17141ef6055811d8036c41b00a1404d8', '2013-06-25 16:50:09'),
(61, 'Алёна', '', '', 'Астрахань', 48, 164, 'Все получила! Спасибо большое! Мыла 10 шампунем и маской, очень понравился результат, показалась заводчице, она в шоке... На Евразии к вам подойдет купит для себя!', 1, '255f176b2e26999eeae9464635fda3e4', '2013-06-25 16:50:38'),
(62, 'Валентин', '', '', 'Барнаул', 69, 127, 'Спасибо за консультацию на Евразии. Жена сегодня помыла собаку. Шерсть блестит, глаз не оторвать.', 1, 'b10b029472bc776684f74e6874ae18a7', '2013-06-25 16:51:07'),
(63, 'Катя', '', '', 'Липецк', 515, 164, 'Приехала, выспалась и сразу помыла. Скажу Вам эффект потрясающий, мыла шампунем 10, кондиционером 51, при сушке использовала Isle Repair! Наконец-то подобрала себе хорошую косметику.', 1, 'e20e48a29a741caf1cf19ad021586d13', '2013-06-25 16:51:35'),
(64, 'Елена', '', '', 'Москва', 589, 138, 'Пишет вам Елена, мы долго разговаривали, посмотрела видео, попробовала восстанавливающий кондей, вы были правы - это то, что нужно моей собаке.', 1, '65ec1b283eaf447a50918659f011eb4d', '2013-06-25 16:51:55'),
(65, 'Юлия', '', '', 'Казань', 342, 160, 'Закупились на Евразии, теперь будем мыться...', 1, 'f46cc6792dc9036435f88dfdec94e53c', '2013-06-25 16:52:16'),
(68, 'Елена', '', '', 'Москва', 589, 107, 'На Евразии купила шампуни №33 и №16 90мл и очень пожалела что не взяла большего размера. Косметика классная! С первого раза борода отбелилась,а шерсть стала жесткая и блестящая,нет пухлявости.(уж есть с чем сравнить). Теперь бегу покупать для других своих собак.(для шпица и кавалера).', 1, 'eff385697021454ae1352d43cd63cdf8', '2013-06-25 16:54:22'),
(69, 'Лиза', '', '', 'Тюмень', 966, 164, 'Пользуемся уже больше двух лет этой косметикой, очень довольны, шерсть выглядит превосходно, идеально подходит для выставочного и не выставочного ухода за собаками.', 1, 'f41bb883315a710980e4559954505fac', '2013-06-25 16:54:42'),
(70, 'Елена', '', '', 'Барнаул', 69, 126, 'Купила для шпица шампунь №20, классно! Даже без кондишена, хоть беги на выставку!', 1, 'ecfb809664f5856e59e179a8670c582d', '2013-06-25 16:55:09'),
(71, 'Надежда', '', '', 'Челябинск', 1026, 164, 'косметика супер.', 1, '7b8141a8164b0ed73d1c9157e10e3897', '2013-06-25 16:55:35'),
(72, 'Катя', '', '', 'Пермь', 727, 164, 'Спасибо, все получили. Уже намылись, на facebook есть фотки после использования. Все просто чудесно. Мыла собаку с поврежденной шерстью, после маски и восстанавливающего кондиционера шерсть стала выглядеть живее, так что через месяц может уже шерсть восстановим.', 1, '4c0eb1048532647a20c4cc1d91fa9366', '2013-06-25 16:55:53'),
(73, 'Валерий', '', '', 'Москва', 589, 5, 'Косметику использую только для мытья на выставку, шерсть очищается нормально, запах приятный, объем хороший. В общем шерсть собаки выглядит как надо.', 1, 'd53b98543c97158f9b9856639168eda2', '2013-06-25 16:56:30'),
(74, 'Мария', '', '', 'Балашиха', 589, 52, 'Косметику используем только для выставок. Но даже из лысой собаки получается очень пушистая собака. Спасибо за отличную косметику. Благодаря косметики мы закрыли чемпионство 6 стран.', 1, 'dfb3fa334f106b3c6f02548aba85d6cc', '2013-06-25 16:57:24'),
(75, 'Анастасия', '', '', 'Екатеринбург', 266, 52, 'В третий раз купила на Евразии галлоны № 20 и № 50. Косметика подходит для моих собак, в самый, в самый раз для выставок. На год стабильно хватает на 7-10 собак мойки раз в 2-3 недели. В линьку пользуюсь пеной и тикеном. До следующей Евразии.', 1, '9246735fe75c385757e1cbe22b5452b9', '2013-06-25 16:58:11'),
(76, 'Валерий', '', '', 'Дмитров', 589, 127, 'Вчера попробовал помыть своего белого пуделька синим шампунем. У него рыжие локти, он их не отбелил с первого раза, хотя в цвет стал ярче, шерсть блестела после сушки. Ожидал чего-то большего...', 1, '42dd2b60e7a41f576f05509c765e4efc', '2013-06-25 16:58:39'),
(77, 'Алла', '', '', 'Москва', 589, 164, 'Нашей породы к сожалению нет, мы бивер йорк Федя. Нам очень нравится как Федечка пахнет после ванны и когда чешем брызгаем коричневым спреем, прям тащимся от запаха.', 1, 'a876bb8dc653f262fa18240174b27f73', '2013-06-25 16:58:59'),
(78, 'Серафим', '', '', 'Курск', 488, 75, 'Брал пробник косметики несколько месяцев назад, помыл пса, был чистый без запаха, но мое мнение очень дорого. 1000 руб для бутылки шампуня 250 мл для меня лично не позволительная роскошь. Я мою собаку тем же чем моюсь сам, выставки я не посещаю, собаку люблю и мою раз в месяц, ничего шерсть как шерсть, но стоит шампунь 150 руб бутыль 500 мл. Я доволен.', 1, '8be85d0675441c21c3dfd45d588e285d', '2013-06-25 16:59:51'),
(79, 'Ирина Александровна', '', '', 'Великий Новгород', 138, 0, 'Уважаемая Марина Юрьевна, спасибо Вам за консультацию и поставку. Я брала салонную серию для своего салона красоты и очень довольна выбором. За месяц шампуней израсходовали очень мало, разводим где-то 1 к 30, но отмывает шерсть очень хорошо. Аромат очень легкий у шампуней и кондиционеров. Для салона косметика на мой взгляд подходит идеально.', 1, '1723671a13f2562a3c6d125318f7cf07', '2013-06-25 17:00:33'),
(80, 'Нина', '', '', 'Великие Луки', 770, 55, 'Помыла сегодня собаку данной косметикой. Собака чистая, запах приятный, но я ожидала большего эффекта за такие деньги. Я понимаю, эксклюзив из США не может стоить дешевле и все же меня не впечатлила сия продукция.', 1, '1453f52ad50de50c93df959f6848b3db', '2013-06-25 17:01:11'),
(81, 'Мария', '', '', 'Москва', 589, 126, 'У моего шпица мягкая шерсть, мне посоветовали использовать для него на выставку шампунь №33 и не использовать на выставку кондиционер. Так вот я сделала как мне сказали и мы выиграли лучшего кобеля на выставке. В описании написано про шерсть (отличная шерсть), конечно с движениями у нас тоже все ок. Спасибо за совет.', 1, 'e32e125807014d2e168079b3fc483e91', '2013-06-25 17:01:34'),
(82, 'Кирилл', '', '', 'Самара', 809, 164, 'Можно пользоваться!', 1, 'c81e7f92ba25fe7b09e6581a1f58cbe4', '2013-06-25 17:02:00'),
(83, 'Ольга', '', '', 'Самара', 809, 100, 'Решила приобрести эту косметику, но огорчает, что представитель накручивает на эту, и так не малую цену ещё.', 1, '57c9d38631d2147ebd1416b5deb17431', '2013-06-25 17:02:34'),
(84, 'Поля', '', '', 'Коломна', 589, 126, 'Шерсть у шпица блестит! Мыла 17 шампунем!', 1, 'dbba6680e49f337faca9dba1bdb7318c', '2013-06-25 17:02:58'),
(85, 'Оксана', '', '', 'Тара', 695, 96, 'косметика просто супер,нет слов,не сравнить ни с чем,настоящая профессиональная косметика с большой буквы,а запах!!!шерсть после нее невообразимо мягкая и красивая,это наша косметика на всю жизнь!!!и еще: она очень экономная,спасибо большое нашему заводчику,которая привезла нам ее!!!!', 1, '2e780d4f080baf3ff263ecac060a0140', '2013-06-25 17:03:19'),
(86, 'Татьяна', '', '', 'Курск', 488, 166, 'Пробовали №12 и №51. Превосходно!Шерсть- шёлк!', 1, '74ac8ddafb89ffb21cbb81dbb3efbb82', '2013-06-25 17:03:50'),
(87, 'Алена', '', '', 'Киев', 0, 164, 'Для моих йориков нет ничего лучше шампуня натуральная роскошь и маски. Шерсть блестит и выглядит живой, можем не чесаться 3-4 дня и она не спутывается и не склеивается. Выглядит чудесно.', 1, 'e8297bfb717d956facb44ad00718df17', '2013-06-25 17:04:14'),
(88, 'Daysia', '', '', '', 0, 0, 'You can always tell an epexrt! Thanks for contributing.', 1, '61c21bc30db24845293a05cd37d679b8', '2013-06-25 17:04:37'),
(89, 'Настя', '', '', 'Великий Новгород', 138, 164, 'Спасибо за консультацию на России. Косметика подошла и для йорка и для кокера.', 1, '1099a352053fcdf669d7ef8550a52682', '2013-06-25 17:05:15'),
(90, 'Валентин', '', '', 'Москва', 589, 135, 'Отличный результат.', 1, '6dd7641cb73f5fb4353bf9f79f222098', '2013-06-25 17:05:54'),
(91, 'Наталия', '', '', 'Псков', 770, 126, 'У меня малый шпиц, купила на выставке 33ий шампунь - он сделал шерсть жесткой как надо. Попробовала 20ый и 17ый для рыжих, особой разницы по ним не заметила, но эффект понравился.', 1, '74f249517d73b908fb4edbe402b9bb28', '2013-06-25 17:06:23'),
(92, 'мария', '', '', 'Санкт-Петербург', 810, 164, 'Косметика отличная. Заказала через интернет магазин доставку. Все очень быстро пришло. Спасибо большое.', 1, '93f1fd19470fa885c7adb13ea769bed6', '2013-06-25 17:06:51'),
(93, 'Ирина', '', '', 'рязань', 804, 135, 'Пользуюсь этой косметикой с 2007 года. Отлично подходит для самоедов. Раз в две недели мою выставочных собак с шампунем №16, а тех кто в линьке с "королевским желе" раз в неделю. Таким образом шерсть отрастает быстрее, чем у собак, которые не моются. Кондиционером между выставками пропитываю собак и держу около 5 минут. На выставку использую пену на всей собаке, но я стараюсь готовить собаку за 3-5 часов до выставки и по возможности ставлю компрессором шерсть перед рингом (также с пеной), объем получается свежий и собака выглядит шикарно.Thicken использую только на раздетых или полу раздетых собаках.', 1, 'f6d162b7d7bc04335364d7711b84db70', '2013-06-25 22:53:14'),
(94, 'Соня и бивер йорк Арнольд', '', '', 'Москва', 589, 166, 'Какой же наш Арнольдушка теперь вкусненький. Теперь ходим всей семьей и тискаем его по очереди. Собака теперь благоухает ванилью!!!', 1, '6763a2b2ab5e4634b5f7f63120934686', '2013-06-26 23:20:45'),
(95, 'Алена', '', '', 'Волгоград', 162, 126, 'Для своих шпицев на выставку мою только шампунем номер 33. Шерсть получается идеальной по плотности и жесткости. Кондиционером на выставку не пользуюсь. Для дома использую шампунь номер 12 и разведенный кондиционер 50.', 1, '946ef751875f87b819a3ac702177e961', '2013-06-26 23:29:57'),
(96, 'Екатерина', '', '', 'Ростов', 1092, 127, 'Подруга привезла из Москвы Lush набор косметики. Очень довольна результатом. Шампунь отбелил шерсть, даже под глазами пятна очистил. Спрей помогает распутывать колтуны, собаке не больно и мне проще чесать. Ну и самое главное это цена. Как закончится, закажу еще в интернет магазине.', 1, '0168f0f4629f8fdd90d4ffd943a2c226', '2013-06-26 23:34:56'),
(97, 'Алена', '', '', 'владимир', 161, 102, 'Очень понравился шампунь и кондиционер. Держала около 10 минут каждый. Шерсть гладкая, расчесывается после мытья без проблем. Иногда при расчесывании (раз, может два в неделю) использую 62 масло, больше для запаха, потому как я мою свою собаку раз в 10-14 дней и проблем с расчесыванием не испытываю.', 1, 'cf5a2a1e59bf5f03015c754f123a6115', '2013-07-05 11:33:31'),
(98, 'Ирина', '', '', 'псков', 770, 5, 'Попробовала новую серию. Сначала помыла шампунем глубокой очистки, потом кератином. Собака живет на улице летом, постоянно роет ямы, но отмылась хорошо. Главное для меня цена и наличие в больших бутылках.', 1, '1b78b7f621a20d007cfe0c202176bec0', '2013-07-05 11:40:31'),
(179, 'Юлия', 'candy8383@mail.ru', '', 'Екатеринбург', 266, 143, 'Добрый день! У нас черно-белый хаски))\r\nИспользовали косметику впервые, остались очень довольны результатом!!!\r\nБлагодарим производителя за продукты  замечательного качества!!!!\r\nГотовили "ребенка" к выставке: 1 час мыли, потом 2 часа сушили....и.......Результат: ЛПП!!!!!!\r\nСпасибо!!!!', 1, '102eaf4c7acdc97c395fef4cfbad27b5', '2013-09-30 19:03:34'),
(490, 'Николай', 'No-star@yandex.ru', '79806554658', 'Москва', 589, 2, 'Очень качественные косметические средства', 1, '5ba848ef042866100eb643571a9a88c3', '2014-01-09 18:55:14'),
(528, 'Настя', 'stasya.79@bk.ru', '', 'Москва', 589, 164, 'Здравствуйте!Очень нравится косметика Isle of dogs, шерсть моего песика стала просто шикарной - приятная на вид и на ощупь, хорошо пахнет и блестит. Покупала и галлоны и меньшие объемы  в интернет-магазине Наши зверушки, оочень удобно было. Устраивало то, что косметику могли привезти допоздна, в удобное ДЛЯ МЕНЯ время! Заказывала несколько раз с экспресс-доставкой себе и своим друзьям, которые вечером накануне выставки обнаружили отсутствие косметики, ситуация была бы критической, НО, им удалось получить все необходимое тем же вечером и на выставке они в итоге получили отл.,ЛК, ЛПП и многое другое. Некоторое время назад обнаружила у них отсутствие данной косметики и на вашем сайте их тоже нет. Для меня это КАТАСТРОФА!', 1, '2ce83b68756d2ff3c77f10db2dae4705', '2014-03-05 21:33:12'),
(640, 'Вера', '', '', 'Москва', 589, 127, 'Очень понравилась косметика!', 1, '89a6300cd9767c41abba36e040838660', '2014-05-16 18:43:41'),
(641, 'Оксана', 'grumingdog@mail.ru', '+994554560269', 'Баку, Азербайджан', 0, 0, 'Косметика действительно профессиональная и очень высокого качества. \r\nСпециально приезжаю в Москву для её приобретения. Использую в своей груминг студии на различных породах. Отлично удаляет запах и загрязнения. Придает шерсти эластичность и блеск. Шерсть хорошо держит форму. После её использования очень легко стричь.', 1, 'ed335ace77f35e773e8de456cf04d818', '2014-07-14 16:15:33')
ON DUPLICATE KEY UPDATE
  `name` = VALUES(name),
  `email` = VALUES(email),
  `phone` = VALUES(phone),
  `region_city_id` = VALUES(region_city_id),
  `breed_id` = VALUES(breed_id),
  `review` = VALUES(review),
  `active` = VALUES(active);


INSERT INTO `review_breed` (`review_id`, `id`, `breed_id`) VALUES
(NULL, 3, 2),
(NULL, 4, 164),
(NULL, 5, 126),
(NULL, 6, 73),
(NULL, 7, 4),
(NULL, 8, 12),
(NULL, 9, 143),
(NULL, 10, 143),
(NULL, 11, 143),
(NULL, 12, 164),
(NULL, 13, 164),
(NULL, 14, 164),
(NULL, 15, 143),
(NULL, 16, 142),
(NULL, 17, 164),
(NULL, 18, 164),
(NULL, 19, 164),
(NULL, 20, 118),
(NULL, 21, 144),
(NULL, 22, 138),
(NULL, 23, 127),
(NULL, 24, 0),
(NULL, 25, 164),
(NULL, 26, 160),
(NULL, 27, 164),
(NULL, 28, 164),
(NULL, 29, 164),
(NULL, 30, 17),
(NULL, 31, 164),
(NULL, 32, 164),
(NULL, 33, 5),
(NULL, 34, 143),
(NULL, 35, 49),
(NULL, 36, 99),
(NULL, 37, 60),
(NULL, 38, 60),
(NULL, 39, 141),
(NULL, 40, 37),
(NULL, 41, 142),
(NULL, 42, 141),
(NULL, 43, 102),
(NULL, 44, 145),
(NULL, 45, 145),
(NULL, 46, 102),
(NULL, 47, 23),
(NULL, 48, 52),
(NULL, 49, 12),
(NULL, 50, 164),
(NULL, 51, 126),
(NULL, 52, 54),
(NULL, 53, 60),
(NULL, 54, 109),
(NULL, 55, 164),
(NULL, 56, 52),
(NULL, 57, 127),
(NULL, 58, 140),
(NULL, 59, 164),
(NULL, 60, 138),
(NULL, 61, 164),
(NULL, 62, 127),
(NULL, 63, 164),
(NULL, 64, 138),
(NULL, 65, 160),
(NULL, 68, 107),
(NULL, 69, 164),
(NULL, 70, 126),
(NULL, 71, 164),
(NULL, 72, 164),
(NULL, 73, 5),
(NULL, 74, 52),
(NULL, 75, 52),
(NULL, 76, 127),
(NULL, 77, 164),
(NULL, 78, 75),
(NULL, 79, 0),
(NULL, 80, 55),
(NULL, 81, 126),
(NULL, 82, 164),
(NULL, 83, 100),
(NULL, 84, 126),
(NULL, 85, 96),
(NULL, 86, 166),
(NULL, 87, 164),
(NULL, 88, 0),
(NULL, 89, 164),
(NULL, 90, 135),
(NULL, 91, 126),
(NULL, 92, 164),
(NULL, 93, 135),
(NULL, 94, 166),
(NULL, 95, 126),
(NULL, 96, 127),
(NULL, 97, 102),
(NULL, 98, 5),
(NULL, 99, 16),
(NULL, 100, 142),
(NULL, 101, 95),
(NULL, 102, 22),
(NULL, 103, 107),
(NULL, 104, 121),
(NULL, 105, 43),
(NULL, 106, 150),
(NULL, 107, 24),
(NULL, 108, 16),
(NULL, 109, 41),
(NULL, 110, 116),
(NULL, 111, 66),
(NULL, 112, 98),
(NULL, 113, 82),
(NULL, 114, 133),
(NULL, 115, 84),
(NULL, 116, 43),
(NULL, 117, 8),
(NULL, 118, 25),
(NULL, 119, 43),
(NULL, 120, 2),
(NULL, 121, 72),
(NULL, 122, 25),
(NULL, 123, 74),
(NULL, 124, 100),
(NULL, 125, 119),
(NULL, 126, 90),
(NULL, 127, 113),
(NULL, 128, 88),
(NULL, 129, 30),
(NULL, 130, 14),
(NULL, 131, 167),
(NULL, 132, 165),
(NULL, 133, 9),
(NULL, 134, 6),
(NULL, 135, 150),
(NULL, 136, 150),
(NULL, 137, 39),
(NULL, 138, 51),
(NULL, 139, 147),
(NULL, 140, 13),
(NULL, 141, 133),
(NULL, 142, 151),
(NULL, 143, 94),
(NULL, 144, 168),
(NULL, 145, 133),
(NULL, 146, 59),
(NULL, 147, 76),
(NULL, 148, 136),
(NULL, 149, 126),
(NULL, 150, 74),
(NULL, 151, 150),
(NULL, 152, 49),
(NULL, 153, 7),
(NULL, 154, 36),
(NULL, 155, 14),
(NULL, 156, 107),
(NULL, 157, 48),
(NULL, 158, 31),
(NULL, 159, 111),
(NULL, 160, 30),
(NULL, 161, 156),
(NULL, 162, 85),
(NULL, 163, 136),
(NULL, 164, 132),
(NULL, 165, 62),
(NULL, 166, 1),
(NULL, 167, 78),
(NULL, 168, 43),
(NULL, 169, 31),
(NULL, 170, 84),
(NULL, 171, 51),
(NULL, 172, 124),
(NULL, 173, 48),
(NULL, 174, 151),
(NULL, 175, 50),
(NULL, 176, 128),
(NULL, 177, 94),
(NULL, 178, 117),
(NULL, 179, 143),
(NULL, 180, 145),
(NULL, 181, 79),
(NULL, 182, 80),
(NULL, 183, 36),
(NULL, 184, 89),
(NULL, 185, 84),
(NULL, 186, 17),
(NULL, 187, 100),
(NULL, 188, 72),
(NULL, 189, 61),
(NULL, 190, 156),
(NULL, 191, 55),
(NULL, 192, 64),
(NULL, 193, 38),
(NULL, 194, 22),
(NULL, 195, 137),
(NULL, 196, 6),
(NULL, 197, 92),
(NULL, 198, 108),
(NULL, 199, 58),
(NULL, 200, 129),
(NULL, 201, 30),
(NULL, 202, 122),
(NULL, 203, 91),
(NULL, 204, 70),
(NULL, 205, 95),
(NULL, 206, 169),
(NULL, 207, 148),
(NULL, 208, 136),
(NULL, 209, 8),
(NULL, 210, 15),
(NULL, 211, 21),
(NULL, 212, 125),
(NULL, 213, 145),
(NULL, 214, 69),
(NULL, 215, 64),
(NULL, 216, 82),
(NULL, 217, 132),
(NULL, 218, 110),
(NULL, 219, 144),
(NULL, 220, 50),
(NULL, 221, 48),
(NULL, 222, 138),
(NULL, 223, 57),
(NULL, 224, 133),
(NULL, 225, 142),
(NULL, 226, 57),
(NULL, 227, 137),
(NULL, 228, 46),
(NULL, 229, 77),
(NULL, 230, 117),
(NULL, 231, 144),
(NULL, 232, 129),
(NULL, 233, 142),
(NULL, 234, 64),
(NULL, 235, 43),
(NULL, 236, 161),
(NULL, 237, 164),
(NULL, 238, 31),
(NULL, 239, 46),
(NULL, 240, 112),
(NULL, 241, 27),
(NULL, 242, 77),
(NULL, 243, 143),
(NULL, 244, 61),
(NULL, 245, 66),
(NULL, 246, 117),
(NULL, 247, 51),
(NULL, 248, 119),
(NULL, 249, 109),
(NULL, 250, 115),
(NULL, 251, 118),
(NULL, 252, 74),
(NULL, 253, 123),
(NULL, 254, 139),
(NULL, 255, 138),
(NULL, 256, 146),
(NULL, 257, 3),
(NULL, 258, 62),
(NULL, 259, 29),
(NULL, 260, 159),
(NULL, 261, 132),
(NULL, 262, 89),
(NULL, 263, 4),
(NULL, 264, 165),
(NULL, 265, 78),
(NULL, 266, 43),
(NULL, 267, 157),
(NULL, 268, 105),
(NULL, 269, 109),
(NULL, 270, 137),
(NULL, 271, 9),
(NULL, 272, 124),
(NULL, 273, 24),
(NULL, 274, 116),
(NULL, 275, 21),
(NULL, 276, 18),
(NULL, 277, 154),
(NULL, 278, 37),
(NULL, 279, 72),
(NULL, 280, 87),
(NULL, 281, 64),
(NULL, 282, 103),
(NULL, 283, 169),
(NULL, 284, 144),
(NULL, 285, 19),
(NULL, 286, 22),
(NULL, 287, 16),
(NULL, 288, 110),
(NULL, 289, 129),
(NULL, 290, 5),
(NULL, 291, 37),
(NULL, 292, 25),
(NULL, 293, 55),
(NULL, 294, 143),
(NULL, 295, 163),
(NULL, 296, 93),
(NULL, 297, 71),
(NULL, 298, 135),
(NULL, 299, 40),
(NULL, 300, 128),
(NULL, 301, 4),
(NULL, 302, 6),
(NULL, 303, 110),
(NULL, 304, 156),
(NULL, 305, 108),
(NULL, 306, 7),
(NULL, 307, 88),
(NULL, 308, 100),
(NULL, 309, 111),
(NULL, 310, 141),
(NULL, 311, 84),
(NULL, 312, 137),
(NULL, 313, 23),
(NULL, 314, 129),
(NULL, 315, 51),
(NULL, 316, 132),
(NULL, 317, 73),
(NULL, 318, 93),
(NULL, 319, 38),
(NULL, 320, 30),
(NULL, 321, 107),
(NULL, 322, 18),
(NULL, 323, 42),
(NULL, 324, 162),
(NULL, 325, 124),
(NULL, 326, 92),
(NULL, 327, 62),
(NULL, 328, 93),
(NULL, 329, 84),
(NULL, 330, 45),
(NULL, 331, 88),
(NULL, 332, 9),
(NULL, 333, 95),
(NULL, 334, 65),
(NULL, 335, 133),
(NULL, 336, 113),
(NULL, 337, 123),
(NULL, 338, 111),
(NULL, 339, 152),
(NULL, 340, 155),
(NULL, 341, 108),
(NULL, 342, 114),
(NULL, 343, 100),
(NULL, 344, 24),
(NULL, 345, 96),
(NULL, 346, 47),
(NULL, 347, 85),
(NULL, 348, 76),
(NULL, 349, 47),
(NULL, 350, 23),
(NULL, 351, 133),
(NULL, 352, 135),
(NULL, 353, 22),
(NULL, 354, 136),
(NULL, 355, 76),
(NULL, 356, 97),
(NULL, 357, 62),
(NULL, 358, 78),
(NULL, 359, 64),
(NULL, 360, 148),
(NULL, 361, 88),
(NULL, 362, 85),
(NULL, 363, 22),
(NULL, 364, 153),
(NULL, 365, 156),
(NULL, 366, 123),
(NULL, 367, 111),
(NULL, 368, 54),
(NULL, 369, 53),
(NULL, 370, 52),
(NULL, 371, 62),
(NULL, 372, 137),
(NULL, 373, 63),
(NULL, 374, 13),
(NULL, 375, 35),
(NULL, 376, 138),
(NULL, 377, 3),
(NULL, 378, 85),
(NULL, 379, 77),
(NULL, 380, 112),
(NULL, 381, 51),
(NULL, 382, 20),
(NULL, 383, 13),
(NULL, 384, 76),
(NULL, 385, 114),
(NULL, 386, 87),
(NULL, 387, 19),
(NULL, 388, 24),
(NULL, 389, 147),
(NULL, 390, 70),
(NULL, 391, 13),
(NULL, 392, 87),
(NULL, 393, 13),
(NULL, 394, 29),
(NULL, 395, 96),
(NULL, 396, 113),
(NULL, 397, 142),
(NULL, 398, 72),
(NULL, 399, 63),
(NULL, 400, 115),
(NULL, 401, 144),
(NULL, 402, 12),
(NULL, 403, 164),
(NULL, 404, 37),
(NULL, 405, 154),
(NULL, 406, 87),
(NULL, 407, 100),
(NULL, 408, 98),
(NULL, 409, 4),
(NULL, 410, 135),
(NULL, 411, 86),
(NULL, 412, 48),
(NULL, 413, 159),
(NULL, 414, 98),
(NULL, 415, 66),
(NULL, 416, 135),
(NULL, 417, 20),
(NULL, 418, 28),
(NULL, 419, 23),
(NULL, 420, 10),
(NULL, 421, 42),
(NULL, 422, 158),
(NULL, 423, 155),
(NULL, 424, 99),
(NULL, 425, 13),
(NULL, 426, 7),
(NULL, 427, 76),
(NULL, 428, 117),
(NULL, 429, 26),
(NULL, 430, 15),
(NULL, 431, 84),
(NULL, 432, 65),
(NULL, 433, 32),
(NULL, 434, 40),
(NULL, 435, 136),
(NULL, 436, 62),
(NULL, 437, 100),
(NULL, 438, 117),
(NULL, 439, 100),
(NULL, 440, 3),
(NULL, 441, 136),
(NULL, 442, 79),
(NULL, 443, 13),
(NULL, 444, 104),
(NULL, 445, 83),
(NULL, 446, 46),
(NULL, 447, 127),
(NULL, 448, 157),
(NULL, 449, 76),
(NULL, 450, 87),
(NULL, 451, 133),
(NULL, 452, 6),
(NULL, 453, 115),
(NULL, 454, 104),
(NULL, 455, 24),
(NULL, 456, 6),
(NULL, 457, 14),
(NULL, 458, 154),
(NULL, 459, 45),
(NULL, 460, 24),
(NULL, 461, 25),
(NULL, 462, 102),
(NULL, 463, 74),
(NULL, 464, 21),
(NULL, 465, 154),
(NULL, 466, 50),
(NULL, 467, 9),
(NULL, 468, 129),
(NULL, 469, 55),
(NULL, 470, 144),
(NULL, 471, 168),
(NULL, 472, 148),
(NULL, 473, 113),
(NULL, 474, 15),
(NULL, 475, 162),
(NULL, 476, 82),
(NULL, 477, 20),
(NULL, 478, 139),
(NULL, 479, 44),
(NULL, 480, 60),
(NULL, 481, 65),
(NULL, 482, 137),
(NULL, 483, 109),
(NULL, 484, 159),
(NULL, 485, 60),
(NULL, 486, 159),
(NULL, 487, 48),
(NULL, 488, 136),
(NULL, 489, 57),
(NULL, 490, 2),
(NULL, 491, 116),
(NULL, 492, 71),
(NULL, 493, 113),
(NULL, 494, 45),
(NULL, 495, 169),
(NULL, 496, 87),
(NULL, 497, 119),
(NULL, 498, 103),
(NULL, 499, 21),
(NULL, 500, 37),
(NULL, 501, 105),
(NULL, 502, 95),
(NULL, 503, 148),
(NULL, 504, 15),
(NULL, 505, 1),
(NULL, 506, 129),
(NULL, 507, 165),
(NULL, 508, 84),
(NULL, 509, 16),
(NULL, 510, 30),
(NULL, 511, 121),
(NULL, 512, 60),
(NULL, 513, 144),
(NULL, 514, 159),
(NULL, 515, 0),
(NULL, 516, 139),
(NULL, 517, 20),
(NULL, 518, 0),
(NULL, 519, 0),
(NULL, 520, 65),
(NULL, 521, 23),
(NULL, 522, 0),
(NULL, 523, 0),
(NULL, 524, 49),
(NULL, 525, 0),
(NULL, 526, 0),
(NULL, 527, 0),
(NULL, 528, 164),
(NULL, 529, 83),
(NULL, 530, 0),
(NULL, 531, 0),
(NULL, 532, 0),
(NULL, 533, 0),
(NULL, 534, 0),
(NULL, 535, 0),
(NULL, 536, 0),
(NULL, 537, 0),
(NULL, 538, 0),
(NULL, 539, 0),
(NULL, 540, 0),
(NULL, 541, 83),
(NULL, 542, 0),
(NULL, 543, 0),
(NULL, 544, 0),
(NULL, 545, 0),
(NULL, 546, 0),
(NULL, 547, 0),
(NULL, 548, 164),
(NULL, 549, 0),
(NULL, 550, 0),
(NULL, 551, 0),
(NULL, 552, 0),
(NULL, 553, 0),
(NULL, 554, 0),
(NULL, 555, 0),
(NULL, 556, 0),
(NULL, 557, 0),
(NULL, 558, 0),
(NULL, 559, 0),
(NULL, 560, 0),
(NULL, 561, 0),
(NULL, 562, 0),
(NULL, 563, 0),
(NULL, 564, 0),
(NULL, 565, 0),
(NULL, 566, 0),
(NULL, 567, 0),
(NULL, 568, 0),
(NULL, 569, 0),
(NULL, 570, 0),
(NULL, 571, 0),
(NULL, 572, 0),
(NULL, 573, 0),
(NULL, 574, 0),
(NULL, 575, 0),
(NULL, 576, 0),
(NULL, 577, 0),
(NULL, 578, 0),
(NULL, 579, 0),
(NULL, 580, 0),
(NULL, 581, 0),
(NULL, 582, 0),
(NULL, 583, 0),
(NULL, 584, 0),
(NULL, 585, 0),
(NULL, 586, 0),
(NULL, 587, 0),
(NULL, 588, 0),
(NULL, 589, 0),
(NULL, 590, 0),
(NULL, 591, 0),
(NULL, 592, 0),
(NULL, 593, 0),
(NULL, 594, 0),
(NULL, 595, 0),
(NULL, 596, 0),
(NULL, 597, 0),
(NULL, 598, 0),
(NULL, 599, 0),
(NULL, 600, 0),
(NULL, 601, 0),
(NULL, 602, 0),
(NULL, 603, 0),
(NULL, 604, 0),
(NULL, 605, 0),
(NULL, 606, 0),
(NULL, 607, 0),
(NULL, 608, 0),
(NULL, 609, 0),
(NULL, 610, 0),
(NULL, 611, 0),
(NULL, 612, 0),
(NULL, 613, 39),
(NULL, 614, 0),
(NULL, 615, 0),
(NULL, 616, 0),
(NULL, 617, 0),
(NULL, 618, 25),
(NULL, 619, 0),
(NULL, 620, 0),
(NULL, 621, 0),
(NULL, 622, 0),
(NULL, 623, 0),
(NULL, 624, 0),
(NULL, 625, 0),
(NULL, 626, 0),
(NULL, 627, 0),
(NULL, 628, 0),
(NULL, 629, 0),
(NULL, 630, 0),
(NULL, 631, 0),
(NULL, 632, 0),
(NULL, 633, 0),
(NULL, 634, 0),
(NULL, 635, 0),
(NULL, 636, 0),
(NULL, 637, 0),
(NULL, 638, 165),
(NULL, 639, 0),
(NULL, 640, 127),
(NULL, 641, 0)
ON DUPLICATE KEY UPDATE
  `id` = VALUES(id),
  `breed_id` = VALUES(breed_id);

INSERT INTO `review_product_connection` (`id`, `review_id`, `product_id`) VALUES
(9, 3, 1),
(10, 3, 10),
(11, 3, 13),
(12, 4, 1),
(13, 4, 10),
(14, 4, 13),
(15, 5, 6),
(16, 5, 9),
(17, 5, 21),
(18, 6, 4),
(19, 6, 6),
(20, 6, 10),
(21, 7, 6),
(22, 7, 9),
(23, 8, 6),
(24, 8, 9),
(25, 8, 14),
(26, 8, 21),
(27, 9, 3),
(28, 9, 6),
(29, 9, 9),
(30, 9, 14),
(31, 9, 21),
(32, 11, 6),
(33, 11, 9),
(34, 12, 2),
(35, 12, 10),
(36, 12, 13),
(37, 13, 1),
(38, 13, 10),
(39, 13, 12),
(40, 14, 2),
(41, 14, 10),
(42, 15, 3),
(43, 15, 5),
(44, 15, 6),
(45, 16, 2),
(46, 16, 10),
(47, 17, 2),
(48, 17, 11),
(49, 19, 1),
(50, 19, 10),
(51, 19, 13),
(52, 20, 6),
(53, 20, 9),
(54, 20, 12),
(55, 21, 24),
(56, 21, 28),
(57, 22, 1),
(58, 22, 10),
(59, 23, 6),
(60, 23, 9),
(61, 24, 1),
(62, 24, 6),
(63, 24, 9),
(64, 24, 10),
(65, 24, 12),
(66, 24, 13),
(67, 25, 1),
(68, 25, 10),
(69, 25, 13),
(70, 26, 3),
(71, 26, 9),
(72, 27, 1),
(73, 27, 10),
(74, 27, 16),
(75, 28, 2),
(76, 28, 8),
(77, 28, 10),
(78, 28, 11),
(79, 29, 1),
(80, 29, 10),
(81, 30, 24),
(82, 30, 28),
(83, 31, 2),
(84, 31, 10),
(85, 33, 3),
(86, 33, 6),
(87, 33, 9),
(88, 33, 14),
(89, 33, 20),
(90, 34, 3),
(91, 34, 6),
(92, 34, 9),
(93, 34, 21),
(94, 35, 35),
(95, 35, 37),
(96, 36, 3),
(97, 36, 4),
(98, 37, 1),
(99, 37, 10),
(100, 37, 22),
(101, 38, 6),
(102, 38, 10),
(103, 39, 6),
(104, 39, 9),
(105, 39, 21),
(106, 40, 7),
(107, 40, 10),
(108, 43, 3),
(109, 45, 10),
(110, 46, 1),
(111, 46, 10),
(112, 47, 6),
(113, 47, 9),
(114, 48, 9),
(115, 48, 12),
(116, 48, 19),
(117, 49, 6),
(118, 49, 9),
(119, 50, 1),
(120, 50, 10),
(121, 50, 13),
(122, 51, 7),
(123, 51, 14),
(124, 51, 21),
(125, 52, 2),
(126, 52, 11),
(127, 52, 16),
(128, 53, 1),
(129, 53, 2),
(130, 53, 8),
(131, 55, 2),
(132, 55, 10),
(133, 56, 4),
(134, 56, 6),
(135, 56, 9),
(136, 56, 14),
(137, 56, 21),
(138, 57, 3),
(139, 57, 4),
(140, 57, 5),
(141, 58, 1),
(142, 58, 6),
(143, 58, 9),
(144, 59, 2),
(145, 59, 10),
(146, 59, 12),
(147, 60, 16),
(148, 61, 1),
(149, 61, 11),
(150, 62, 3),
(151, 62, 6),
(152, 62, 9),
(153, 63, 1),
(154, 63, 10),
(155, 63, 16),
(156, 68, 3),
(157, 68, 7),
(158, 70, 6),
(159, 71, 1),
(160, 71, 10),
(161, 71, 12),
(162, 71, 16),
(163, 73, 3),
(164, 73, 6),
(165, 73, 7),
(166, 73, 9),
(167, 74, 6),
(168, 74, 9),
(169, 74, 14),
(170, 74, 21),
(171, 75, 6),
(172, 75, 9),
(173, 78, 6),
(174, 79, 24),
(175, 79, 25),
(176, 79, 26),
(177, 79, 27),
(178, 79, 28),
(179, 79, 29),
(180, 79, 30),
(181, 81, 7),
(182, 82, 35),
(183, 82, 37),
(184, 82, 39),
(185, 84, 4),
(186, 86, 2),
(187, 86, 10),
(188, 87, 8),
(189, 87, 11),
(190, 89, 1),
(191, 89, 10),
(192, 89, 13),
(193, 90, 3),
(194, 90, 6),
(195, 90, 9),
(196, 91, 4),
(197, 91, 6),
(198, 91, 7),
(199, 92, 2),
(200, 92, 10),
(201, 92, 13),
(202, 93, 3),
(203, 93, 6),
(204, 93, 9),
(205, 93, 14),
(206, 93, 21),
(207, 94, 564),
(208, 95, 2),
(209, 95, 7),
(210, 95, 9),
(211, 96, 34),
(212, 96, 36),
(213, 96, 38),
(214, 97, 3),
(215, 97, 10),
(216, 97, 12),
(217, 98, 559),
(218, 98, 560),
(219, 98, 561),
(220, 99, 0),
(221, 99, 0),
(222, 99, 0),
(223, 99, 0),
(224, 99, 0),
(225, 99, 0),
(226, 99, 0),
(227, 99, 0),
(228, 99, 0),
(229, 99, 0),
(230, 99, 0),
(231, 99, 0),
(232, 99, 0),
(233, 99, 0),
(234, 99, 0),
(235, 99, 0),
(236, 99, 0),
(237, 99, 0),
(238, 99, 0),
(239, 99, 0),
(240, 99, 0),
(241, 99, 0),
(242, 99, 0),
(243, 99, 0),
(244, 99, 0),
(245, 99, 0),
(246, 99, 0),
(247, 99, 0),
(248, 99, 0),
(249, 99, 0),
(250, 99, 0),
(251, 99, 0),
(252, 99, 0),
(253, 99, 0),
(254, 99, 0),
(255, 99, 0),
(256, 99, 0),
(257, 99, 0),
(258, 99, 0),
(259, 99, 0),
(260, 99, 0),
(261, 99, 0),
(262, 99, 0),
(263, 99, 0),
(264, 99, 0),
(265, 99, 0),
(266, 99, 0),
(267, 99, 0),
(268, 100, 564),
(269, 100, 563),
(270, 100, 13),
(271, 179, 5),
(272, 179, 6),
(273, 179, 9),
(274, 179, 14),
(275, 179, 19),
(276, 179, 20),
(277, 179, 21),
(278, 490, 1),
(279, 490, 562),
(280, 490, 37),
(281, 490, 39),
(282, 490, 23),
(283, 490, 19),
(284, 490, 20),
(285, 490, 565),
(286, 490, 566),
(287, 528, 6),
(288, 528, 10),
(289, 528, 11),
(290, 528, 22),
(291, 528, 40),
(292, 548, 2),
(293, 548, 9),
(294, 640, 5),
(295, 640, 6),
(296, 640, 9),
(297, 641, 3),
(298, 641, 7),
(299, 641, 24),
(300, 641, 25),
(301, 641, 26),
(302, 641, 9),
(303, 641, 10),
(304, 641, 27),
(305, 641, 28),
(306, 641, 13),
(307, 641, 22),
(308, 641, 23),
(309, 641, 40)
ON DUPLICATE KEY UPDATE
  `id` = VALUES(id),
  `review_id` = VALUES(review_id),
  `product_id` = VALUES(product_id);

INSERT INTO `video` (`videoId`, `russianTitle`, `internationalTitle`, `russianDescription`, `internationalDescription`, `videoLinkTitle`, `youTubeId`, `addDate`, `dateOfChange`) VALUES
(1, 'Линия средств для укладки Isle Of Dogs', '', 'Isle Hold, Isle Thicken, Isle Repair, Isle Lift, Isle Straighten, Isle Strengthen. Эти средства для укладки помогают в подготовке собак к выставке. О каждом из них пойдет речь в этом видео.', '', 'http://www.youtube.com/embed/O6cqjN-01Hk?hl=ru&fs=1', 'O6cqjN-01Hk', '0000-00-00', '2012-11-22 07:13:27'),
(2, 'Isle Of Dogs Серия Натуральная Роскошь и Салонная ', '', '<b>Натуральная Роскошь</b> - это серия основанная на профессиональной косметике для людей. Самый лучший продукт для собак всех времен.<br>\r\n<b>Салонная серия</b> - это профессиональная серия косметики для салонов и курпных питомников собак. Для людей, которые ценят свое время и деньги, но любят полу', '', 'http://www.youtube.com/embed/O70ZPmflSKU?hl=ru&fs=1', 'O70ZPmflSKU', '0000-00-00', '2012-11-22 07:28:55'),
(3, 'Isle Of Dogs Серия Кутюр', '', '<b>Серия Кутюр</b> - это визитная карточка компании Isle Of Dogs. Профессиональная серия для собак любой породы, с любым типом шерсти. Для домашнего и выставочного ухода за разумную стоимость. Все шампуни и кондиционеры концентрированы. Обзор по серии Вы можете посмотреть на видео.', '', 'http://www.youtube.com/embed/wKdI_wF2n0M?hl=ru&fs=1', 'wKdI_wF2n0M', '0000-00-00', '2012-11-22 07:19:58'),
(4, 'Мастер Класс по Хаски От Моники Реар', '', 'Семинар по подготовке шерсти к выставке.', '', 'http://www.youtube.com/embed/U4_Xk1xuwP8?hl=ru&fs=1', 'U4_Xk1xuwP8', '0000-00-00', '2012-11-22 07:30:07'),
(5, 'Моника демонстрирует Everyday серию (Английский)', '', 'Принципы использования серии Every Day при мытье собаки.', '', 'http://www.youtube.com/embed/CvklxFW5Hts?hl=ru&fs=1', 'CvklxFW5Hts', '0000-00-00', '2012-11-22 07:18:56')
ON DUPLICATE KEY UPDATE
  `russianTitle` = VALUES(russianTitle),
  `internationalTitle` = VALUES(internationalTitle),
  `russianDescription` = VALUES(russianDescription),
  `internationalDescription` = VALUES(internationalDescription),
  `videoLinkTitle` = VALUES(videoLinkTitle),
  `youTubeId` = VALUES(youTubeId);


INSERT INTO `volumeList` (`id`, `volumeValue`) VALUES
(1, '90 мл.'),
(2, '100 мл.'),
(3, '200 мл.'),
(4, '250 мл.'),
(5, '1 л.'),
(6, '1 галлон'),
(7, '206 мл'),
(8, '500 мл'),
(9, '150 мл'),
(10, '60 мл')
ON DUPLICATE KEY UPDATE
  `volumeValue` = VALUES(volumeValue);